NC_064034.1	943701	943951	peak113	.	*
NC_064034.1	1045392	1045642	peak129	.	*
NC_064034.1	1063783	1064033	peak135	.	*
NC_064034.1	1065642	1065892	peak137	.	*
NC_064034.1	1067531	1067781	peak141	.	*
NC_064034.1	1251366	1251616	peak175	.	*
NC_064034.1	1252250	1252500	peak177	.	*
NC_064034.1	1666891	1667141	peak360	.	*
NC_064034.1	2014540	2014790	peak469	.	*
NC_064034.1	2052496	2052746	peak488	.	*
NC_064034.1	2072912	2073162	peak500	.	*
NC_064034.1	2093677	2093927	peak509	.	*
NC_064034.1	2387894	2388144	peak651	.	*
NC_064034.1	2398786	2399036	peak661	.	*
NC_064034.1	2403086	2403336	peak665	.	*
NC_064034.1	2404353	2404603	peak667	.	*
NC_064034.1	2480993	2481243	peak703	.	*
NC_064034.1	2521764	2522014	peak719	.	*
NC_064034.1	2522619	2522869	peak720	.	*
NC_064034.1	2529752	2530002	peak726	.	*
NC_064034.1	2530769	2531019	peak728	.	*
NC_064034.1	2539777	2540027	peak730	.	*
NC_064034.1	2696183	2696433	peak790	.	*
NC_064034.1	2718959	2719209	peak802	.	*
NC_064034.1	2719348	2719598	peak803	.	*
NC_064034.1	2719877	2720127	peak804	.	*
NC_064034.1	2993658	2993908	peak891	.	*
NC_064034.1	2994399	2994649	peak892	.	*
NC_064034.1	3163375	3163625	peak939	.	*
NC_064034.1	3169548	3169798	peak951	.	*
NC_064034.1	3170048	3170298	peak952	.	*
NC_064034.1	3174023	3174273	peak960	.	*
NC_064034.1	3177063	3177313	peak968	.	*
NC_064034.1	3194472	3194722	peak977	.	*
NC_064034.1	3501344	3501594	peak1096	.	*
NC_064034.1	3502306	3502556	peak1098	.	*
NC_064034.1	3590496	3590746	peak1122	.	*
NC_064034.1	3591194	3591444	peak1124	.	*
NC_064034.1	3679805	3680055	peak1144	.	*
NC_064034.1	3680640	3680890	peak1145	.	*
NC_064034.1	3884774	3885024	peak1205	.	*
NC_064034.1	3987801	3988051	peak1235	.	*
NC_064034.1	4141999	4142249	peak1302	.	*
NC_064034.1	4153817	4154067	peak1305	.	*
NC_064034.1	4167302	4167552	peak1313	.	*
NC_064034.1	4293092	4293342	peak1365	.	*
NC_064034.1	4294289	4294539	peak1366	.	*
NC_064034.1	4430517	4430767	peak1438	.	*
NC_064034.1	4450513	4450763	peak1457	.	*
NC_064034.1	4580305	4580555	peak1506	.	*
NC_064034.1	4583980	4584230	peak1509	.	*
NC_064034.1	4710101	4710351	peak1557	.	*
NC_064034.1	4713367	4713617	peak1564	.	*
NC_064034.1	5101378	5101628	peak1732	.	*
NC_064034.1	5101694	5101944	peak1733	.	*
NC_064034.1	5129864	5130114	peak1755	.	*
NC_064034.1	5173150	5173400	peak1776	.	*
NC_064034.1	5173542	5173792	peak1777	.	*
NC_064034.1	5273671	5273921	peak1822	.	*
NC_064034.1	5301941	5302191	peak1831	.	*
NC_064034.1	5369116	5369366	peak1839	.	*
NC_064034.1	5385412	5385662	peak1861	.	*
NC_064034.1	5428853	5429103	peak1868	.	*
NC_064034.1	5429185	5429435	peak1869	.	*
NC_064034.1	5450644	5450894	peak1878	.	*
NC_064034.1	5545890	5546140	peak1918	.	*
NC_064034.1	5780804	5781054	peak2013	.	*
NC_064034.1	6545548	6545798	peak2233	.	*
NC_064034.1	6547792	6548042	peak2236	.	*
NC_064034.1	6594044	6594294	peak2253	.	*
NC_064034.1	7062740	7062990	peak2452	.	*
NC_064034.1	7100620	7100870	peak2494	.	*
NC_064034.1	7103775	7104025	peak2498	.	*
NC_064034.1	7105116	7105366	peak2499	.	*
NC_064034.1	7347178	7347428	peak2571	.	*
NC_064034.1	7348291	7348541	peak2572	.	*
NC_064034.1	7348559	7348809	peak2573	.	*
NC_064034.1	7394154	7394404	peak2580	.	*
NC_064034.1	7430859	7431109	peak2594	.	*
NC_064034.1	7557315	7557565	peak2634	.	*
NC_064034.1	7783324	7783574	peak2693	.	*
NC_064034.1	7885936	7886186	peak2738	.	*
NC_064034.1	7989520	7989770	peak2813	.	*
NC_064034.1	8220398	8220648	peak2927	.	*
NC_064034.1	8220767	8221017	peak2928	.	*
NC_064034.1	8623330	8623580	peak3017	.	*
NC_064034.1	8652011	8652261	peak3041	.	*
NC_064034.1	8652379	8652629	peak3042	.	*
NC_064034.1	8762055	8762305	peak3101	.	*
NC_064034.1	8762523	8762773	peak3102	.	*
NC_064034.1	8763801	8764051	peak3104	.	*
NC_064034.1	8770828	8771078	peak3114	.	*
NC_064034.1	8773839	8774089	peak3121	.	*
NC_064034.1	8774091	8774341	peak3122	.	*
NC_064034.1	9210230	9210480	peak3287	.	*
NC_064034.1	9211702	9211952	peak3290	.	*
NC_064034.1	9367009	9367259	peak3368	.	*
NC_064034.1	9369248	9369497	peak3372	.	*
NC_064034.1	9393315	9393565	peak3388	.	*
NC_064034.1	9739602	9739852	peak3532	.	*
NC_064034.1	10068849	10069099	peak3632	.	*
NC_064034.1	10133717	10133967	peak3667	.	*
NC_064034.1	10135228	10135478	peak3669	.	*
NC_064034.1	10158903	10159153	peak3696	.	*
NC_064034.1	10166367	10166617	peak3702	.	*
NC_064034.1	10173720	10173970	peak3709	.	*
NC_064034.1	10175531	10175781	peak3711	.	*
NC_064034.1	10175933	10176183	peak3712	.	*
NC_064034.1	10387152	10387402	peak3828	.	*
NC_064034.1	10467488	10467738	peak3847	.	*
NC_064034.1	10474957	10475207	peak3859	.	*
NC_064034.1	10496550	10496800	peak3874	.	*
NC_064034.1	10498333	10498583	peak3876	.	*
NC_064034.1	10513523	10513773	peak3882	.	*
NC_064034.1	10567588	10567838	peak3907	.	*
NC_064034.1	11248093	11248343	peak4105	.	*
NC_064034.1	11248442	11248692	peak4106	.	*
NC_064034.1	11302954	11303204	peak4131	.	*
NC_064034.1	11352288	11352538	peak4170	.	*
NC_064034.1	11665086	11665336	peak4263	.	*
NC_064034.1	11767093	11767343	peak4299	.	*
NC_064034.1	11768088	11768338	peak4300	.	*
NC_064034.1	12201741	12201991	peak4431	.	*
NC_064034.1	12202651	12202901	peak4432	.	*
NC_064034.1	12272799	12273049	peak4471	.	*
NC_064034.1	12273455	12273705	peak4472	.	*
NC_064034.1	12282017	12282267	peak4474	.	*
NC_064034.1	12282397	12282647	peak4475	.	*
NC_064034.1	12283812	12284062	peak4476	.	*
NC_064034.1	12650288	12650538	peak4640	.	*
NC_064034.1	12713740	12713990	peak4678	.	*
NC_064034.1	12718412	12718662	peak4680	.	*
NC_064034.1	12835428	12835678	peak4718	.	*
NC_064034.1	12882343	12882593	peak4752	.	*
NC_064034.1	13054886	13055136	peak4815	.	*
NC_064034.1	13339750	13340000	peak4930	.	*
NC_064034.1	13438036	13438286	peak4990	.	*
NC_064034.1	13438751	13439001	peak4991	.	*
NC_064034.1	13541736	13541986	peak5042	.	*
NC_064034.1	13745056	13745306	peak5113	.	*
NC_064034.1	15061494	15061744	peak5320	.	*
NC_064034.1	15419704	15419954	peak5403	.	*
NC_064034.1	15704671	15704921	peak5474	.	*
NC_064034.1	15962785	15963035	peak5574	.	*
NC_064034.1	16195720	16195969	peak5658	.	*
NC_064034.1	16195949	16196199	peak5659	.	*
NC_064034.1	16498071	16498321	peak5753	.	*
NC_064034.1	16734908	16735158	peak5826	.	*
NC_064034.1	16738350	16738600	peak5830	.	*
NC_064034.1	16741989	16742239	peak5834	.	*
NC_064034.1	16745772	16746022	peak5837	.	*
NC_064034.1	16858445	16858695	peak5866	.	*
NC_064034.1	16858878	16859128	peak5867	.	*
NC_064034.1	16883344	16883594	peak5884	.	*
NC_064034.1	16884860	16885110	peak5888	.	*
NC_064034.1	16885325	16885575	peak5889	.	*
NC_064034.1	16891039	16891289	peak5896	.	*
NC_064034.1	17148234	17148484	peak5986	.	*
NC_064034.1	17339514	17339764	peak6039	.	*
NC_064034.1	17441879	17442129	peak6069	.	*
NC_064034.1	17453452	17453702	peak6077	.	*
NC_064034.1	17453616	17453865	peak6078	.	*
NC_064034.1	18694979	18695229	peak6530	.	*
NC_064034.1	19155805	19156055	peak6675	.	*
NC_064034.1	19156978	19157228	peak6677	.	*
NC_064034.1	19320895	19321145	peak6732	.	*
NC_064034.1	19322636	19322886	peak6736	.	*
NC_064034.1	19327407	19327657	peak6744	.	*
NC_064034.1	19328111	19328361	peak6746	.	*
NC_064034.1	19394348	19394598	peak6774	.	*
NC_064034.1	19395880	19396130	peak6775	.	*
NC_064034.1	19888295	19888545	peak6943	.	*
NC_064034.1	19888642	19888892	peak6944	.	*
NC_064034.1	19899429	19899679	peak6959	.	*
NC_064034.1	20069618	20069868	peak7042	.	*
NC_064034.1	20313159	20313409	peak7133	.	*
NC_064034.1	20424686	20424936	peak7168	.	*
NC_064034.1	20425246	20425496	peak7169	.	*
NC_064034.1	20655377	20655627	peak7226	.	*
NC_064034.1	20777881	20778131	peak7255	.	*
NC_064034.1	20783130	20783380	peak7258	.	*
NC_064034.1	21033918	21034168	peak7340	.	*
NC_064034.1	21038094	21038344	peak7344	.	*
NC_064034.1	21040449	21040699	peak7348	.	*
NC_064034.1	21041921	21042171	peak7349	.	*
NC_064034.1	21047339	21047589	peak7357	.	*
NC_064034.1	21055607	21055857	peak7363	.	*
NC_064034.1	21108681	21108931	peak7388	.	*
NC_064034.1	21477991	21478241	peak7566	.	*
NC_064034.1	21649536	21649786	peak7628	.	*
NC_064034.1	21650146	21650395	peak7629	.	*
NC_064034.1	21658412	21658662	peak7635	.	*
NC_064035.1	1076019	1076269	peak7869	.	*
NC_064035.1	1113798	1114048	peak7876	.	*
NC_064035.1	1166030	1166280	peak7897	.	*
NC_064035.1	1166361	1166611	peak7898	.	*
NC_064035.1	1284529	1284779	peak7948	.	*
NC_064035.1	1393567	1393817	peak7982	.	*
NC_064035.1	1522065	1522315	peak8031	.	*
NC_064035.1	1736074	1736324	peak8135	.	*
NC_064035.1	2033336	2033586	peak8237	.	*
NC_064035.1	2034639	2034889	peak8240	.	*
NC_064035.1	2122070	2122320	peak8274	.	*
NC_064035.1	2561383	2561633	peak8454	.	*
NC_064035.1	2588744	2588994	peak8462	.	*
NC_064035.1	2603294	2603544	peak8479	.	*
NC_064035.1	2844073	2844323	peak8557	.	*
NC_064035.1	2967902	2968152	peak8588	.	*
NC_064035.1	2968880	2969130	peak8590	.	*
NC_064035.1	3016984	3017234	peak8610	.	*
NC_064035.1	3052318	3052568	peak8621	.	*
NC_064035.1	3539801	3540051	peak8847	.	*
NC_064035.1	3544118	3544368	peak8853	.	*
NC_064035.1	4170550	4170800	peak9088	.	*
NC_064035.1	4399126	4399376	peak9178	.	*
NC_064035.1	4538091	4538341	peak9227	.	*
NC_064035.1	4745676	4745926	peak9290	.	*
NC_064035.1	4746398	4746648	peak9291	.	*
NC_064035.1	4747542	4747792	peak9293	.	*
NC_064035.1	5432993	5433243	peak9627	.	*
NC_064035.1	5560608	5560858	peak9681	.	*
NC_064035.1	5586218	5586468	peak9701	.	*
NC_064035.1	5647617	5647867	peak9730	.	*
NC_064035.1	5649171	5649421	peak9731	.	*
NC_064035.1	5666233	5666483	peak9737	.	*
NC_064035.1	5814276	5814526	peak9806	.	*
NC_064035.1	5959347	5959597	peak9866	.	*
NC_064035.1	6412372	6412622	peak10010	.	*
NC_064035.1	6427530	6427780	peak10017	.	*
NC_064035.1	6441056	6441306	peak10027	.	*
NC_064035.1	6598238	6598488	peak10063	.	*
NC_064035.1	6604494	6604744	peak10065	.	*
NC_064035.1	6614875	6615125	peak10071	.	*
NC_064035.1	6616487	6616737	peak10072	.	*
NC_064035.1	6618135	6618385	peak10075	.	*
NC_064035.1	6631426	6631676	peak10078	.	*
NC_064035.1	6633034	6633284	peak10079	.	*
NC_064035.1	6845603	6845853	peak10160	.	*
NC_064035.1	6852297	6852547	peak10163	.	*
NC_064035.1	6979846	6980096	peak10213	.	*
NC_064035.1	7092034	7092284	peak10256	.	*
NC_064035.1	7512185	7512435	peak10387	.	*
NC_064035.1	8041390	8041640	peak10595	.	*
NC_064035.1	8252922	8253172	peak10673	.	*
NC_064035.1	8253243	8253493	peak10674	.	*
NC_064035.1	8343905	8344155	peak10706	.	*
NC_064035.1	8362167	8362416	peak10709	.	*
NC_064035.1	8362322	8362572	peak10710	.	*
NC_064035.1	8493530	8493780	peak10748	.	*
NC_064035.1	8495433	8495683	peak10751	.	*
NC_064035.1	8498440	8498690	peak10753	.	*
NC_064035.1	8499101	8499351	peak10755	.	*
NC_064035.1	8499520	8499770	peak10756	.	*
NC_064035.1	8591912	8592162	peak10775	.	*
NC_064035.1	8806139	8806389	peak10852	.	*
NC_064035.1	8806754	8807004	peak10853	.	*
NC_064035.1	8811461	8811711	peak10857	.	*
NC_064035.1	8936776	8937026	peak10915	.	*
NC_064035.1	8937866	8938116	peak10917	.	*
NC_064035.1	9424938	9425188	peak11137	.	*
NC_064035.1	9503898	9504148	peak11162	.	*
NC_064035.1	9504571	9504821	peak11164	.	*
NC_064035.1	9506728	9506978	peak11168	.	*
NC_064035.1	9522597	9522847	peak11186	.	*
NC_064035.1	9747294	9747544	peak11260	.	*
NC_064035.1	9752590	9752840	peak11262	.	*
NC_064035.1	10324495	10324745	peak11471	.	*
NC_064035.1	10520954	10521204	peak11538	.	*
NC_064035.1	10540331	10540581	peak11555	.	*
NC_064035.1	10970097	10970347	peak11755	.	*
NC_064035.1	11264372	11264622	peak11855	.	*
NC_064035.1	11264822	11265072	peak11856	.	*
NC_064035.1	11266114	11266364	peak11857	.	*
NC_064035.1	11507142	11507392	peak11915	.	*
NC_064035.1	11533474	11533724	peak11931	.	*
NC_064035.1	11841444	11841694	peak12052	.	*
NC_064035.1	11881040	11881290	peak12066	.	*
NC_064035.1	11883237	11883487	peak12069	.	*
NC_064035.1	12381617	12381867	peak12268	.	*
NC_064035.1	12382433	12382683	peak12269	.	*
NC_064035.1	12540676	12540926	peak12327	.	*
NC_064035.1	12540892	12541141	peak12328	.	*
NC_064035.1	12649434	12649684	peak12365	.	*
NC_064035.1	12649971	12650221	peak12366	.	*
NC_064035.1	12651190	12651440	peak12367	.	*
NC_064035.1	12865396	12865646	peak12444	.	*
NC_064035.1	12915356	12915606	peak12462	.	*
NC_064035.1	12947231	12947481	peak12480	.	*
NC_064035.1	12949467	12949717	peak12481	.	*
NC_064035.1	12949697	12949946	peak12482	.	*
NC_064035.1	13104939	13105188	peak12567	.	*
NC_064035.1	13207144	13207394	peak12617	.	*
NC_064035.1	13212427	13212677	peak12619	.	*
NC_064035.1	13305432	13305682	peak12636	.	*
NC_064035.1	13383168	13383418	peak12657	.	*
NC_064035.1	13384400	13384650	peak12659	.	*
NC_064035.1	13385779	13386029	peak12661	.	*
NC_064035.1	13386553	13386803	peak12663	.	*
NC_064035.1	13617974	13618224	peak12720	.	*
NC_064035.1	13631957	13632207	peak12729	.	*
NC_064035.1	13655072	13655322	peak12738	.	*
NC_064035.1	13941721	13941971	peak12818	.	*
NC_064035.1	14544110	14544360	peak13025	.	*
NC_064035.1	14748029	14748279	peak13103	.	*
NC_064035.1	14750692	14750942	peak13108	.	*
NC_064035.1	14755670	14755920	peak13116	.	*
NC_064035.1	14757665	14757915	peak13120	.	*
NC_064035.1	14815200	14815450	peak13143	.	*
NC_064035.1	14818513	14818763	peak13148	.	*
NC_064035.1	15405398	15405648	peak13326	.	*
NC_064035.1	15405659	15405909	peak13327	.	*
NC_064035.1	15406029	15406279	peak13328	.	*
NC_064035.1	15406711	15406961	peak13329	.	*
NC_064035.1	15410526	15410776	peak13333	.	*
NC_064035.1	15410976	15411226	peak13334	.	*
NC_064035.1	15411551	15411801	peak13335	.	*
NC_064035.1	15413331	15413581	peak13337	.	*
NC_064035.1	15607840	15608090	peak13405	.	*
NC_064035.1	15610173	15610423	peak13410	.	*
NC_064035.1	15766017	15766267	peak13487	.	*
NC_064035.1	15859616	15859866	peak13516	.	*
NC_064035.1	15924095	15924345	peak13531	.	*
NC_064035.1	15925454	15925704	peak13534	.	*
NC_064035.1	16308017	16308267	peak13650	.	*
NC_064035.1	16312713	16312963	peak13655	.	*
NC_064035.1	16316103	16316353	peak13659	.	*
NC_064035.1	16316882	16317132	peak13660	.	*
NC_064035.1	16318156	16318406	peak13663	.	*
NC_064035.1	16323475	16323725	peak13667	.	*
NC_064035.1	16325148	16325398	peak13670	.	*
NC_064035.1	16332556	16332806	peak13682	.	*
NC_064035.1	16345428	16345678	peak13702	.	*
NC_064035.1	16352568	16352818	peak13707	.	*
NC_064035.1	16452809	16453059	peak13775	.	*
NC_064035.1	16452963	16453212	peak13776	.	*
NC_064035.1	16756421	16756671	peak13895	.	*
NC_064035.1	16758003	16758253	peak13896	.	*
NC_064035.1	16758653	16758903	peak13897	.	*
NC_064035.1	16762083	16762333	peak13903	.	*
NC_064035.1	16766625	16766875	peak13911	.	*
NC_064035.1	16778247	16778497	peak13918	.	*
NC_064035.1	17256404	17256654	peak14105	.	*
NC_064035.1	17271673	17271923	peak14112	.	*
NC_064035.1	17575065	17575315	peak14255	.	*
NC_064035.1	17576993	17577243	peak14260	.	*
NC_064035.1	17578008	17578258	peak14261	.	*
NC_064035.1	17692386	17692636	peak14309	.	*
NC_064035.1	18029083	18029333	peak14413	.	*
NC_064035.1	18031917	18032167	peak14420	.	*
NC_064035.1	18052347	18052597	peak14425	.	*
NC_064035.1	18053434	18053684	peak14426	.	*
NC_064035.1	18225912	18226162	peak14483	.	*
NC_064035.1	18228573	18228823	peak14484	.	*
NC_064035.1	18394502	18394752	peak14548	.	*
NC_064035.1	18423707	18423957	peak14583	.	*
NC_064035.1	18454871	18455121	peak14591	.	*
NC_064035.1	18571263	18571513	peak14658	.	*
NC_064035.1	18587485	18587735	peak14666	.	*
NC_064035.1	18787307	18787557	peak14736	.	*
NC_064035.1	18802841	18803091	peak14759	.	*
NC_064035.1	18986849	18987099	peak14821	.	*
NC_064035.1	18987159	18987409	peak14822	.	*
NC_064035.1	19161249	19161499	peak14901	.	*
NC_064035.1	19338151	19338401	peak15025	.	*
NC_064035.1	19598765	19599015	peak15126	.	*
NC_064035.1	19792655	19792905	peak15174	.	*
NC_064035.1	21575429	21575679	peak15673	.	*
NC_064036.1	735515	735765	peak15866	.	*
NC_064036.1	816133	816383	peak15909	.	*
NC_064036.1	816287	816536	peak15910	.	*
NC_064036.1	864230	864480	peak15943	.	*
NC_064036.1	1185232	1185482	peak16036	.	*
NC_064036.1	1273160	1273410	peak16070	.	*
NC_064036.1	1373086	1373336	peak16116	.	*
NC_064036.1	1494660	1494910	peak16186	.	*
NC_064036.1	1640396	1640646	peak16253	.	*
NC_064036.1	1673453	1673703	peak16264	.	*
NC_064036.1	1699256	1699506	peak16296	.	*
NC_064036.1	1798477	1798727	peak16340	.	*
NC_064036.1	1878116	1878366	peak16376	.	*
NC_064036.1	2270877	2271127	peak16510	.	*
NC_064036.1	2274721	2274971	peak16516	.	*
NC_064036.1	2372957	2373207	peak16552	.	*
NC_064036.1	2493378	2493628	peak16610	.	*
NC_064036.1	2735931	2736181	peak16710	.	*
NC_064036.1	2933468	2933718	peak16767	.	*
NC_064036.1	3085150	3085400	peak16834	.	*
NC_064036.1	3939570	3939820	peak17102	.	*
NC_064036.1	4166411	4166661	peak17184	.	*
NC_064036.1	4166915	4167165	peak17185	.	*
NC_064036.1	4299004	4299254	peak17218	.	*
NC_064036.1	4311802	4312052	peak17221	.	*
NC_064036.1	4314697	4314947	peak17222	.	*
NC_064036.1	4539192	4539442	peak17293	.	*
NC_064036.1	4559543	4559793	peak17297	.	*
NC_064036.1	4797830	4798080	peak17377	.	*
NC_064036.1	4974460	4974710	peak17447	.	*
NC_064036.1	4976852	4977102	peak17449	.	*
NC_064036.1	5567601	5567851	peak17654	.	*
NC_064036.1	5576642	5576892	peak17667	.	*
NC_064036.1	5738185	5738435	peak17740	.	*
NC_064036.1	6203867	6204117	peak17954	.	*
NC_064036.1	6279609	6279859	peak18001	.	*
NC_064036.1	6282869	6283119	peak18005	.	*
NC_064036.1	6292431	6292681	peak18007	.	*
NC_064036.1	6293133	6293383	peak18009	.	*
NC_064036.1	6349049	6349299	peak18030	.	*
NC_064036.1	6355097	6355347	peak18036	.	*
NC_064036.1	6401695	6401945	peak18055	.	*
NC_064036.1	6658257	6658507	peak18140	.	*
NC_064036.1	6667306	6667556	peak18144	.	*
NC_064036.1	6744722	6744972	peak18175	.	*
NC_064036.1	6781239	6781489	peak18190	.	*
NC_064036.1	6848885	6849135	peak18223	.	*
NC_064036.1	7122645	7122895	peak18338	.	*
NC_064036.1	7178911	7179161	peak18354	.	*
NC_064036.1	7179306	7179556	peak18355	.	*
NC_064036.1	7183566	7183816	peak18362	.	*
NC_064036.1	7190786	7191036	peak18375	.	*
NC_064036.1	7196715	7196965	peak18384	.	*
NC_064036.1	7198438	7198688	peak18387	.	*
NC_064036.1	7276059	7276309	peak18439	.	*
NC_064036.1	7316942	7317192	peak18472	.	*
NC_064036.1	7344234	7344484	peak18487	.	*
NC_064036.1	7912316	7912566	peak18726	.	*
NC_064036.1	7912892	7913142	peak18727	.	*
NC_064036.1	7953752	7954002	peak18760	.	*
NC_064036.1	8024508	8024758	peak18784	.	*
NC_064036.1	8024984	8025234	peak18785	.	*
NC_064036.1	8033374	8033624	peak18790	.	*
NC_064036.1	8036285	8036535	peak18795	.	*
NC_064036.1	8490291	8490541	peak18968	.	*
NC_064036.1	9054472	9054722	peak19106	.	*
NC_064036.1	9055144	9055394	peak19107	.	*
NC_064036.1	9056846	9057096	peak19109	.	*
NC_064036.1	9057348	9057598	peak19110	.	*
NC_064036.1	9283833	9284083	peak19185	.	*
NC_064036.1	9778201	9778451	peak19402	.	*
NC_064036.1	9823807	9824057	peak19411	.	*
NC_064036.1	9824746	9824996	peak19413	.	*
NC_064036.1	9881405	9881655	peak19436	.	*
NC_064036.1	10392292	10392542	peak19672	.	*
NC_064036.1	10393193	10393443	peak19674	.	*
NC_064036.1	10395794	10396044	peak19676	.	*
NC_064036.1	10397824	10398074	peak19680	.	*
NC_064036.1	10399811	10400061	peak19682	.	*
NC_064036.1	10438842	10439092	peak19694	.	*
NC_064036.1	10439602	10439852	peak19695	.	*
NC_064036.1	10441423	10441673	peak19697	.	*
NC_064036.1	10442005	10442255	peak19698	.	*
NC_064036.1	10442510	10442760	peak19699	.	*
NC_064036.1	10443239	10443489	peak19700	.	*
NC_064036.1	10444599	10444849	peak19702	.	*
NC_064036.1	10445374	10445624	peak19704	.	*
NC_064036.1	10717078	10717328	peak19826	.	*
NC_064036.1	10799471	10799721	peak19843	.	*
NC_064036.1	10942259	10942509	peak19924	.	*
NC_064036.1	11090082	11090332	peak19986	.	*
NC_064036.1	11093319	11093568	peak19989	.	*
NC_064036.1	11334874	11335124	peak20111	.	*
NC_064036.1	11454036	11454286	peak20171	.	*
NC_064036.1	11454783	11455033	peak20172	.	*
NC_064036.1	11612066	11612316	peak20203	.	*
NC_064036.1	11685409	11685659	peak20236	.	*
NC_064036.1	11733299	11733549	peak20250	.	*
NC_064036.1	11734711	11734961	peak20253	.	*
NC_064036.1	11738986	11739236	peak20254	.	*
NC_064036.1	11739862	11740111	peak20256	.	*
NC_064036.1	11892979	11893229	peak20301	.	*
NC_064036.1	11959528	11959778	peak20335	.	*
NC_064036.1	11975708	11975958	peak20346	.	*
NC_064036.1	11976445	11976695	peak20347	.	*
NC_064036.1	11977786	11978036	peak20348	.	*
NC_064036.1	11980142	11980392	peak20350	.	*
NC_064036.1	11980745	11980995	peak20351	.	*
NC_064036.1	11981223	11981473	peak20352	.	*
NC_064036.1	11982771	11983021	peak20354	.	*
NC_064036.1	11990164	11990414	peak20359	.	*
NC_064036.1	12013840	12014090	peak20376	.	*
NC_064036.1	12014744	12014994	peak20377	.	*
NC_064036.1	12144648	12144898	peak20438	.	*
NC_064036.1	12147183	12147433	peak20441	.	*
NC_064036.1	12147566	12147816	peak20442	.	*
NC_064036.1	12147741	12147990	peak20443	.	*
NC_064036.1	12151273	12151523	peak20449	.	*
NC_064036.1	12156261	12156511	peak20456	.	*
NC_064036.1	12160465	12160715	peak20464	.	*
NC_064036.1	12160723	12160973	peak20465	.	*
NC_064036.1	12161609	12161859	peak20467	.	*
NC_064036.1	12270948	12271198	peak20509	.	*
NC_064036.1	12271980	12272230	peak20511	.	*
NC_064036.1	12272635	12272885	peak20512	.	*
NC_064036.1	12273278	12273528	peak20513	.	*
NC_064036.1	12273600	12273850	peak20514	.	*
NC_064036.1	12274213	12274463	peak20516	.	*
NC_064036.1	12275568	12275818	peak20517	.	*
NC_064036.1	12276456	12276706	peak20519	.	*
NC_064036.1	12285225	12285475	peak20520	.	*
NC_064036.1	12285574	12285824	peak20521	.	*
NC_064036.1	12285825	12286075	peak20522	.	*
NC_064036.1	12613454	12613704	peak20620	.	*
NC_064036.1	12635937	12636187	peak20628	.	*
NC_064036.1	12646067	12646317	peak20632	.	*
NC_064036.1	12646420	12646670	peak20633	.	*
NC_064036.1	12647896	12648146	peak20635	.	*
NC_064036.1	12648265	12648515	peak20636	.	*
NC_064036.1	12653392	12653642	peak20638	.	*
NC_064036.1	12654455	12654705	peak20639	.	*
NC_064036.1	12912266	12912516	peak20757	.	*
NC_064036.1	12919432	12919682	peak20763	.	*
NC_064036.1	13089947	13090197	peak20835	.	*
NC_064036.1	13480746	13480996	peak20977	.	*
NC_064036.1	13482753	13483003	peak20979	.	*
NC_064036.1	13551024	13551274	peak21002	.	*
NC_064036.1	13578838	13579088	peak21018	.	*
NC_064036.1	13690608	13690858	peak21072	.	*
NC_064036.1	13724276	13724526	peak21093	.	*
NC_064036.1	13743137	13743387	peak21104	.	*
NC_064036.1	13743499	13743749	peak21105	.	*
NC_064036.1	13765119	13765369	peak21129	.	*
NC_064036.1	13766339	13766589	peak21131	.	*
NC_064036.1	13831859	13832109	peak21163	.	*
NC_064036.1	13978323	13978573	peak21220	.	*
NC_064036.1	14145822	14146072	peak21299	.	*
NC_064036.1	14308160	14308410	peak21357	.	*
NC_064036.1	14551343	14551593	peak21430	.	*
NC_064036.1	14551815	14552065	peak21431	.	*
NC_064036.1	14553271	14553521	peak21432	.	*
NC_064036.1	14555345	14555595	peak21435	.	*
NC_064036.1	14556415	14556665	peak21437	.	*
NC_064036.1	15020733	15020983	peak21605	.	*
NC_064036.1	15087808	15088058	peak21638	.	*
NC_064036.1	15226264	15226514	peak21704	.	*
NC_064036.1	15244404	15244653	peak21722	.	*
NC_064036.1	15245849	15246099	peak21724	.	*
NC_064036.1	15467460	15467709	peak21845	.	*
NC_064036.1	15574274	15574524	peak21883	.	*
NC_064036.1	15599295	15599545	peak21889	.	*
NC_064036.1	15604522	15604772	peak21898	.	*
NC_064036.1	15693203	15693453	peak21928	.	*
NC_064036.1	15693499	15693749	peak21929	.	*
NC_064036.1	15694006	15694256	peak21930	.	*
NC_064036.1	15695350	15695600	peak21931	.	*
NC_064036.1	15696683	15696933	peak21934	.	*
NC_064036.1	15697107	15697357	peak21935	.	*
NC_064036.1	16460215	16460465	peak22132	.	*
NC_064036.1	16545370	16545620	peak22161	.	*
NC_064036.1	17216923	17217173	peak22385	.	*
NC_064036.1	17444154	17444404	peak22444	.	*
NC_064036.1	17809341	17809591	peak22568	.	*
NC_064036.1	17819630	17819880	peak22571	.	*
NC_064036.1	17820786	17821036	peak22573	.	*
NC_064036.1	17825148	17825398	peak22576	.	*
NC_064036.1	17826312	17826562	peak22577	.	*
NC_064036.1	17903834	17904084	peak22604	.	*
NC_064036.1	18239886	18240136	peak22711	.	*
NC_064036.1	18240380	18240630	peak22712	.	*
NC_064036.1	19029083	19029333	peak22890	.	*
NC_064036.1	19069694	19069944	peak22901	.	*
NC_064036.1	19083096	19083346	peak22902	.	*
NC_064036.1	19187020	19187270	peak22936	.	*
NC_064036.1	19208165	19208415	peak22953	.	*
NC_064036.1	19297849	19298099	peak22991	.	*
NC_064036.1	19444298	19444548	peak23047	.	*
NC_064036.1	20214864	20215114	peak23212	.	*
NC_064036.1	20215870	20216120	peak23214	.	*
NC_064036.1	20241422	20241672	peak23223	.	*
NC_064037.1	1142876	1143126	peak23462	.	*
NC_064037.1	1205979	1206229	peak23492	.	*
NC_064037.1	1323734	1323984	peak23563	.	*
NC_064037.1	1323893	1324142	peak23564	.	*
NC_064037.1	1324328	1324578	peak23565	.	*
NC_064037.1	1567249	1567499	peak23648	.	*
NC_064037.1	1579389	1579639	peak23658	.	*
NC_064037.1	1712664	1712914	peak23711	.	*
NC_064037.1	1713290	1713540	peak23712	.	*
NC_064037.1	1885387	1885637	peak23781	.	*
NC_064037.1	1892377	1892627	peak23787	.	*
NC_064037.1	1938547	1938797	peak23804	.	*
NC_064037.1	2179904	2180154	peak23888	.	*
NC_064037.1	2445677	2445927	peak23978	.	*
NC_064037.1	2447404	2447654	peak23980	.	*
NC_064037.1	2665014	2665264	peak24063	.	*
NC_064037.1	2667153	2667403	peak24066	.	*
NC_064037.1	2667575	2667825	peak24067	.	*
NC_064037.1	2668976	2669226	peak24068	.	*
NC_064037.1	2732734	2732984	peak24093	.	*
NC_064037.1	2754134	2754384	peak24107	.	*
NC_064037.1	2823204	2823454	peak24142	.	*
NC_064037.1	3001310	3001560	peak24194	.	*
NC_064037.1	3097201	3097451	peak24247	.	*
NC_064037.1	3104070	3104320	peak24249	.	*
NC_064037.1	3185847	3186096	peak24274	.	*
NC_064037.1	3186031	3186281	peak24275	.	*
NC_064037.1	3382821	3383071	peak24360	.	*
NC_064037.1	3484217	3484467	peak24392	.	*
NC_064037.1	3747292	3747542	peak24480	.	*
NC_064037.1	3819197	3819447	peak24500	.	*
NC_064037.1	3821954	3822204	peak24503	.	*
NC_064037.1	4044422	4044672	peak24565	.	*
NC_064037.1	4047585	4047835	peak24569	.	*
NC_064037.1	4253546	4253796	peak24643	.	*
NC_064037.1	4269114	4269364	peak24647	.	*
NC_064037.1	4269389	4269639	peak24648	.	*
NC_064037.1	4342769	4343019	peak24701	.	*
NC_064037.1	4350259	4350509	peak24708	.	*
NC_064037.1	4430516	4430766	peak24731	.	*
NC_064037.1	4686354	4686604	peak24795	.	*
NC_064037.1	4695371	4695621	peak24807	.	*
NC_064037.1	4805745	4805995	peak24875	.	*
NC_064037.1	4813531	4813781	peak24877	.	*
NC_064037.1	4813823	4814073	peak24878	.	*
NC_064037.1	4926967	4927217	peak24923	.	*
NC_064037.1	5026829	5027079	peak24971	.	*
NC_064037.1	5043598	5043848	peak24977	.	*
NC_064037.1	5055529	5055779	peak24985	.	*
NC_064037.1	5071754	5072004	peak24998	.	*
NC_064037.1	5072012	5072262	peak24999	.	*
NC_064037.1	5109204	5109454	peak25026	.	*
NC_064037.1	5177551	5177801	peak25048	.	*
NC_064037.1	5722798	5723048	peak25238	.	*
NC_064037.1	5853057	5853307	peak25281	.	*
NC_064037.1	5880264	5880514	peak25306	.	*
NC_064037.1	5909013	5909263	peak25324	.	*
NC_064037.1	5986830	5987080	peak25359	.	*
NC_064037.1	6020862	6021112	peak25370	.	*
NC_064037.1	6021507	6021757	peak25371	.	*
NC_064037.1	6023486	6023736	peak25374	.	*
NC_064037.1	6023777	6024027	peak25375	.	*
NC_064037.1	6025202	6025452	peak25378	.	*
NC_064037.1	6176141	6176391	peak25408	.	*
NC_064037.1	6178029	6178279	peak25410	.	*
NC_064037.1	6231505	6231755	peak25442	.	*
NC_064037.1	6288368	6288618	peak25478	.	*
NC_064037.1	6289050	6289299	peak25480	.	*
NC_064037.1	6289238	6289488	peak25481	.	*
NC_064037.1	6535315	6535565	peak25579	.	*
NC_064037.1	6707395	6707645	peak25644	.	*
NC_064037.1	6707823	6708073	peak25645	.	*
NC_064037.1	6716055	6716305	peak25646	.	*
NC_064037.1	6747992	6748242	peak25661	.	*
NC_064037.1	6809341	6809591	peak25685	.	*
NC_064037.1	7040238	7040488	peak25761	.	*
NC_064037.1	7040757	7041007	peak25762	.	*
NC_064037.1	7041595	7041845	peak25763	.	*
NC_064037.1	7268093	7268343	peak25854	.	*
NC_064037.1	7421615	7421865	peak25920	.	*
NC_064037.1	7700851	7701101	peak26054	.	*
NC_064037.1	7974848	7975098	peak26116	.	*
NC_064037.1	8073210	8073460	peak26154	.	*
NC_064037.1	8074350	8074600	peak26157	.	*
NC_064037.1	8211294	8211544	peak26215	.	*
NC_064037.1	8211577	8211827	peak26216	.	*
NC_064037.1	8216253	8216503	peak26220	.	*
NC_064037.1	8645692	8645942	peak26355	.	*
NC_064037.1	8646171	8646421	peak26356	.	*
NC_064037.1	8646429	8646679	peak26357	.	*
NC_064037.1	8646868	8647118	peak26358	.	*
NC_064037.1	8664392	8664642	peak26367	.	*
NC_064037.1	8665331	8665581	peak26368	.	*
NC_064037.1	8683712	8683962	peak26381	.	*
NC_064037.1	8684614	8684864	peak26383	.	*
NC_064037.1	8744082	8744332	peak26394	.	*
NC_064037.1	9268972	9269222	peak26552	.	*
NC_064037.1	9269332	9269582	peak26553	.	*
NC_064037.1	9269824	9270074	peak26554	.	*
NC_064037.1	9270427	9270677	peak26556	.	*
NC_064037.1	9277138	9277387	peak26557	.	*
NC_064037.1	9404502	9404752	peak26607	.	*
NC_064037.1	9407152	9407402	peak26609	.	*
NC_064037.1	9407307	9407556	peak26610	.	*
NC_064037.1	9439298	9439548	peak26647	.	*
NC_064037.1	10137270	10137520	peak26897	.	*
NC_064037.1	10985916	10986166	peak27213	.	*
NC_064037.1	10988084	10988334	peak27215	.	*
NC_064037.1	11133324	11133574	peak27267	.	*
NC_064037.1	11412455	11412705	peak27356	.	*
NC_064037.1	11476601	11476851	peak27385	.	*
NC_064037.1	11683255	11683505	peak27430	.	*
NC_064037.1	11689221	11689471	peak27435	.	*
NC_064037.1	11689621	11689871	peak27436	.	*
NC_064037.1	11816994	11817244	peak27495	.	*
NC_064037.1	11878714	11878964	peak27512	.	*
NC_064037.1	12002149	12002399	peak27548	.	*
NC_064037.1	12258380	12258630	peak27646	.	*
NC_064037.1	12353411	12353661	peak27692	.	*
NC_064037.1	12759094	12759344	peak27800	.	*
NC_064037.1	12923977	12924227	peak27852	.	*
NC_064037.1	12982493	12982743	peak27867	.	*
NC_064037.1	13458864	13459114	peak28029	.	*
NC_064037.1	14006435	14006685	peak28184	.	*
NC_064037.1	14037649	14037899	peak28198	.	*
NC_064037.1	14195263	14195513	peak28275	.	*
NC_064037.1	14639700	14639950	peak28372	.	*
NC_064037.1	14761948	14762198	peak28397	.	*
NC_064037.1	14762898	14763148	peak28398	.	*
NC_064037.1	14801993	14802243	peak28419	.	*
NC_064037.1	14804027	14804277	peak28423	.	*
NC_064037.1	15011272	15011522	peak28504	.	*
NC_064037.1	15832349	15832599	peak28809	.	*
NC_064037.1	15833328	15833578	peak28810	.	*
NC_064037.1	15879979	15880229	peak28824	.	*
NC_064037.1	15881073	15881323	peak28827	.	*
NC_064037.1	15883375	15883625	peak28831	.	*
NC_064037.1	15894316	15894566	peak28849	.	*
NC_064037.1	15894652	15894902	peak28850	.	*
NC_064037.1	15895769	15896019	peak28852	.	*
NC_064037.1	16041085	16041335	peak28927	.	*
NC_064037.1	16063797	16064047	peak28938	.	*
NC_064037.1	16856244	16856494	peak29163	.	*
NC_064037.1	16857203	16857453	peak29165	.	*
NC_064037.1	16991537	16991787	peak29185	.	*
NC_064037.1	16993567	16993817	peak29189	.	*
NC_064037.1	17402931	17403181	peak29325	.	*
NC_064037.1	17404991	17405241	peak29327	.	*
NC_064037.1	17405599	17405849	peak29328	.	*
NC_064037.1	17411745	17411995	peak29331	.	*
NC_064037.1	17412739	17412989	peak29334	.	*
NC_064037.1	17417076	17417326	peak29338	.	*
NC_064037.1	17418896	17419146	peak29340	.	*
NC_064037.1	17421354	17421604	peak29344	.	*
NC_064037.1	17810060	17810310	peak29511	.	*
NC_064037.1	17810481	17810731	peak29512	.	*
NC_064037.1	17812003	17812253	peak29513	.	*
NC_064037.1	18361972	18362222	peak29671	.	*
NC_064037.1	18408572	18408822	peak29692	.	*
NC_064038.1	1049970	1050220	peak29888	.	*
NC_064038.1	1051824	1052074	peak29893	.	*
NC_064038.1	1052109	1052359	peak29894	.	*
NC_064038.1	1052581	1052831	peak29895	.	*
NC_064038.1	1052965	1053215	peak29896	.	*
NC_064038.1	1053240	1053490	peak29897	.	*
NC_064038.1	1055494	1055744	peak29901	.	*
NC_064038.1	2992147	2992397	peak30192	.	*
NC_064038.1	3481603	3481853	peak30325	.	*
NC_064038.1	3505663	3505913	peak30334	.	*
NC_064038.1	3506608	3506858	peak30335	.	*
NC_064038.1	3538895	3539145	peak30344	.	*
NC_064038.1	3540635	3540885	peak30345	.	*
NC_064038.1	3556840	3557090	peak30349	.	*
NC_064038.1	3657050	3657300	peak30373	.	*
NC_064038.1	3658048	3658298	peak30375	.	*
NC_064038.1	3660076	3660326	peak30378	.	*
NC_064038.1	3687099	3687349	peak30399	.	*
NC_064038.1	4245317	4245567	peak30615	.	*
NC_064038.1	4245508	4245757	peak30616	.	*
NC_064038.1	4252638	4252888	peak30627	.	*
NC_064038.1	4253961	4254211	peak30630	.	*
NC_064038.1	4255182	4255432	peak30632	.	*
NC_064038.1	4256572	4256822	peak30634	.	*
NC_064038.1	4295458	4295708	peak30643	.	*
NC_064038.1	4297839	4298089	peak30645	.	*
NC_064038.1	4332571	4332821	peak30657	.	*
NC_064038.1	4465888	4466138	peak30697	.	*
NC_064038.1	4754570	4754820	peak30820	.	*
NC_064038.1	4754760	4755009	peak30821	.	*
NC_064038.1	4758135	4758385	peak30828	.	*
NC_064038.1	4761476	4761726	peak30831	.	*
NC_064038.1	4958393	4958643	peak30912	.	*
NC_064038.1	5592538	5592788	peak31069	.	*
NC_064038.1	5593345	5593595	peak31070	.	*
NC_064038.1	5640188	5640438	peak31090	.	*
NC_064038.1	5983305	5983555	peak31270	.	*
NC_064038.1	5983841	5984091	peak31271	.	*
NC_064038.1	5984321	5984571	peak31272	.	*
NC_064038.1	5984658	5984908	peak31273	.	*
NC_064038.1	6067555	6067805	peak31330	.	*
NC_064038.1	6070082	6070332	peak31332	.	*
NC_064038.1	6296551	6296801	peak31425	.	*
NC_064038.1	6296894	6297144	peak31426	.	*
NC_064038.1	6299944	6300194	peak31431	.	*
NC_064038.1	6351010	6351260	peak31439	.	*
NC_064038.1	6394433	6394683	peak31446	.	*
NC_064038.1	6610688	6610938	peak31535	.	*
NC_064038.1	7061291	7061541	peak31634	.	*
NC_064038.1	7061743	7061993	peak31635	.	*
NC_064038.1	7062228	7062478	peak31636	.	*
NC_064038.1	7069631	7069881	peak31648	.	*
NC_064038.1	7070914	7071164	peak31651	.	*
NC_064038.1	7072264	7072514	peak31655	.	*
NC_064038.1	7077937	7078187	peak31666	.	*
NC_064038.1	7109954	7110204	peak31675	.	*
NC_064038.1	7110968	7111218	peak31677	.	*
NC_064038.1	7927894	7928144	peak31885	.	*
NC_064038.1	8072307	8072557	peak31934	.	*
NC_064038.1	8190316	8190566	peak31991	.	*
NC_064038.1	8580058	8580308	peak32102	.	*
NC_064038.1	8657710	8657960	peak32113	.	*
NC_064038.1	9018380	9018630	peak32224	.	*
NC_064038.1	9089322	9089572	peak32253	.	*
NC_064038.1	9091017	9091267	peak32256	.	*
NC_064038.1	9133203	9133453	peak32279	.	*
NC_064038.1	9725537	9725787	peak32522	.	*
NC_064038.1	9768941	9769191	peak32544	.	*
NC_064038.1	9911637	9911887	peak32597	.	*
NC_064038.1	9918804	9919054	peak32608	.	*
NC_064038.1	10004122	10004372	peak32643	.	*
NC_064038.1	10014092	10014342	peak32646	.	*
NC_064038.1	10739048	10739298	peak32927	.	*
NC_064038.1	10859086	10859336	peak32959	.	*
NC_064038.1	11287624	11287874	peak33100	.	*
NC_064038.1	11291221	11291471	peak33103	.	*
NC_064038.1	11304657	11304907	peak33113	.	*
NC_064038.1	11355094	11355344	peak33136	.	*
NC_064038.1	11407506	11407756	peak33170	.	*
NC_064038.1	11408852	11409102	peak33171	.	*
NC_064038.1	11480267	11480517	peak33195	.	*
NC_064038.1	11601795	11602045	peak33239	.	*
NC_064038.1	11604122	11604372	peak33244	.	*
NC_064038.1	11608068	11608318	peak33249	.	*
NC_064038.1	11608399	11608649	peak33250	.	*
NC_064038.1	11884706	11884956	peak33319	.	*
NC_064038.1	12304269	12304519	peak33385	.	*
NC_064038.1	12414446	12414696	peak33409	.	*
NC_064038.1	12416391	12416641	peak33414	.	*
NC_064038.1	12421185	12421435	peak33425	.	*
NC_064038.1	12600926	12601176	peak33540	.	*
NC_064038.1	12672748	12672998	peak33551	.	*
NC_064038.1	12855829	12856079	peak33622	.	*
NC_064038.1	12856963	12857213	peak33623	.	*
NC_064038.1	12863677	12863927	peak33626	.	*
NC_064038.1	12865079	12865329	peak33627	.	*
NC_064038.1	12865837	12866087	peak33628	.	*
NC_064038.1	13366142	13366392	peak33757	.	*
NC_064038.1	13505570	13505820	peak33807	.	*
NC_064038.1	13506226	13506476	peak33808	.	*
NC_064038.1	13559199	13559449	peak33829	.	*
NC_064038.1	13560906	13561156	peak33832	.	*
NC_064038.1	13598196	13598446	peak33865	.	*
NC_064038.1	13960592	13960842	peak33991	.	*
NC_064038.1	13962508	13962758	peak33993	.	*
NC_064038.1	14040051	14040301	peak34035	.	*
NC_064038.1	14101029	14101279	peak34058	.	*
NC_064038.1	14165572	14165822	peak34075	.	*
NC_064038.1	14326857	14327107	peak34107	.	*
NC_064038.1	16049253	16049503	peak34481	.	*
NC_064038.1	16049642	16049892	peak34482	.	*
NC_064038.1	16698798	16699048	peak34587	.	*
NC_064038.1	16699427	16699677	peak34588	.	*
NC_064038.1	16816111	16816361	peak34598	.	*
NC_064038.1	16816722	16816972	peak34599	.	*
NC_064038.1	16825619	16825869	peak34601	.	*
NC_064038.1	16826589	16826839	peak34603	.	*
NC_064038.1	17225571	17225821	peak34678	.	*
NC_064038.1	17929096	17929346	peak34880	.	*
NC_064038.1	17929395	17929645	peak34881	.	*
NC_064039.1	86263	86513	peak35002	.	*
NC_064039.1	91822	92072	peak35006	.	*
NC_064039.1	208383	208633	peak35062	.	*
NC_064039.1	226231	226481	peak35071	.	*
NC_064039.1	347060	347310	peak35123	.	*
NC_064039.1	542463	542713	peak35189	.	*
NC_064039.1	543083	543333	peak35190	.	*
NC_064039.1	545671	545921	peak35193	.	*
NC_064039.1	546128	546378	peak35194	.	*
NC_064039.1	546486	546736	peak35195	.	*
NC_064039.1	547097	547347	peak35196	.	*
NC_064039.1	551157	551407	peak35200	.	*
NC_064039.1	551466	551716	peak35201	.	*
NC_064039.1	552563	552813	peak35204	.	*
NC_064039.1	553812	554062	peak35207	.	*
NC_064039.1	690206	690456	peak35254	.	*
NC_064039.1	861911	862161	peak35318	.	*
NC_064039.1	1012398	1012648	peak35385	.	*
NC_064039.1	1061320	1061570	peak35415	.	*
NC_064039.1	1095953	1096203	peak35429	.	*
NC_064039.1	1096483	1096733	peak35430	.	*
NC_064039.1	1101269	1101519	peak35438	.	*
NC_064039.1	1105992	1106242	peak35439	.	*
NC_064039.1	1157855	1158105	peak35449	.	*
NC_064039.1	2277749	2277999	peak35773	.	*
NC_064039.1	2552548	2552798	peak35900	.	*
NC_064039.1	2555381	2555631	peak35902	.	*
NC_064039.1	2555776	2556026	peak35903	.	*
NC_064039.1	2556477	2556727	peak35904	.	*
NC_064039.1	2560497	2560747	peak35909	.	*
NC_064039.1	2668154	2668404	peak35956	.	*
NC_064039.1	2676144	2676394	peak35962	.	*
NC_064039.1	2677646	2677896	peak35964	.	*
NC_064039.1	2822468	2822718	peak36033	.	*
NC_064039.1	2864931	2865181	peak36044	.	*
NC_064039.1	3042381	3042631	peak36108	.	*
NC_064039.1	3091838	3092088	peak36145	.	*
NC_064039.1	3092830	3093080	peak36146	.	*
NC_064039.1	3131671	3131921	peak36169	.	*
NC_064039.1	3149981	3150231	peak36182	.	*
NC_064039.1	3150347	3150597	peak36183	.	*
NC_064039.1	3150800	3151050	peak36184	.	*
NC_064039.1	3155909	3156159	peak36189	.	*
NC_064039.1	3523009	3523259	peak36303	.	*
NC_064039.1	3586875	3587125	peak36327	.	*
NC_064039.1	3628033	3628283	peak36364	.	*
NC_064039.1	3629331	3629581	peak36366	.	*
NC_064039.1	3698231	3698481	peak36387	.	*
NC_064039.1	3699553	3699803	peak36392	.	*
NC_064039.1	3710741	3710991	peak36404	.	*
NC_064039.1	3717281	3717531	peak36413	.	*
NC_064039.1	3717657	3717907	peak36414	.	*
NC_064039.1	3717925	3718175	peak36415	.	*
NC_064039.1	3718343	3718593	peak36416	.	*
NC_064039.1	3731999	3732249	peak36426	.	*
NC_064039.1	3737657	3737907	peak36432	.	*
NC_064039.1	3739592	3739842	peak36435	.	*
NC_064039.1	3741185	3741435	peak36438	.	*
NC_064039.1	3741631	3741881	peak36439	.	*
NC_064039.1	3742199	3742448	peak36441	.	*
NC_064039.1	3742395	3742645	peak36442	.	*
NC_064039.1	3742691	3742941	peak36443	.	*
NC_064039.1	3743345	3743595	peak36445	.	*
NC_064039.1	3743669	3743919	peak36446	.	*
NC_064039.1	3744386	3744636	peak36447	.	*
NC_064039.1	3745096	3745346	peak36448	.	*
NC_064039.1	3745907	3746157	peak36449	.	*
NC_064039.1	3770306	3770556	peak36468	.	*
NC_064039.1	3771779	3772029	peak36472	.	*
NC_064039.1	3802123	3802373	peak36484	.	*
NC_064039.1	3803689	3803939	peak36487	.	*
NC_064039.1	3836849	3837099	peak36511	.	*
NC_064039.1	3839566	3839816	peak36515	.	*
NC_064039.1	3839921	3840171	peak36516	.	*
NC_064039.1	3840333	3840583	peak36517	.	*
NC_064039.1	3841032	3841282	peak36518	.	*
NC_064039.1	3841601	3841851	peak36520	.	*
NC_064039.1	3844244	3844494	peak36524	.	*
NC_064039.1	3846664	3846914	peak36527	.	*
NC_064039.1	3859831	3860081	peak36537	.	*
NC_064039.1	4121484	4121734	peak36621	.	*
NC_064039.1	4178118	4178368	peak36652	.	*
NC_064039.1	4269844	4270094	peak36677	.	*
NC_064039.1	4280133	4280383	peak36684	.	*
NC_064039.1	4294149	4294399	peak36693	.	*
NC_064039.1	4362706	4362956	peak36731	.	*
NC_064039.1	4488743	4488993	peak36778	.	*
NC_064039.1	4490254	4490504	peak36780	.	*
NC_064039.1	4496366	4496616	peak36785	.	*
NC_064039.1	4499028	4499278	peak36789	.	*
NC_064039.1	4499398	4499648	peak36790	.	*
NC_064039.1	4719881	4720131	peak36859	.	*
NC_064039.1	4720970	4721220	peak36861	.	*
NC_064039.1	4724733	4724983	peak36868	.	*
NC_064039.1	4725059	4725309	peak36869	.	*
NC_064039.1	4892343	4892593	peak36941	.	*
NC_064039.1	5013452	5013702	peak37004	.	*
NC_064039.1	5147616	5147866	peak37045	.	*
NC_064039.1	5157280	5157530	peak37052	.	*
NC_064039.1	5183554	5183804	peak37083	.	*
NC_064039.1	5484623	5484873	peak37188	.	*
NC_064039.1	5644134	5644384	peak37231	.	*
NC_064039.1	5990145	5990395	peak37391	.	*
NC_064039.1	6153830	6154080	peak37439	.	*
NC_064039.1	6154121	6154371	peak37440	.	*
NC_064039.1	6436769	6437019	peak37552	.	*
NC_064039.1	6697308	6697558	peak37735	.	*
NC_064039.1	6697914	6698164	peak37736	.	*
NC_064039.1	6705716	6705966	peak37748	.	*
NC_064039.1	6738762	6739012	peak37764	.	*
NC_064039.1	6869126	6869376	peak37815	.	*
NC_064039.1	6907816	6908066	peak37837	.	*
NC_064039.1	6979594	6979844	peak37868	.	*
NC_064039.1	6991881	6992131	peak37878	.	*
NC_064039.1	7045311	7045561	peak37909	.	*
NC_064039.1	7117123	7117373	peak37946	.	*
NC_064039.1	7203977	7204227	peak37994	.	*
NC_064039.1	7263566	7263816	peak38031	.	*
NC_064039.1	7299189	7299439	peak38053	.	*
NC_064039.1	7320470	7320720	peak38063	.	*
NC_064039.1	7320886	7321136	peak38064	.	*
NC_064039.1	7321074	7321323	peak38065	.	*
NC_064039.1	7331129	7331379	peak38071	.	*
NC_064039.1	7331394	7331644	peak38072	.	*
NC_064039.1	7332493	7332743	peak38074	.	*
NC_064039.1	7332771	7333021	peak38075	.	*
NC_064039.1	7355516	7355766	peak38088	.	*
NC_064039.1	7356923	7357173	peak38089	.	*
NC_064039.1	7385821	7386071	peak38096	.	*
NC_064039.1	7390272	7390522	peak38099	.	*
NC_064039.1	7397250	7397500	peak38104	.	*
NC_064039.1	7563906	7564156	peak38163	.	*
NC_064039.1	7565078	7565328	peak38165	.	*
NC_064039.1	7692217	7692467	peak38212	.	*
NC_064039.1	7692588	7692838	peak38213	.	*
NC_064039.1	7694250	7694500	peak38215	.	*
NC_064039.1	7830513	7830763	peak38280	.	*
NC_064039.1	8114144	8114394	peak38355	.	*
NC_064039.1	8138408	8138658	peak38367	.	*
NC_064039.1	8167990	8168240	peak38385	.	*
NC_064039.1	8169171	8169421	peak38387	.	*
NC_064039.1	8169522	8169772	peak38388	.	*
NC_064039.1	8761737	8761987	peak38586	.	*
NC_064039.1	8765902	8766152	peak38594	.	*
NC_064039.1	8769014	8769264	peak38597	.	*
NC_064039.1	8769288	8769538	peak38598	.	*
NC_064039.1	8773382	8773632	peak38602	.	*
NC_064039.1	8886121	8886371	peak38631	.	*
NC_064039.1	8888117	8888367	peak38632	.	*
NC_064039.1	8888411	8888661	peak38633	.	*
NC_064039.1	8890229	8890479	peak38635	.	*
NC_064039.1	8969094	8969344	peak38679	.	*
NC_064039.1	8970792	8971042	peak38681	.	*
NC_064039.1	9368810	9369060	peak38846	.	*
NC_064039.1	9370965	9371215	peak38849	.	*
NC_064039.1	9383112	9383362	peak38853	.	*
NC_064039.1	9383787	9384037	peak38854	.	*
NC_064039.1	9384052	9384302	peak38855	.	*
NC_064039.1	9599657	9599907	peak38947	.	*
NC_064039.1	9600707	9600957	peak38948	.	*
NC_064039.1	9641654	9641904	peak38989	.	*
NC_064039.1	9732746	9732996	peak39021	.	*
NC_064039.1	10028994	10029244	peak39163	.	*
NC_064039.1	10029158	10029407	peak39164	.	*
NC_064039.1	10029532	10029782	peak39165	.	*
NC_064039.1	10071644	10071894	peak39201	.	*
NC_064039.1	10087567	10087817	peak39212	.	*
NC_064039.1	10091772	10092022	peak39219	.	*
NC_064039.1	10110999	10111249	peak39229	.	*
NC_064039.1	10128516	10128766	peak39240	.	*
NC_064039.1	10139759	10140009	peak39246	.	*
NC_064039.1	10194497	10194747	peak39279	.	*
NC_064039.1	10197146	10197396	peak39283	.	*
NC_064039.1	10197510	10197760	peak39284	.	*
NC_064039.1	10198099	10198349	peak39285	.	*
NC_064039.1	10199813	10200063	peak39287	.	*
NC_064039.1	11162872	11163122	peak39690	.	*
NC_064039.1	11348799	11349049	peak39773	.	*
NC_064039.1	11349737	11349987	peak39774	.	*
NC_064039.1	11716207	11716457	peak39868	.	*
NC_064039.1	11723855	11724105	peak39876	.	*
NC_064039.1	11980482	11980732	peak40084	.	*
NC_064039.1	11991750	11992000	peak40093	.	*
NC_064039.1	11994033	11994283	peak40095	.	*
NC_064039.1	12004039	12004289	peak40100	.	*
NC_064039.1	12004317	12004567	peak40101	.	*
NC_064039.1	12005630	12005880	peak40102	.	*
NC_064039.1	12007480	12007730	peak40105	.	*
NC_064039.1	12179895	12180145	peak40179	.	*
NC_064039.1	12180523	12180773	peak40180	.	*
NC_064039.1	12181095	12181345	peak40181	.	*
NC_064039.1	12181254	12181503	peak40182	.	*
NC_064039.1	12183021	12183271	peak40185	.	*
NC_064039.1	12183627	12183877	peak40186	.	*
NC_064039.1	12191993	12192243	peak40192	.	*
NC_064039.1	12195214	12195464	peak40201	.	*
NC_064039.1	12196967	12197217	peak40204	.	*
NC_064039.1	12362360	12362610	peak40248	.	*
NC_064039.1	12363521	12363771	peak40251	.	*
NC_064039.1	12376671	12376921	peak40254	.	*
NC_064039.1	12377240	12377490	peak40255	.	*
NC_064039.1	12377787	12378037	peak40256	.	*
NC_064039.1	12576683	12576933	peak40316	.	*
NC_064039.1	12606288	12606538	peak40346	.	*
NC_064039.1	12606898	12607148	peak40347	.	*
NC_064039.1	12609524	12609774	peak40351	.	*
NC_064039.1	12730611	12730861	peak40422	.	*
NC_064039.1	12744387	12744637	peak40437	.	*
NC_064039.1	12925707	12925957	peak40499	.	*
NC_064039.1	12926026	12926276	peak40500	.	*
NC_064039.1	12926630	12926880	peak40501	.	*
NC_064039.1	12930809	12931059	peak40507	.	*
NC_064039.1	13132888	13133138	peak40589	.	*
NC_064039.1	13552583	13552833	peak40713	.	*
NC_064039.1	13906198	13906448	peak40819	.	*
NC_064039.1	13907017	13907267	peak40822	.	*
NC_064039.1	14004737	14004987	peak40851	.	*
NC_064039.1	14565838	14566088	peak41072	.	*
NC_064039.1	14683721	14683971	peak41115	.	*
NC_064039.1	14718385	14718635	peak41124	.	*
NC_064039.1	14732154	14732404	peak41126	.	*
NC_064039.1	15077734	15077984	peak41235	.	*
NC_064039.1	15078727	15078977	peak41236	.	*
NC_064039.1	15079132	15079382	peak41237	.	*
NC_064039.1	15447486	15447736	peak41390	.	*
NC_064039.1	15447808	15448058	peak41391	.	*
NC_064039.1	15458049	15458299	peak41396	.	*
NC_064039.1	15960487	15960737	peak41556	.	*
NC_064040.1	1294898	1295148	peak41992	.	*
NC_064040.1	1295414	1295664	peak41993	.	*
NC_064040.1	1298954	1299204	peak41997	.	*
NC_064040.1	1547993	1548243	peak42088	.	*
NC_064040.1	1656299	1656549	peak42122	.	*
NC_064040.1	1656458	1656707	peak42123	.	*
NC_064040.1	1669051	1669301	peak42126	.	*
NC_064040.1	1669578	1669828	peak42127	.	*
NC_064040.1	1746314	1746564	peak42167	.	*
NC_064040.1	1786589	1786839	peak42183	.	*
NC_064040.1	3007785	3008035	peak42453	.	*
NC_064040.1	3354707	3354957	peak42555	.	*
NC_064040.1	3514441	3514691	peak42621	.	*
NC_064040.1	3618345	3618595	peak42656	.	*
NC_064040.1	3626173	3626423	peak42664	.	*
NC_064040.1	3643060	3643310	peak42665	.	*
NC_064040.1	3644455	3644705	peak42668	.	*
NC_064040.1	4375330	4375580	peak42917	.	*
NC_064040.1	4407239	4407489	peak42936	.	*
NC_064040.1	4408154	4408404	peak42937	.	*
NC_064040.1	4446530	4446780	peak42960	.	*
NC_064040.1	4554467	4554717	peak43017	.	*
NC_064040.1	4599790	4600040	peak43028	.	*
NC_064040.1	4807357	4807607	peak43124	.	*
NC_064040.1	5043826	5044076	peak43210	.	*
NC_064040.1	5127476	5127726	peak43237	.	*
NC_064040.1	5476988	5477238	peak43372	.	*
NC_064040.1	5516316	5516566	peak43406	.	*
NC_064040.1	5541883	5542133	peak43415	.	*
NC_064040.1	5616190	5616440	peak43456	.	*
NC_064040.1	5616751	5617001	peak43457	.	*
NC_064040.1	5617835	5618085	peak43458	.	*
NC_064040.1	5618734	5618984	peak43460	.	*
NC_064040.1	5621525	5621775	peak43465	.	*
NC_064040.1	5621928	5622178	peak43466	.	*
NC_064040.1	5623193	5623443	peak43468	.	*
NC_064040.1	5637495	5637745	peak43474	.	*
NC_064040.1	5712943	5713193	peak43513	.	*
NC_064040.1	5807733	5807982	peak43537	.	*
NC_064040.1	5808339	5808589	peak43539	.	*
NC_064040.1	6165696	6165946	peak43668	.	*
NC_064040.1	6482731	6482981	peak43802	.	*
NC_064040.1	6575855	6576105	peak43828	.	*
NC_064040.1	6711340	6711590	peak43872	.	*
NC_064040.1	7201553	7201803	peak44072	.	*
NC_064040.1	7277616	7277866	peak44114	.	*
NC_064040.1	7310702	7310952	peak44131	.	*
NC_064040.1	7520572	7520822	peak44184	.	*
NC_064040.1	7523389	7523639	peak44185	.	*
NC_064040.1	7524750	7525000	peak44186	.	*
NC_064040.1	7525144	7525394	peak44187	.	*
NC_064040.1	7526303	7526553	peak44189	.	*
NC_064040.1	7891050	7891300	peak44333	.	*
NC_064040.1	7891524	7891774	peak44334	.	*
NC_064040.1	7892405	7892655	peak44337	.	*
NC_064040.1	7892569	7892818	peak44338	.	*
NC_064040.1	8289486	8289736	peak44552	.	*
NC_064040.1	8350608	8350858	peak44584	.	*
NC_064040.1	8353080	8353330	peak44587	.	*
NC_064040.1	8353371	8353621	peak44588	.	*
NC_064040.1	8439514	8439764	peak44612	.	*
NC_064040.1	8440754	8441004	peak44613	.	*
NC_064040.1	8595184	8595434	peak44669	.	*
NC_064040.1	8599442	8599692	peak44675	.	*
NC_064040.1	8600015	8600265	peak44676	.	*
NC_064040.1	8600379	8600629	peak44677	.	*
NC_064040.1	8607419	8607669	peak44683	.	*
NC_064040.1	8610029	8610279	peak44687	.	*
NC_064040.1	8610365	8610615	peak44688	.	*
NC_064040.1	8617891	8618141	peak44694	.	*
NC_064040.1	8947820	8948070	peak44851	.	*
NC_064040.1	8962690	8962940	peak44870	.	*
NC_064040.1	9158360	9158610	peak44935	.	*
NC_064040.1	9412638	9412888	peak44992	.	*
NC_064040.1	9628788	9629038	peak45074	.	*
NC_064040.1	9671445	9671695	peak45093	.	*
NC_064040.1	9674300	9674550	peak45096	.	*
NC_064040.1	9819172	9819422	peak45154	.	*
NC_064040.1	9819436	9819686	peak45155	.	*
NC_064040.1	9821614	9821864	peak45158	.	*
NC_064040.1	9867481	9867731	peak45171	.	*
NC_064040.1	9869953	9870203	peak45176	.	*
NC_064040.1	9872001	9872251	peak45181	.	*
NC_064040.1	9872399	9872649	peak45182	.	*
NC_064040.1	10041007	10041257	peak45252	.	*
NC_064040.1	10043114	10043364	peak45253	.	*
NC_064040.1	10058531	10058781	peak45259	.	*
NC_064040.1	10626503	10626753	peak45395	.	*
NC_064040.1	10626844	10627094	peak45396	.	*
NC_064040.1	10630162	10630412	peak45400	.	*
NC_064040.1	10872588	10872838	peak45488	.	*
NC_064040.1	10881416	10881666	peak45501	.	*
NC_064040.1	11079694	11079944	peak45570	.	*
NC_064040.1	11177880	11178130	peak45630	.	*
NC_064040.1	11342961	11343211	peak45682	.	*
NC_064040.1	11359282	11359532	peak45689	.	*
NC_064040.1	11582582	11582832	peak45787	.	*
NC_064040.1	11750078	11750328	peak45851	.	*
NC_064040.1	11785739	11785989	peak45858	.	*
NC_064040.1	11948958	11949208	peak45926	.	*
NC_064040.1	11949950	11950200	peak45927	.	*
NC_064040.1	11955294	11955543	peak45931	.	*
NC_064040.1	11983741	11983991	peak45943	.	*
NC_064040.1	12074310	12074560	peak45979	.	*
NC_064040.1	12545320	12545570	peak46135	.	*
NC_064040.1	12572803	12573053	peak46162	.	*
NC_064040.1	12581524	12581774	peak46169	.	*
NC_064040.1	12581837	12582087	peak46170	.	*
NC_064040.1	12776154	12776404	peak46236	.	*
NC_064040.1	12776581	12776831	peak46237	.	*
NC_064040.1	12777714	12777964	peak46238	.	*
NC_064040.1	13216592	13216842	peak46370	.	*
NC_064040.1	13236643	13236893	peak46384	.	*
NC_064040.1	13268298	13268548	peak46401	.	*
NC_064040.1	13694700	13694950	peak46510	.	*
NC_064040.1	13798686	13798936	peak46543	.	*
NC_064040.1	14507270	14507520	peak46823	.	*
NC_064040.1	14507931	14508181	peak46824	.	*
NC_064040.1	14557011	14557261	peak46849	.	*
NC_064040.1	14725674	14725924	peak46892	.	*
NC_064040.1	14734208	14734458	peak46904	.	*
NC_064040.1	14855784	14856034	peak46969	.	*
NC_064040.1	15091570	15091820	peak47007	.	*
NC_064040.1	15092463	15092713	peak47009	.	*
NC_064040.1	15330249	15330499	peak47074	.	*
NC_064040.1	16115997	16116247	peak47311	.	*
NC_064040.1	16664757	16665007	peak47441	.	*
NC_064040.1	16793647	16793897	peak47465	.	*
NC_064041.1	25476	25726	peak47844	.	*
NC_064041.1	26197	26447	peak47845	.	*
NC_064041.1	651350	651600	peak48034	.	*
NC_064041.1	813802	814052	peak48070	.	*
NC_064041.1	1331213	1331463	peak48174	.	*
NC_064041.1	1603448	1603698	peak48282	.	*
NC_064041.1	1751798	1752048	peak48330	.	*
NC_064041.1	1865445	1865695	peak48361	.	*
NC_064041.1	2657623	2657873	peak48577	.	*
NC_064041.1	2940518	2940767	peak48654	.	*
NC_064041.1	2941597	2941847	peak48655	.	*
NC_064041.1	3058813	3059063	peak48678	.	*
NC_064041.1	3577449	3577699	peak48855	.	*
NC_064041.1	3582056	3582306	peak48861	.	*
NC_064041.1	3592185	3592435	peak48865	.	*
NC_064041.1	3600115	3600365	peak48871	.	*
NC_064041.1	3609016	3609266	peak48877	.	*
NC_064041.1	3643135	3643385	peak48889	.	*
NC_064041.1	3643832	3644082	peak48890	.	*
NC_064041.1	3965610	3965860	peak49009	.	*
NC_064041.1	4282725	4282975	peak49088	.	*
NC_064041.1	4288216	4288466	peak49096	.	*
NC_064041.1	4761140	4761390	peak49215	.	*
NC_064041.1	4761988	4762238	peak49217	.	*
NC_064041.1	4898570	4898820	peak49264	.	*
NC_064041.1	4947716	4947966	peak49300	.	*
NC_064041.1	4969196	4969446	peak49328	.	*
NC_064041.1	4969450	4969700	peak49329	.	*
NC_064041.1	4970413	4970663	peak49331	.	*
NC_064041.1	5189310	5189560	peak49382	.	*
NC_064041.1	5449190	5449440	peak49467	.	*
NC_064041.1	6161199	6161449	peak49699	.	*
NC_064041.1	6572522	6572772	peak49831	.	*
NC_064041.1	6804689	6804939	peak49889	.	*
NC_064041.1	6805025	6805275	peak49890	.	*
NC_064041.1	7045850	7046100	peak49971	.	*
NC_064041.1	7330201	7330451	peak50064	.	*
NC_064041.1	7339647	7339897	peak50070	.	*
NC_064041.1	7346858	7347108	peak50074	.	*
NC_064041.1	7353567	7353817	peak50078	.	*
NC_064041.1	7368232	7368482	peak50085	.	*
NC_064041.1	7485829	7486079	peak50131	.	*
NC_064041.1	7507966	7508216	peak50134	.	*
NC_064041.1	7599019	7599269	peak50162	.	*
NC_064041.1	7599531	7599781	peak50163	.	*
NC_064041.1	8681349	8681599	peak50433	.	*
NC_064041.1	8733791	8734041	peak50448	.	*
NC_064041.1	8734080	8734330	peak50449	.	*
NC_064041.1	8736211	8736461	peak50452	.	*
NC_064041.1	8776305	8776555	peak50462	.	*
NC_064041.1	8777179	8777429	peak50463	.	*
NC_064041.1	8879744	8879994	peak50496	.	*
NC_064041.1	8938014	8938264	peak50522	.	*
NC_064041.1	8939772	8940022	peak50524	.	*
NC_064041.1	8940201	8940451	peak50525	.	*
NC_064041.1	9310631	9310881	peak50593	.	*
NC_064041.1	9604220	9604470	peak50699	.	*
NC_064041.1	10369105	10369355	peak50837	.	*
NC_064041.1	10397498	10397748	peak50857	.	*
NC_064041.1	10406790	10407040	peak50869	.	*
NC_064041.1	10408031	10408281	peak50870	.	*
NC_064041.1	10503891	10504141	peak50897	.	*
NC_064041.1	10818384	10818634	peak50992	.	*
NC_064041.1	10842968	10843218	peak51002	.	*
NC_064041.1	10871787	10872037	peak51014	.	*
NC_064041.1	10885117	10885367	peak51030	.	*
NC_064041.1	11329986	11330236	peak51232	.	*
NC_064041.1	11330524	11330774	peak51233	.	*
NC_064041.1	11330891	11331141	peak51234	.	*
NC_064041.1	11367231	11367481	peak51244	.	*
NC_064041.1	11403332	11403582	peak51264	.	*
NC_064041.1	11423163	11423413	peak51272	.	*
NC_064041.1	11433860	11434110	peak51278	.	*
NC_064041.1	11539414	11539664	peak51306	.	*
NC_064041.1	11729464	11729714	peak51379	.	*
NC_064041.1	12662944	12663194	peak51451	.	*
NC_064041.1	12692597	12692847	peak51459	.	*
NC_064041.1	12845588	12845838	peak51512	.	*
NC_064041.1	12851120	12851370	peak51518	.	*
NC_064041.1	12858112	12858362	peak51521	.	*
NC_064041.1	13346261	13346511	peak51692	.	*
NC_064041.1	13392738	13392988	peak51711	.	*
NC_064041.1	14366205	14366455	peak52018	.	*
NC_064041.1	14417565	14417815	peak52063	.	*
NC_064041.1	14561465	14561715	peak52120	.	*
NC_064041.1	14634549	14634799	peak52142	.	*
NC_064041.1	14636126	14636376	peak52144	.	*
NC_064041.1	15058169	15058419	peak52296	.	*
NC_064041.1	15162277	15162527	peak52325	.	*
NC_064041.1	15163006	15163256	peak52326	.	*
NC_064041.1	15164608	15164858	peak52327	.	*
NC_064041.1	15177880	15178130	peak52329	.	*
NC_064041.1	15544773	15545023	peak52427	.	*
NC_064041.1	16044002	16044252	peak52518	.	*
NC_064041.1	16133190	16133440	peak52561	.	*
NC_064041.1	16358186	16358436	peak52647	.	*
NC_064041.1	16359101	16359351	peak52648	.	*
NC_064041.1	16436868	16437118	peak52686	.	*
NC_064041.1	16437408	16437658	peak52687	.	*
NC_064041.1	16445182	16445432	peak52695	.	*
NC_064042.1	329633	329883	peak52881	.	*
NC_064042.1	329979	330229	peak52882	.	*
NC_064042.1	670452	670702	peak53021	.	*
NC_064042.1	1018624	1018874	peak53102	.	*
NC_064042.1	1027297	1027547	peak53112	.	*
NC_064042.1	1027566	1027816	peak53113	.	*
NC_064042.1	1174802	1175052	peak53189	.	*
NC_064042.1	1378600	1378850	peak53263	.	*
NC_064042.1	1379778	1380028	peak53265	.	*
NC_064042.1	1496771	1497021	peak53319	.	*
NC_064042.1	1497712	1497962	peak53321	.	*
NC_064042.1	1611322	1611572	peak53375	.	*
NC_064042.1	1671031	1671281	peak53390	.	*
NC_064042.1	1679957	1680207	peak53402	.	*
NC_064042.1	1804083	1804333	peak53448	.	*
NC_064042.1	1880732	1880981	peak53463	.	*
NC_064042.1	2297054	2297304	peak53593	.	*
NC_064042.1	2348365	2348615	peak53611	.	*
NC_064042.1	2415146	2415396	peak53642	.	*
NC_064042.1	2676260	2676510	peak53739	.	*
NC_064042.1	2846016	2846266	peak53785	.	*
NC_064042.1	3112006	3112256	peak53899	.	*
NC_064042.1	3114869	3115119	peak53903	.	*
NC_064042.1	3130407	3130657	peak53918	.	*
NC_064042.1	3132387	3132637	peak53921	.	*
NC_064042.1	3215931	3216181	peak53949	.	*
NC_064042.1	3231405	3231655	peak53953	.	*
NC_064042.1	3267321	3267571	peak53971	.	*
NC_064042.1	3389449	3389699	peak54064	.	*
NC_064042.1	3389941	3390191	peak54065	.	*
NC_064042.1	3740308	3740558	peak54168	.	*
NC_064042.1	3917357	3917607	peak54237	.	*
NC_064042.1	3917667	3917917	peak54238	.	*
NC_064042.1	3918979	3919229	peak54239	.	*
NC_064042.1	3919717	3919967	peak54240	.	*
NC_064042.1	3921302	3921552	peak54242	.	*
NC_064042.1	4485167	4485417	peak54346	.	*
NC_064042.1	4487627	4487877	peak54350	.	*
NC_064042.1	4690231	4690481	peak54427	.	*
NC_064042.1	4690737	4690987	peak54428	.	*
NC_064042.1	4790502	4790752	peak54478	.	*
NC_064042.1	4790948	4791198	peak54479	.	*
NC_064042.1	5079019	5079269	peak54568	.	*
NC_064042.1	5079409	5079659	peak54569	.	*
NC_064042.1	5080844	5081094	peak54571	.	*
NC_064042.1	5304344	5304594	peak54657	.	*
NC_064042.1	5771157	5771407	peak54867	.	*
NC_064042.1	5800459	5800708	peak54882	.	*
NC_064042.1	5876716	5876966	peak54910	.	*
NC_064042.1	6529447	6529697	peak55091	.	*
NC_064042.1	6727769	6728019	peak55150	.	*
NC_064042.1	7432907	7433157	peak55401	.	*
NC_064042.1	7453795	7454045	peak55407	.	*
NC_064042.1	7460236	7460486	peak55417	.	*
NC_064042.1	7680448	7680698	peak55502	.	*
NC_064042.1	7699762	7700012	peak55524	.	*
NC_064042.1	7984386	7984636	peak55648	.	*
NC_064042.1	8310326	8310576	peak55743	.	*
NC_064042.1	8312190	8312440	peak55744	.	*
NC_064042.1	8321334	8321584	peak55751	.	*
NC_064042.1	8321906	8322156	peak55752	.	*
NC_064042.1	8322622	8322872	peak55753	.	*
NC_064042.1	8323926	8324176	peak55755	.	*
NC_064042.1	8324802	8325052	peak55756	.	*
NC_064042.1	8325749	8325999	peak55757	.	*
NC_064042.1	8326171	8326421	peak55758	.	*
NC_064042.1	8340670	8340920	peak55762	.	*
NC_064042.1	8634680	8634930	peak55864	.	*
NC_064042.1	8773512	8773762	peak55917	.	*
NC_064042.1	8816000	8816250	peak55943	.	*
NC_064042.1	8825541	8825791	peak55948	.	*
NC_064042.1	8826380	8826630	peak55949	.	*
NC_064042.1	8827871	8828121	peak55951	.	*
NC_064042.1	8831869	8832119	peak55954	.	*
NC_064042.1	8832540	8832790	peak55955	.	*
NC_064042.1	9090498	9090748	peak56051	.	*
NC_064042.1	9090929	9091179	peak56052	.	*
NC_064042.1	9861443	9861693	peak56281	.	*
NC_064042.1	9902290	9902540	peak56290	.	*
NC_064042.1	9907801	9908051	peak56300	.	*
NC_064042.1	9924137	9924387	peak56312	.	*
NC_064042.1	9924524	9924774	peak56313	.	*
NC_064042.1	9942201	9942451	peak56319	.	*
NC_064042.1	9944210	9944460	peak56321	.	*
NC_064042.1	9944740	9944990	peak56322	.	*
NC_064042.1	9945199	9945449	peak56323	.	*
NC_064042.1	9946118	9946368	peak56325	.	*
NC_064042.1	9949561	9949811	peak56328	.	*
NC_064042.1	9950647	9950897	peak56330	.	*
NC_064042.1	9969415	9969665	peak56340	.	*
NC_064042.1	10101010	10101260	peak56401	.	*
NC_064042.1	10343966	10344216	peak56459	.	*
NC_064042.1	10354888	10355138	peak56481	.	*
NC_064042.1	10357612	10357862	peak56483	.	*
NC_064042.1	10358454	10358704	peak56485	.	*
NC_064042.1	10362645	10362895	peak56490	.	*
NC_064042.1	10363426	10363676	peak56491	.	*
NC_064042.1	10363590	10363839	peak56492	.	*
NC_064042.1	10392517	10392767	peak56503	.	*
NC_064042.1	10393066	10393316	peak56504	.	*
NC_064042.1	10667942	10668192	peak56585	.	*
NC_064042.1	10744446	10744696	peak56615	.	*
NC_064042.1	10773819	10774069	peak56633	.	*
NC_064042.1	11054230	11054480	peak56708	.	*
NC_064042.1	11056604	11056854	peak56714	.	*
NC_064042.1	11064942	11065192	peak56731	.	*
NC_064042.1	11065217	11065467	peak56732	.	*
NC_064042.1	11496406	11496656	peak56878	.	*
NC_064042.1	11776944	11777194	peak56939	.	*
NC_064042.1	11852385	11852635	peak56978	.	*
NC_064042.1	11852703	11852953	peak56979	.	*
NC_064042.1	11999823	12000073	peak57023	.	*
NC_064042.1	12012850	12013100	peak57038	.	*
NC_064042.1	12013760	12014010	peak57039	.	*
NC_064042.1	12017536	12017786	peak57044	.	*
NC_064042.1	12017717	12017966	peak57045	.	*
NC_064042.1	12050752	12051002	peak57057	.	*
NC_064042.1	13016503	13016753	peak57364	.	*
NC_064042.1	13016795	13017045	peak57365	.	*
NC_064042.1	13064284	13064534	peak57405	.	*
NC_064042.1	13553723	13553973	peak57541	.	*
NC_064042.1	13555130	13555380	peak57542	.	*
NC_064042.1	13585313	13585563	peak57556	.	*
NC_064042.1	13807505	13807755	peak57653	.	*
NC_064042.1	14074876	14075126	peak57718	.	*
NC_064042.1	14298677	14298927	peak57827	.	*
NC_064042.1	14723484	14723734	peak57953	.	*
NC_064042.1	14724878	14725128	peak57956	.	*
NC_064042.1	14725626	14725876	peak57957	.	*
NC_064042.1	14890984	14891234	peak58009	.	*
NC_064042.1	15157582	15157832	peak58105	.	*
NC_064042.1	15435046	15435296	peak58204	.	*
NC_064042.1	16057824	16058074	peak58408	.	*
NC_064042.1	16523477	16523727	peak58545	.	*
NC_064042.1	16544136	16544386	peak58553	.	*
NC_064042.1	16544854	16545104	peak58555	.	*
NC_064043.1	1432233	1432483	peak58700	.	*
NC_064043.1	1433362	1433612	peak58703	.	*
NC_064043.1	1436246	1436496	peak58707	.	*
NC_064043.1	1513018	1513268	peak58727	.	*
NC_064043.1	1563309	1563559	peak58750	.	*
NC_064043.1	1563480	1563729	peak58751	.	*
NC_064043.1	1699829	1700079	peak58807	.	*
NC_064043.1	1767651	1767901	peak58838	.	*
NC_064043.1	1768046	1768296	peak58839	.	*
NC_064043.1	1790713	1790963	peak58850	.	*
NC_064043.1	1837109	1837359	peak58859	.	*
NC_064043.1	1854852	1855102	peak58868	.	*
NC_064043.1	1855661	1855911	peak58869	.	*
NC_064043.1	2062548	2062798	peak58949	.	*
NC_064043.1	2277741	2277991	peak59058	.	*
NC_064043.1	2394396	2394646	peak59085	.	*
NC_064043.1	2988338	2988588	peak59334	.	*
NC_064043.1	3008482	3008732	peak59350	.	*
NC_064043.1	3008769	3009019	peak59351	.	*
NC_064043.1	3009757	3010007	peak59353	.	*
NC_064043.1	3130327	3130577	peak59384	.	*
NC_064043.1	3131905	3132155	peak59386	.	*
NC_064043.1	3233732	3233982	peak59418	.	*
NC_064043.1	3348242	3348492	peak59457	.	*
NC_064043.1	3963581	3963831	peak59714	.	*
NC_064043.1	3964701	3964951	peak59716	.	*
NC_064043.1	3995348	3995598	peak59736	.	*
NC_064043.1	3996002	3996252	peak59737	.	*
NC_064043.1	3996385	3996635	peak59738	.	*
NC_064043.1	4013499	4013749	peak59755	.	*
NC_064043.1	4079589	4079839	peak59785	.	*
NC_064043.1	4112633	4112883	peak59797	.	*
NC_064043.1	4113760	4114010	peak59799	.	*
NC_064043.1	4423958	4424208	peak59949	.	*
NC_064043.1	4424643	4424893	peak59950	.	*
NC_064043.1	4425703	4425953	peak59953	.	*
NC_064043.1	4652890	4653140	peak60062	.	*
NC_064043.1	5208239	5208489	peak60280	.	*
NC_064043.1	5235995	5236244	peak60300	.	*
NC_064043.1	5236204	5236454	peak60301	.	*
NC_064043.1	5236931	5237181	peak60302	.	*
NC_064043.1	5337662	5337912	peak60342	.	*
NC_064043.1	5347282	5347532	peak60348	.	*
NC_064043.1	5400699	5400949	peak60371	.	*
NC_064043.1	5533073	5533323	peak60409	.	*
NC_064043.1	5562594	5562844	peak60416	.	*
NC_064043.1	5640383	5640633	peak60450	.	*
NC_064043.1	5662113	5662363	peak60457	.	*
NC_064043.1	5987915	5988165	peak60685	.	*
NC_064043.1	6092983	6093233	peak60739	.	*
NC_064043.1	6182892	6183142	peak60790	.	*
NC_064043.1	6466278	6466528	peak60917	.	*
NC_064043.1	6467785	6468035	peak60920	.	*
NC_064043.1	6471240	6471490	peak60925	.	*
NC_064043.1	6486375	6486625	peak60951	.	*
NC_064043.1	6653373	6653623	peak61033	.	*
NC_064043.1	6655057	6655307	peak61034	.	*
NC_064043.1	6838803	6839053	peak61114	.	*
NC_064043.1	7186194	7186444	peak61227	.	*
NC_064043.1	7487239	7487489	peak61336	.	*
NC_064043.1	7492625	7492875	peak61343	.	*
NC_064043.1	7665173	7665423	peak61431	.	*
NC_064043.1	7728143	7728393	peak61462	.	*
NC_064043.1	7921415	7921665	peak61565	.	*
NC_064043.1	8271177	8271427	peak61706	.	*
NC_064043.1	8359254	8359504	peak61742	.	*
NC_064043.1	8438577	8438827	peak61767	.	*
NC_064043.1	8700863	8701113	peak61848	.	*
NC_064043.1	8802947	8803197	peak61885	.	*
NC_064043.1	8871010	8871260	peak61903	.	*
NC_064043.1	8875446	8875696	peak61908	.	*
NC_064043.1	8985294	8985544	peak61973	.	*
NC_064043.1	9198941	9199191	peak62052	.	*
NC_064043.1	9466978	9467228	peak62162	.	*
NC_064043.1	9467411	9467661	peak62163	.	*
NC_064043.1	9624963	9625213	peak62207	.	*
NC_064043.1	9626201	9626451	peak62208	.	*
NC_064043.1	9626654	9626904	peak62209	.	*
NC_064043.1	9718805	9719055	peak62248	.	*
NC_064043.1	9749062	9749312	peak62256	.	*
NC_064043.1	10107161	10107411	peak62355	.	*
NC_064043.1	10171444	10171694	peak62380	.	*
NC_064043.1	10175694	10175944	peak62390	.	*
NC_064043.1	10178493	10178743	peak62393	.	*
NC_064043.1	10381561	10381811	peak62464	.	*
NC_064043.1	10381837	10382086	peak62465	.	*
NC_064043.1	10382045	10382295	peak62466	.	*
NC_064043.1	10382349	10382599	peak62467	.	*
NC_064043.1	10383255	10383505	peak62469	.	*
NC_064043.1	10383876	10384126	peak62470	.	*
NC_064043.1	10387457	10387707	peak62473	.	*
NC_064043.1	10390541	10390791	peak62477	.	*
NC_064043.1	10392566	10392816	peak62481	.	*
NC_064043.1	10395532	10395782	peak62484	.	*
NC_064043.1	10396011	10396261	peak62485	.	*
NC_064043.1	10396446	10396696	peak62486	.	*
NC_064043.1	10397175	10397425	peak62488	.	*
NC_064043.1	10398414	10398664	peak62490	.	*
NC_064043.1	10399139	10399389	peak62491	.	*
NC_064043.1	10399502	10399752	peak62492	.	*
NC_064043.1	10740127	10740377	peak62636	.	*
NC_064043.1	10742059	10742309	peak62638	.	*
NC_064043.1	10751040	10751290	peak62641	.	*
NC_064043.1	10752877	10753127	peak62646	.	*
NC_064043.1	10755550	10755800	peak62651	.	*
NC_064043.1	10945026	10945276	peak62745	.	*
NC_064043.1	11102748	11102998	peak62817	.	*
NC_064043.1	11173269	11173519	peak62851	.	*
NC_064043.1	11378593	11378843	peak62919	.	*
NC_064043.1	11379652	11379902	peak62920	.	*
NC_064043.1	11643154	11643404	peak62998	.	*
NC_064043.1	11644196	11644446	peak62999	.	*
NC_064043.1	11644573	11644823	peak63000	.	*
NC_064043.1	12114231	12114481	peak63171	.	*
NC_064043.1	12114590	12114840	peak63172	.	*
NC_064043.1	12147869	12148119	peak63184	.	*
NC_064043.1	12615577	12615827	peak63392	.	*
NC_064043.1	12616659	12616909	peak63394	.	*
NC_064043.1	12616987	12617237	peak63395	.	*
NC_064043.1	12627735	12627985	peak63406	.	*
NC_064043.1	12627887	12628136	peak63407	.	*
NC_064043.1	12637401	12637651	peak63410	.	*
NC_064043.1	12637805	12638055	peak63411	.	*
NC_064043.1	12638859	12639109	peak63413	.	*
NC_064043.1	12965796	12966046	peak63559	.	*
NC_064043.1	12966279	12966529	peak63560	.	*
NC_064043.1	13484065	13484315	peak63711	.	*
NC_064043.1	13533308	13533558	peak63735	.	*
NC_064043.1	13542776	13543026	peak63746	.	*
NC_064043.1	13690102	13690351	peak63818	.	*
NC_064043.1	13710253	13710503	peak63835	.	*
NC_064043.1	13729975	13730225	peak63852	.	*
NC_064043.1	13762956	13763206	peak63888	.	*
NC_064043.1	13997994	13998244	peak63995	.	*
NC_064043.1	14008099	14008349	peak64000	.	*
NC_064043.1	14018273	14018523	peak64010	.	*
NC_064043.1	14179633	14179883	peak64047	.	*
NC_064043.1	14237892	14238142	peak64083	.	*
NC_064043.1	14361204	14361454	peak64134	.	*
NC_064043.1	14559657	14559907	peak64195	.	*
NC_064043.1	14762857	14763107	peak64277	.	*
NC_064043.1	14763494	14763744	peak64278	.	*
NC_064043.1	14765306	14765556	peak64279	.	*
NC_064043.1	14901230	14901480	peak64311	.	*
NC_064043.1	15191595	15191845	peak64382	.	*
NC_064043.1	15286840	15287090	peak64449	.	*
NC_064043.1	15289731	15289981	peak64451	.	*
NC_064043.1	15688093	15688343	peak64583	.	*
NC_064043.1	15688761	15689011	peak64584	.	*
NC_064044.1	2624269	2624519	peak64987	.	*
NC_064044.1	2625355	2625605	peak64989	.	*
NC_064044.1	2752007	2752257	peak65014	.	*
NC_064044.1	2909697	2909947	peak65059	.	*
NC_064044.1	3145263	3145513	peak65124	.	*
NC_064044.1	3175715	3175965	peak65140	.	*
NC_064044.1	3723024	3723274	peak65342	.	*
NC_064044.1	3928737	3928987	peak65417	.	*
NC_064044.1	3992094	3992344	peak65439	.	*
NC_064044.1	4010302	4010552	peak65444	.	*
NC_064044.1	4015489	4015739	peak65448	.	*
NC_064044.1	4156682	4156932	peak65493	.	*
NC_064044.1	4349379	4349629	peak65582	.	*
NC_064044.1	4650647	4650897	peak65661	.	*
NC_064044.1	4651721	4651971	peak65662	.	*
NC_064044.1	4996132	4996382	peak65791	.	*
NC_064044.1	5336419	5336669	peak65875	.	*
NC_064044.1	5336571	5336820	peak65876	.	*
NC_064044.1	6400802	6401052	peak66140	.	*
NC_064044.1	6513471	6513721	peak66182	.	*
NC_064044.1	6527180	6527430	peak66189	.	*
NC_064044.1	6611238	6611488	peak66219	.	*
NC_064044.1	6672422	6672672	peak66246	.	*
NC_064044.1	6790449	6790699	peak66286	.	*
NC_064044.1	6790814	6791064	peak66287	.	*
NC_064044.1	6872904	6873154	peak66328	.	*
NC_064044.1	6980900	6981150	peak66362	.	*
NC_064044.1	7231027	7231277	peak66444	.	*
NC_064044.1	7399211	7399461	peak66515	.	*
NC_064044.1	7474917	7475167	peak66537	.	*
NC_064044.1	7611386	7611636	peak66601	.	*
NC_064044.1	7639152	7639402	peak66623	.	*
NC_064044.1	7726026	7726276	peak66647	.	*
NC_064044.1	7907901	7908150	peak66708	.	*
NC_064044.1	8158622	8158872	peak66813	.	*
NC_064044.1	8159355	8159605	peak66814	.	*
NC_064044.1	8268839	8269089	peak66860	.	*
NC_064044.1	8443675	8443925	peak66946	.	*
NC_064044.1	8444299	8444549	peak66947	.	*
NC_064044.1	8459322	8459572	peak66952	.	*
NC_064044.1	8726843	8727093	peak67049	.	*
NC_064044.1	8953675	8953925	peak67111	.	*
NC_064044.1	9016818	9017068	peak67130	.	*
NC_064044.1	9017264	9017514	peak67131	.	*
NC_064044.1	9018786	9019036	peak67133	.	*
NC_064044.1	9034397	9034647	peak67141	.	*
NC_064044.1	9604095	9604345	peak67334	.	*
NC_064044.1	9614755	9615005	peak67339	.	*
NC_064044.1	9616102	9616352	peak67342	.	*
NC_064044.1	9625476	9625726	peak67348	.	*
NC_064044.1	9626203	9626453	peak67349	.	*
NC_064044.1	9697690	9697940	peak67379	.	*
NC_064044.1	9747914	9748164	peak67387	.	*
NC_064044.1	9750550	9750800	peak67393	.	*
NC_064044.1	9964499	9964749	peak67453	.	*
NC_064044.1	10214837	10215087	peak67562	.	*
NC_064044.1	10837519	10837769	peak67690	.	*
NC_064044.1	11246206	11246456	peak67777	.	*
NC_064044.1	11247651	11247901	peak67780	.	*
NC_064044.1	11253302	11253552	peak67786	.	*
NC_064044.1	11305358	11305608	peak67818	.	*
NC_064044.1	11311011	11311261	peak67825	.	*
NC_064044.1	11433938	11434188	peak67870	.	*
NC_064044.1	11570895	11571145	peak67924	.	*
NC_064044.1	11688604	11688854	peak67975	.	*
NC_064044.1	12005211	12005461	peak68099	.	*
NC_064044.1	12005785	12006035	peak68100	.	*
NC_064044.1	12059532	12059782	peak68120	.	*
NC_064044.1	12060280	12060530	peak68121	.	*
NC_064044.1	12101159	12101409	peak68145	.	*
NC_064044.1	12110872	12111122	peak68147	.	*
NC_064044.1	12173597	12173847	peak68179	.	*
NC_064044.1	12174338	12174588	peak68181	.	*
NC_064044.1	12177038	12177288	peak68187	.	*
NC_064044.1	12177930	12178180	peak68188	.	*
NC_064044.1	12581174	12581424	peak68331	.	*
NC_064044.1	12581847	12582097	peak68332	.	*
NC_064044.1	12584487	12584737	peak68335	.	*
NC_064044.1	12585802	12586052	peak68336	.	*
NC_064044.1	12586200	12586450	peak68337	.	*
NC_064044.1	12589304	12589554	peak68342	.	*
NC_064044.1	12597093	12597343	peak68360	.	*
NC_064044.1	12646448	12646698	peak68386	.	*
NC_064044.1	13031483	13031733	peak68535	.	*
NC_064044.1	14268538	14268788	peak68891	.	*
NC_064044.1	14268851	14269101	peak68892	.	*
NC_064044.1	14710015	14710265	peak68998	.	*
NC_064044.1	14715406	14715656	peak69005	.	*
NC_064044.1	14717718	14717968	peak69011	.	*
NC_064044.1	14719568	14719818	peak69013	.	*
NC_064044.1	14720066	14720316	peak69014	.	*
NC_064044.1	15235650	15235900	peak69062	.	*
NC_064044.1	15348380	15348630	peak69095	.	*
NC_064044.1	15683442	15683692	peak69166	.	*
NC_064044.1	15823444	15823694	peak69235	.	*
NC_064044.1	15823798	15824048	peak69236	.	*
NC_064044.1	15885753	15886003	peak69261	.	*
NC_064045.1	1607395	1607645	peak69540	.	*
NC_064045.1	1755299	1755549	peak69588	.	*
NC_064045.1	3049257	3049507	peak69879	.	*
NC_064045.1	3225380	3225630	peak69928	.	*
NC_064045.1	3245770	3246020	peak69938	.	*
NC_064045.1	3254192	3254442	peak69947	.	*
NC_064045.1	3255617	3255867	peak69948	.	*
NC_064045.1	3261733	3261983	peak69955	.	*
NC_064045.1	3397447	3397697	peak70018	.	*
NC_064045.1	3488601	3488851	peak70092	.	*
NC_064045.1	3695650	3695900	peak70143	.	*
NC_064045.1	3741267	3741517	peak70168	.	*
NC_064045.1	3873594	3873844	peak70233	.	*
NC_064045.1	3875490	3875740	peak70235	.	*
NC_064045.1	4064120	4064370	peak70299	.	*
NC_064045.1	4123755	4124005	peak70337	.	*
NC_064045.1	4760048	4760298	peak70559	.	*
NC_064045.1	4761530	4761780	peak70561	.	*
NC_064045.1	4902468	4902718	peak70642	.	*
NC_064045.1	5092565	5092815	peak70710	.	*
NC_064045.1	5097120	5097370	peak70721	.	*
NC_064045.1	5100974	5101224	peak70730	.	*
NC_064045.1	5117609	5117859	peak70738	.	*
NC_064045.1	5253376	5253626	peak70791	.	*
NC_064045.1	5415827	5416077	peak70815	.	*
NC_064045.1	5759422	5759672	peak70947	.	*
NC_064045.1	5792565	5792815	peak70953	.	*
NC_064045.1	5814303	5814553	peak70965	.	*
NC_064045.1	5933981	5934231	peak71007	.	*
NC_064045.1	6052900	6053150	peak71040	.	*
NC_064045.1	6055750	6056000	peak71041	.	*
NC_064045.1	6057774	6058024	peak71042	.	*
NC_064045.1	6058132	6058382	peak71043	.	*
NC_064045.1	6058677	6058927	peak71044	.	*
NC_064045.1	6059999	6060249	peak71046	.	*
NC_064045.1	6062702	6062952	peak71050	.	*
NC_064045.1	6356150	6356400	peak71160	.	*
NC_064045.1	6881609	6881859	peak71335	.	*
NC_064045.1	6965065	6965315	peak71372	.	*
NC_064045.1	8110080	8110330	peak71593	.	*
NC_064045.1	8165508	8165758	peak71624	.	*
NC_064045.1	8169058	8169308	peak71626	.	*
NC_064045.1	8426200	8426450	peak71741	.	*
NC_064045.1	8435524	8435774	peak71745	.	*
NC_064045.1	8867614	8867864	peak71852	.	*
NC_064045.1	8931133	8931383	peak71876	.	*
NC_064045.1	9027557	9027807	peak71914	.	*
NC_064045.1	9308720	9308970	peak71998	.	*
NC_064045.1	9547285	9547535	peak72090	.	*
NC_064045.1	9548948	9549198	peak72091	.	*
NC_064045.1	9658821	9659071	peak72136	.	*
NC_064045.1	9841278	9841528	peak72200	.	*
NC_064045.1	9975433	9975683	peak72258	.	*
NC_064045.1	9976470	9976720	peak72261	.	*
NC_064045.1	10055484	10055734	peak72274	.	*
NC_064045.1	10109053	10109303	peak72291	.	*
NC_064045.1	10278330	10278580	peak72356	.	*
NC_064045.1	10334691	10334941	peak72369	.	*
NC_064045.1	10622104	10622354	peak72472	.	*
NC_064045.1	10940205	10940455	peak72554	.	*
NC_064045.1	11190213	11190463	peak72619	.	*
NC_064045.1	11194425	11194675	peak72623	.	*
NC_064045.1	11454837	11455087	peak72681	.	*
NC_064045.1	11709812	11710062	peak72786	.	*
NC_064045.1	11724884	11725134	peak72795	.	*
NC_064045.1	11934406	11934656	peak72855	.	*
NC_064045.1	12450686	12450936	peak73055	.	*
NC_064045.1	12469988	12470238	peak73061	.	*
NC_064045.1	12474388	12474638	peak73064	.	*
NC_064045.1	12704394	12704644	peak73162	.	*
NC_064045.1	12919205	12919455	peak73232	.	*
NC_064045.1	12927480	12927730	peak73237	.	*
NC_064045.1	13110712	13110962	peak73301	.	*
NC_064045.1	13131659	13131909	peak73309	.	*
NC_064045.1	13204046	13204296	peak73334	.	*
NC_064045.1	13462408	13462658	peak73404	.	*
NC_064045.1	13462719	13462969	peak73405	.	*
NC_064045.1	13463357	13463607	peak73406	.	*
NC_064045.1	13621746	13621996	peak73438	.	*
NC_064045.1	14067089	14067339	peak73561	.	*
NC_064045.1	14311455	14311705	peak73629	.	*
NC_064045.1	14557595	14557845	peak73697	.	*
NC_064045.1	14962841	14963091	peak73848	.	*
NC_064045.1	14968198	14968448	peak73852	.	*
NC_064045.1	14999871	15000121	peak73862	.	*
NC_064045.1	15038486	15038736	peak73885	.	*
NC_064046.1	192659	192909	peak74087	.	*
NC_064046.1	559294	559544	peak74198	.	*
NC_064046.1	565807	566057	peak74207	.	*
NC_064046.1	579165	579415	peak74210	.	*
NC_064046.1	585275	585525	peak74219	.	*
NC_064046.1	586542	586792	peak74221	.	*
NC_064046.1	586929	587179	peak74222	.	*
NC_064046.1	591883	592133	peak74226	.	*
NC_064046.1	593356	593606	peak74228	.	*
NC_064046.1	742483	742733	peak74268	.	*
NC_064046.1	762450	762700	peak74303	.	*
NC_064046.1	820943	821193	peak74323	.	*
NC_064046.1	839684	839934	peak74326	.	*
NC_064046.1	1008861	1009111	peak74399	.	*
NC_064046.1	1014262	1014512	peak74407	.	*
NC_064046.1	1016938	1017188	peak74409	.	*
NC_064046.1	1086124	1086374	peak74428	.	*
NC_064046.1	1413872	1414122	peak74570	.	*
NC_064046.1	1414442	1414692	peak74572	.	*
NC_064046.1	1414789	1415039	peak74574	.	*
NC_064046.1	1611986	1612236	peak74645	.	*
NC_064046.1	1616539	1616789	peak74650	.	*
NC_064046.1	1621534	1621784	peak74654	.	*
NC_064046.1	1738588	1738838	peak74693	.	*
NC_064046.1	1744522	1744772	peak74697	.	*
NC_064046.1	2172207	2172457	peak74880	.	*
NC_064046.1	2313145	2313395	peak74947	.	*
NC_064046.1	2339338	2339588	peak74957	.	*
NC_064046.1	2475650	2475900	peak74994	.	*
NC_064046.1	2800668	2800918	peak75109	.	*
NC_064046.1	2822992	2823242	peak75120	.	*
NC_064046.1	2823745	2823995	peak75121	.	*
NC_064046.1	2987839	2988089	peak75195	.	*
NC_064046.1	2988333	2988583	peak75196	.	*
NC_064046.1	3031123	3031373	peak75210	.	*
NC_064046.1	3036682	3036932	peak75219	.	*
NC_064046.1	3037211	3037461	peak75220	.	*
NC_064046.1	3083784	3084034	peak75240	.	*
NC_064046.1	3084740	3084990	peak75241	.	*
NC_064046.1	3130368	3130618	peak75268	.	*
NC_064046.1	3178172	3178422	peak75289	.	*
NC_064046.1	3179672	3179922	peak75290	.	*
NC_064046.1	3233621	3233871	peak75307	.	*
NC_064046.1	3237475	3237725	peak75311	.	*
NC_064046.1	3937346	3937596	peak75545	.	*
NC_064046.1	4029297	4029547	peak75559	.	*
NC_064046.1	4044959	4045209	peak75571	.	*
NC_064046.1	4050750	4051000	peak75581	.	*
NC_064046.1	4276241	4276491	peak75676	.	*
NC_064046.1	4276962	4277212	peak75678	.	*
NC_064046.1	4277455	4277705	peak75679	.	*
NC_064046.1	4283020	4283270	peak75689	.	*
NC_064046.1	4283454	4283704	peak75690	.	*
NC_064046.1	4285203	4285453	peak75693	.	*
NC_064046.1	4287262	4287512	peak75695	.	*
NC_064046.1	4429967	4430216	peak75735	.	*
NC_064046.1	4430131	4430381	peak75736	.	*
NC_064046.1	4430891	4431141	peak75737	.	*
NC_064046.1	4431322	4431572	peak75738	.	*
NC_064046.1	4432641	4432891	peak75741	.	*
NC_064046.1	4641417	4641667	peak75799	.	*
NC_064046.1	4744243	4744493	peak75835	.	*
NC_064046.1	4746873	4747123	peak75837	.	*
NC_064046.1	4771900	4772150	peak75866	.	*
NC_064046.1	4772298	4772548	peak75867	.	*
NC_064046.1	4773877	4774127	peak75870	.	*
NC_064046.1	5228649	5228899	peak76009	.	*
NC_064046.1	5693909	5694159	peak76096	.	*
NC_064046.1	6090798	6091048	peak76175	.	*
NC_064046.1	6111317	6111567	peak76185	.	*
NC_064046.1	6112423	6112673	peak76187	.	*
NC_064046.1	6392598	6392848	peak76276	.	*
NC_064046.1	6438218	6438468	peak76288	.	*
NC_064046.1	6483929	6484179	peak76309	.	*
NC_064046.1	6486897	6487147	peak76311	.	*
NC_064046.1	7393890	7394140	peak76593	.	*
NC_064046.1	7474090	7474340	peak76609	.	*
NC_064046.1	7957370	7957620	peak76684	.	*
NC_064046.1	8206530	8206780	peak76781	.	*
NC_064046.1	8373333	8373583	peak76829	.	*
NC_064046.1	8373977	8374227	peak76830	.	*
NC_064046.1	8540592	8540842	peak76880	.	*
NC_064046.1	8621136	8621386	peak76898	.	*
NC_064046.1	9015706	9015956	peak77017	.	*
NC_064046.1	9481391	9481641	peak77140	.	*
NC_064046.1	9574477	9574727	peak77162	.	*
NC_064046.1	9937889	9938139	peak77281	.	*
NC_064046.1	10111955	10112205	peak77310	.	*
NC_064046.1	10113182	10113432	peak77312	.	*
NC_064046.1	10695205	10695455	peak77541	.	*
NC_064046.1	11270147	11270397	peak77705	.	*
NC_064046.1	11277680	11277930	peak77714	.	*
NC_064046.1	11323369	11323619	peak77734	.	*
NC_064046.1	11323521	11323770	peak77735	.	*
NC_064046.1	11379098	11379348	peak77755	.	*
NC_064046.1	11430727	11430977	peak77770	.	*
NC_064046.1	11432686	11432936	peak77771	.	*
NC_064046.1	11435810	11436060	peak77773	.	*
NC_064046.1	11472966	11473216	peak77791	.	*
NC_064046.1	11676558	11676808	peak77872	.	*
NC_064046.1	11727174	11727424	peak77914	.	*
NC_064046.1	11727466	11727716	peak77915	.	*
NC_064046.1	11734180	11734430	peak77922	.	*
NC_064046.1	11767221	11767471	peak77932	.	*
NC_064046.1	11767537	11767787	peak77933	.	*
NC_064046.1	11774501	11774751	peak77942	.	*
NC_064046.1	11785361	11785611	peak77951	.	*
NC_064046.1	12089113	12089363	peak78135	.	*
NC_064046.1	12101816	12102066	peak78151	.	*
NC_064046.1	12103852	12104102	peak78154	.	*
NC_064046.1	12104183	12104433	peak78155	.	*
NC_064046.1	12105244	12105494	peak78156	.	*
NC_064046.1	12147393	12147643	peak78169	.	*
NC_064046.1	12179541	12179791	peak78179	.	*
NC_064046.1	12754137	12754387	peak78370	.	*
NC_064046.1	12757644	12757894	peak78376	.	*
NC_064046.1	12812145	12812395	peak78397	.	*
NC_064046.1	12843241	12843491	peak78423	.	*
NC_064046.1	12857981	12858231	peak78441	.	*
NC_064046.1	12888713	12888963	peak78455	.	*
NC_064046.1	12889151	12889401	peak78456	.	*
NC_064046.1	12889852	12890102	peak78457	.	*
NC_064046.1	12915302	12915552	peak78470	.	*
NC_064046.1	12917678	12917928	peak78475	.	*
NC_064046.1	12918703	12918953	peak78476	.	*
NC_064046.1	13145748	13145998	peak78584	.	*
NC_064046.1	13149001	13149251	peak78589	.	*
NC_064046.1	13149667	13149917	peak78591	.	*
NC_064046.1	13150670	13150920	peak78592	.	*
NC_064046.1	13285167	13285417	peak78634	.	*
NC_064046.1	13287525	13287775	peak78637	.	*
NC_064046.1	13351862	13352112	peak78678	.	*
NC_064046.1	13352509	13352759	peak78679	.	*
NC_064046.1	13366157	13366407	peak78700	.	*
NC_064046.1	13366687	13366937	peak78701	.	*
NC_064046.1	13367120	13367370	peak78702	.	*
NC_064046.1	13925783	13926033	peak78910	.	*
NC_064046.1	14463916	14464166	peak79073	.	*
NC_064046.1	14599821	14600071	peak79123	.	*
NC_064047.1	1195484	1195734	peak79499	.	*
NC_064047.1	1197112	1197362	peak79501	.	*
NC_064047.1	1300211	1300461	peak79539	.	*
NC_064047.1	1301593	1301843	peak79542	.	*
NC_064047.1	1564845	1565095	peak79609	.	*
NC_064047.1	2020453	2020703	peak79763	.	*
NC_064047.1	2323116	2323366	peak79871	.	*
NC_064047.1	2494009	2494259	peak79968	.	*
NC_064047.1	2497161	2497411	peak79970	.	*
NC_064047.1	2499542	2499792	peak79971	.	*
NC_064047.1	2502602	2502852	peak79973	.	*
NC_064047.1	2772408	2772658	peak80059	.	*
NC_064047.1	2907602	2907852	peak80119	.	*
NC_064047.1	2908118	2908368	peak80120	.	*
NC_064047.1	2941214	2941464	peak80132	.	*
NC_064047.1	2977458	2977708	peak80155	.	*
NC_064047.1	2989538	2989788	peak80172	.	*
NC_064047.1	2990835	2991085	peak80175	.	*
NC_064047.1	3576895	3577145	peak80321	.	*
NC_064047.1	3891339	3891589	peak80402	.	*
NC_064047.1	4003281	4003531	peak80441	.	*
NC_064047.1	4004880	4005130	peak80442	.	*
NC_064047.1	4228198	4228448	peak80521	.	*
NC_064047.1	4316159	4316409	peak80558	.	*
NC_064047.1	4316577	4316827	peak80559	.	*
NC_064047.1	4431901	4432151	peak80606	.	*
NC_064047.1	4547435	4547685	peak80648	.	*
NC_064047.1	4797742	4797992	peak80691	.	*
NC_064047.1	4798163	4798413	peak80692	.	*
NC_064047.1	5309209	5309459	peak80840	.	*
NC_064047.1	5352105	5352355	peak80849	.	*
NC_064047.1	5721779	5722029	peak80979	.	*
NC_064047.1	6186587	6186837	peak81133	.	*
NC_064047.1	6394191	6394441	peak81210	.	*
NC_064047.1	6394774	6395024	peak81211	.	*
NC_064047.1	6397121	6397371	peak81215	.	*
NC_064047.1	6398557	6398807	peak81218	.	*
NC_064047.1	6399238	6399488	peak81220	.	*
NC_064047.1	6447361	6447611	peak81241	.	*
NC_064047.1	6447525	6447774	peak81242	.	*
NC_064047.1	6476074	6476324	peak81259	.	*
NC_064047.1	6476490	6476740	peak81260	.	*
NC_064047.1	6477847	6478097	peak81262	.	*
NC_064047.1	6691774	6692024	peak81340	.	*
NC_064047.1	6693436	6693686	peak81342	.	*
NC_064047.1	6978491	6978741	peak81443	.	*
NC_064047.1	6980435	6980685	peak81446	.	*
NC_064047.1	6980718	6980968	peak81447	.	*
NC_064047.1	8229040	8229290	peak81685	.	*
NC_064047.1	8515112	8515362	peak81789	.	*
NC_064047.1	8517396	8517646	peak81795	.	*
NC_064047.1	8627260	8627510	peak81823	.	*
NC_064047.1	8628216	8628466	peak81824	.	*
NC_064047.1	8867808	8868058	peak81907	.	*
NC_064047.1	9199480	9199730	peak82050	.	*
NC_064047.1	9200363	9200613	peak82051	.	*
NC_064047.1	9201243	9201493	peak82052	.	*
NC_064047.1	9220914	9221164	peak82064	.	*
NC_064047.1	9235980	9236230	peak82069	.	*
NC_064047.1	9483968	9484218	peak82129	.	*
NC_064047.1	9486015	9486265	peak82131	.	*
NC_064047.1	9821096	9821346	peak82240	.	*
NC_064047.1	9823764	9824014	peak82246	.	*
NC_064047.1	9826110	9826360	peak82250	.	*
NC_064047.1	9838902	9839152	peak82263	.	*
NC_064047.1	9852733	9852983	peak82279	.	*
NC_064047.1	10209010	10209260	peak82404	.	*
NC_064047.1	10241526	10241776	peak82429	.	*
NC_064047.1	10242221	10242471	peak82430	.	*
NC_064047.1	10242641	10242891	peak82431	.	*
NC_064047.1	10283841	10284091	peak82457	.	*
NC_064047.1	10718383	10718633	peak82607	.	*
NC_064047.1	11124094	11124344	peak82727	.	*
NC_064047.1	11131022	11131272	peak82731	.	*
NC_064047.1	11133724	11133974	peak82735	.	*
NC_064047.1	11134227	11134477	peak82736	.	*
NC_064047.1	11135185	11135435	peak82737	.	*
NC_064047.1	11137012	11137262	peak82739	.	*
NC_064047.1	11159584	11159834	peak82745	.	*
NC_064047.1	11207070	11207320	peak82764	.	*
NC_064047.1	11207519	11207769	peak82765	.	*
NC_064047.1	11436239	11436489	peak82855	.	*
NC_064047.1	11459919	11460169	peak82860	.	*
NC_064047.1	11656183	11656433	peak82892	.	*
NC_064047.1	13014340	13014590	peak83069	.	*
NC_064047.1	13014997	13015247	peak83070	.	*
NC_064047.1	13015367	13015617	peak83071	.	*
NC_064047.1	13256612	13256862	peak83142	.	*
NC_064047.1	14235740	14235990	peak83353	.	*
NC_064047.1	14259895	14260145	peak83361	.	*
NC_064047.1	14510251	14510501	peak83415	.	*
NC_064047.1	14527604	14527854	peak83420	.	*
NC_064047.1	14527764	14528013	peak83421	.	*
NC_064047.1	14528381	14528631	peak83422	.	*
NC_064047.1	14721251	14721501	peak83467	.	*
NC_064048.1	471510	471760	peak83645	.	*
NC_064048.1	491786	492036	peak83654	.	*
NC_064048.1	492786	493036	peak83656	.	*
NC_064048.1	645559	645809	peak83710	.	*
NC_064048.1	960822	961072	peak83829	.	*
NC_064048.1	1279220	1279470	peak83959	.	*
NC_064048.1	1297800	1298050	peak83963	.	*
NC_064048.1	1450260	1450510	peak84005	.	*
NC_064048.1	1510310	1510560	peak84034	.	*
NC_064048.1	1614365	1614615	peak84068	.	*
NC_064048.1	1681823	1682073	peak84085	.	*
NC_064048.1	1688263	1688513	peak84086	.	*
NC_064048.1	1740854	1741104	peak84134	.	*
NC_064048.1	2131392	2131642	peak84254	.	*
NC_064048.1	2133583	2133833	peak84255	.	*
NC_064048.1	2245446	2245696	peak84295	.	*
NC_064048.1	2246236	2246486	peak84297	.	*
NC_064048.1	2247985	2248235	peak84300	.	*
NC_064048.1	2249045	2249295	peak84302	.	*
NC_064048.1	2250059	2250309	peak84304	.	*
NC_064048.1	2482834	2483084	peak84398	.	*
NC_064048.1	2484545	2484795	peak84402	.	*
NC_064048.1	2647907	2648157	peak84469	.	*
NC_064048.1	2648797	2649047	peak84470	.	*
NC_064048.1	2669136	2669386	peak84475	.	*
NC_064048.1	2669877	2670127	peak84477	.	*
NC_064048.1	2679534	2679784	peak84488	.	*
NC_064048.1	3227745	3227995	peak84635	.	*
NC_064048.1	3533893	3534143	peak84748	.	*
NC_064048.1	3617678	3617928	peak84790	.	*
NC_064048.1	4256964	4257214	peak85048	.	*
NC_064048.1	4267968	4268218	peak85053	.	*
NC_064048.1	4547781	4548031	peak85167	.	*
NC_064048.1	4551339	4551589	peak85169	.	*
NC_064048.1	4754513	4754763	peak85239	.	*
NC_064048.1	4754991	4755240	peak85241	.	*
NC_064048.1	4946747	4946997	peak85310	.	*
NC_064048.1	4993656	4993906	peak85330	.	*
NC_064048.1	5084443	5084693	peak85377	.	*
NC_064048.1	5084977	5085227	peak85378	.	*
NC_064048.1	5085321	5085571	peak85379	.	*
NC_064048.1	5656309	5656559	peak85577	.	*
NC_064048.1	5656602	5656852	peak85578	.	*
NC_064048.1	5818347	5818597	peak85637	.	*
NC_064048.1	5819550	5819800	peak85639	.	*
NC_064048.1	5953881	5954131	peak85691	.	*
NC_064048.1	5969392	5969642	peak85707	.	*
NC_064048.1	5997564	5997814	peak85716	.	*
NC_064048.1	6001619	6001869	peak85718	.	*
NC_064048.1	6002138	6002388	peak85719	.	*
NC_064048.1	6219510	6219760	peak85823	.	*
NC_064048.1	6302393	6302643	peak85870	.	*
NC_064048.1	6956811	6957061	peak86065	.	*
NC_064048.1	7180070	7180320	peak86137	.	*
NC_064048.1	7463605	7463855	peak86240	.	*
NC_064048.1	7510526	7510776	peak86272	.	*
NC_064048.1	7537425	7537675	peak86281	.	*
NC_064048.1	7564818	7565068	peak86289	.	*
NC_064048.1	7620333	7620583	peak86310	.	*
NC_064048.1	7674576	7674826	peak86327	.	*
NC_064048.1	8426759	8427009	peak86576	.	*
NC_064048.1	8430318	8430568	peak86578	.	*
NC_064048.1	8434485	8434735	peak86582	.	*
NC_064048.1	8437695	8437945	peak86584	.	*
NC_064048.1	8445278	8445528	peak86590	.	*
NC_064048.1	8446293	8446543	peak86592	.	*
NC_064048.1	8848738	8848988	peak86740	.	*
NC_064048.1	8852643	8852893	peak86742	.	*
NC_064048.1	8853767	8854017	peak86743	.	*
NC_064048.1	8898427	8898677	peak86751	.	*
NC_064048.1	8987487	8987737	peak86801	.	*
NC_064048.1	8988003	8988253	peak86802	.	*
NC_064048.1	8989658	8989908	peak86805	.	*
NC_064048.1	9104458	9104708	peak86831	.	*
NC_064048.1	9196131	9196381	peak86874	.	*
NC_064048.1	9197212	9197462	peak86876	.	*
NC_064048.1	9307596	9307846	peak86904	.	*
NC_064048.1	9350906	9351156	peak86928	.	*
NC_064048.1	9685986	9686236	peak87039	.	*
NC_064048.1	9686950	9687200	peak87040	.	*
NC_064048.1	9691974	9692224	peak87041	.	*
NC_064048.1	9724821	9725071	peak87049	.	*
NC_064048.1	9725467	9725717	peak87050	.	*
NC_064048.1	9810333	9810583	peak87108	.	*
NC_064048.1	9811198	9811448	peak87109	.	*
NC_064048.1	9962106	9962356	peak87156	.	*
NC_064048.1	9969255	9969505	peak87162	.	*
NC_064048.1	10358629	10358879	peak87291	.	*
NC_064048.1	10514657	10514907	peak87347	.	*
NC_064048.1	10531410	10531660	peak87351	.	*
NC_064048.1	10587086	10587336	peak87370	.	*
NC_064048.1	10587634	10587884	peak87372	.	*
NC_064048.1	10588481	10588731	peak87373	.	*
NC_064048.1	10588832	10589082	peak87374	.	*
NC_064048.1	10611966	10612216	peak87382	.	*
NC_064048.1	10918515	10918765	peak87513	.	*
NC_064048.1	12256266	12256516	peak87595	.	*
NC_064048.1	12385450	12385700	peak87636	.	*
NC_064048.1	12385628	12385877	peak87637	.	*
NC_064048.1	12436299	12436549	peak87653	.	*
NC_064048.1	12740089	12740339	peak87738	.	*
