NC_064034.1	1251688	1251938	peak176	.	*
NC_064034.1	1444779	1445029	peak259	.	*
NC_064034.1	1445831	1446081	peak261	.	*
NC_064034.1	1451606	1451856	peak266	.	*
NC_064034.1	1511773	1512023	peak292	.	*
NC_064034.1	1512712	1512962	peak294	.	*
NC_064034.1	1666891	1667141	peak360	.	*
NC_064034.1	1692778	1693028	peak375	.	*
NC_064034.1	1694042	1694292	peak377	.	*
NC_064034.1	1875802	1876052	peak424	.	*
NC_064034.1	2014540	2014790	peak469	.	*
NC_064034.1	2048234	2048484	peak482	.	*
NC_064034.1	2054676	2054926	peak491	.	*
NC_064034.1	2072208	2072458	peak499	.	*
NC_064034.1	2170305	2170555	peak543	.	*
NC_064034.1	2170716	2170966	peak544	.	*
NC_064034.1	2171964	2172214	peak546	.	*
NC_064034.1	2172388	2172638	peak547	.	*
NC_064034.1	2172772	2173022	peak548	.	*
NC_064034.1	2174064	2174314	peak550	.	*
NC_064034.1	2176575	2176825	peak554	.	*
NC_064034.1	2179414	2179664	peak557	.	*
NC_064034.1	2180305	2180555	peak558	.	*
NC_064034.1	2181928	2182178	peak561	.	*
NC_064034.1	2182306	2182556	peak562	.	*
NC_064034.1	2183614	2183864	peak563	.	*
NC_064034.1	2199869	2200119	peak586	.	*
NC_064034.1	2200333	2200583	peak588	.	*
NC_064034.1	2204718	2204968	peak595	.	*
NC_064034.1	2274405	2274655	peak624	.	*
NC_064034.1	2574593	2574843	peak752	.	*
NC_064034.1	2575346	2575596	peak754	.	*
NC_064034.1	2576420	2576670	peak755	.	*
NC_064034.1	2578601	2578851	peak759	.	*
NC_064034.1	2594634	2594884	peak772	.	*
NC_064034.1	2712600	2712850	peak795	.	*
NC_064034.1	2715160	2715410	peak799	.	*
NC_064034.1	2716012	2716262	peak800	.	*
NC_064034.1	2716523	2716773	peak801	.	*
NC_064034.1	2719348	2719598	peak803	.	*
NC_064034.1	2719877	2720127	peak804	.	*
NC_064034.1	2799821	2800071	peak836	.	*
NC_064034.1	2800174	2800424	peak837	.	*
NC_064034.1	2800583	2800833	peak838	.	*
NC_064034.1	2942803	2943053	peak866	.	*
NC_064034.1	2943731	2943981	peak867	.	*
NC_064034.1	2947475	2947725	peak870	.	*
NC_064034.1	3375753	3376003	peak1032	.	*
NC_064034.1	3589364	3589614	peak1121	.	*
NC_064034.1	3590496	3590746	peak1122	.	*
NC_064034.1	3591945	3592195	peak1125	.	*
NC_064034.1	3709780	3710030	peak1150	.	*
NC_064034.1	3710287	3710537	peak1151	.	*
NC_064034.1	3769351	3769601	peak1174	.	*
NC_064034.1	3788396	3788646	peak1181	.	*
NC_064034.1	3868037	3868287	peak1199	.	*
NC_064034.1	4086038	4086288	peak1271	.	*
NC_064034.1	4703930	4704180	peak1552	.	*
NC_064034.1	4779573	4779823	peak1592	.	*
NC_064034.1	4867355	4867605	peak1641	.	*
NC_064034.1	5033409	5033659	peak1714	.	*
NC_064034.1	5173150	5173400	peak1776	.	*
NC_064034.1	5174272	5174522	peak1779	.	*
NC_064034.1	5177309	5177559	peak1781	.	*
NC_064034.1	5220690	5220940	peak1797	.	*
NC_064034.1	5301941	5302191	peak1831	.	*
NC_064034.1	5369116	5369366	peak1839	.	*
NC_064034.1	5370107	5370357	peak1840	.	*
NC_064034.1	5432707	5432957	peak1872	.	*
NC_064034.1	5486662	5486912	peak1889	.	*
NC_064034.1	5715297	5715547	peak1981	.	*
NC_064034.1	5716231	5716481	peak1982	.	*
NC_064034.1	5751971	5752221	peak1991	.	*
NC_064034.1	5780804	5781054	peak2013	.	*
NC_064034.1	6715046	6715296	peak2303	.	*
NC_064034.1	6738059	6738309	peak2337	.	*
NC_064034.1	6757662	6757912	peak2342	.	*
NC_064034.1	6922469	6922719	peak2419	.	*
NC_064034.1	7066439	7066689	peak2457	.	*
NC_064034.1	7067190	7067440	peak2459	.	*
NC_064034.1	7067503	7067753	peak2460	.	*
NC_064034.1	7071195	7071445	peak2470	.	*
NC_064034.1	7096441	7096691	peak2489	.	*
NC_064034.1	7323075	7323325	peak2563	.	*
NC_064034.1	7478712	7478962	peak2605	.	*
NC_064034.1	7481081	7481331	peak2610	.	*
NC_064034.1	7713081	7713331	peak2675	.	*
NC_064034.1	7901064	7901313	peak2747	.	*
NC_064034.1	7975820	7976070	peak2790	.	*
NC_064034.1	7986849	7987099	peak2808	.	*
NC_064034.1	8108739	8108989	peak2857	.	*
NC_064034.1	8114328	8114578	peak2868	.	*
NC_064034.1	8218571	8218821	peak2922	.	*
NC_064034.1	8312063	8312313	peak2962	.	*
NC_064034.1	8670093	8670343	peak3055	.	*
NC_064034.1	8709102	8709352	peak3069	.	*
NC_064034.1	8762055	8762305	peak3101	.	*
NC_064034.1	8763342	8763592	peak3103	.	*
NC_064034.1	8771179	8771429	peak3115	.	*
NC_064034.1	8773839	8774089	peak3121	.	*
NC_064034.1	8778462	8778712	peak3131	.	*
NC_064034.1	8794579	8794829	peak3137	.	*
NC_064034.1	8796112	8796362	peak3140	.	*
NC_064034.1	8906515	8906765	peak3187	.	*
NC_064034.1	8954235	8954485	peak3208	.	*
NC_064034.1	9442409	9442659	peak3401	.	*
NC_064034.1	9451860	9452110	peak3413	.	*
NC_064034.1	9454245	9454495	peak3416	.	*
NC_064034.1	9699097	9699347	peak3515	.	*
NC_064034.1	9790609	9790859	peak3555	.	*
NC_064034.1	9797116	9797366	peak3565	.	*
NC_064034.1	9802530	9802780	peak3573	.	*
NC_064034.1	9841698	9841948	peak3586	.	*
NC_064034.1	10071205	10071455	peak3636	.	*
NC_064034.1	10121041	10121291	peak3661	.	*
NC_064034.1	10347076	10347326	peak3797	.	*
NC_064034.1	10384366	10384616	peak3824	.	*
NC_064034.1	10385521	10385771	peak3825	.	*
NC_064034.1	10385935	10386185	peak3826	.	*
NC_064034.1	10387152	10387402	peak3828	.	*
NC_064034.1	10538360	10538610	peak3900	.	*
NC_064034.1	10610609	10610859	peak3918	.	*
NC_064034.1	10631899	10632149	peak3927	.	*
NC_064034.1	11051822	11052072	peak4016	.	*
NC_064034.1	11192772	11193022	peak4065	.	*
NC_064034.1	11348135	11348385	peak4161	.	*
NC_064034.1	11825303	11825553	peak4328	.	*
NC_064034.1	11848032	11848282	peak4341	.	*
NC_064034.1	11991564	11991814	peak4395	.	*
NC_064034.1	11991723	11991972	peak4396	.	*
NC_064034.1	12008887	12009137	peak4398	.	*
NC_064034.1	12232089	12232339	peak4447	.	*
NC_064034.1	12417051	12417301	peak4522	.	*
NC_064034.1	12417911	12418161	peak4524	.	*
NC_064034.1	12420118	12420368	peak4526	.	*
NC_064034.1	12420646	12420896	peak4527	.	*
NC_064034.1	12421100	12421350	peak4528	.	*
NC_064034.1	12422311	12422561	peak4529	.	*
NC_064034.1	12422821	12423071	peak4530	.	*
NC_064034.1	12424574	12424824	peak4533	.	*
NC_064034.1	12424794	12425043	peak4534	.	*
NC_064034.1	12427541	12427791	peak4539	.	*
NC_064034.1	12484148	12484398	peak4576	.	*
NC_064034.1	12487471	12487721	peak4581	.	*
NC_064034.1	12881668	12881918	peak4750	.	*
NC_064034.1	13013989	13014239	peak4805	.	*
NC_064034.1	13054886	13055136	peak4815	.	*
NC_064034.1	13055386	13055636	peak4816	.	*
NC_064034.1	13056887	13057137	peak4818	.	*
NC_064034.1	13083598	13083848	peak4830	.	*
NC_064034.1	13084378	13084628	peak4832	.	*
NC_064034.1	13085809	13086059	peak4834	.	*
NC_064034.1	13089499	13089749	peak4838	.	*
NC_064034.1	13092206	13092456	peak4842	.	*
NC_064034.1	13092708	13092958	peak4843	.	*
NC_064034.1	13092880	13093129	peak4844	.	*
NC_064034.1	13093417	13093666	peak4846	.	*
NC_064034.1	13233414	13233664	peak4887	.	*
NC_064034.1	13234342	13234592	peak4888	.	*
NC_064034.1	13244246	13244496	peak4899	.	*
NC_064034.1	13294722	13294972	peak4919	.	*
NC_064034.1	13408390	13408640	peak4965	.	*
NC_064034.1	13428118	13428368	peak4978	.	*
NC_064034.1	13457903	13458153	peak5003	.	*
NC_064034.1	13459177	13459427	peak5005	.	*
NC_064034.1	13504002	13504252	peak5024	.	*
NC_064034.1	13877995	13878245	peak5154	.	*
NC_064034.1	13881336	13881586	peak5158	.	*
NC_064034.1	14678468	14678718	peak5243	.	*
NC_064034.1	14702007	14702257	peak5250	.	*
NC_064034.1	14828715	14828965	peak5272	.	*
NC_064034.1	14829572	14829822	peak5273	.	*
NC_064034.1	14829845	14830095	peak5274	.	*
NC_064034.1	14831837	14832087	peak5275	.	*
NC_064034.1	14937230	14937480	peak5291	.	*
NC_064034.1	15061494	15061744	peak5320	.	*
NC_064034.1	15344993	15345243	peak5378	.	*
NC_064034.1	15357141	15357391	peak5382	.	*
NC_064034.1	15357860	15358110	peak5383	.	*
NC_064034.1	15358170	15358420	peak5384	.	*
NC_064034.1	15358511	15358761	peak5385	.	*
NC_064034.1	15359359	15359609	peak5387	.	*
NC_064034.1	15360524	15360774	peak5389	.	*
NC_064034.1	15420259	15420509	peak5404	.	*
NC_064034.1	15468587	15468837	peak5420	.	*
NC_064034.1	15543941	15544191	peak5440	.	*
NC_064034.1	15564230	15564480	peak5451	.	*
NC_064034.1	15766360	15766610	peak5498	.	*
NC_064034.1	15766955	15767205	peak5499	.	*
NC_064034.1	15871634	15871884	peak5536	.	*
NC_064034.1	16004076	16004326	peak5590	.	*
NC_064034.1	16005013	16005263	peak5591	.	*
NC_064034.1	16324917	16325167	peak5687	.	*
NC_064034.1	16656985	16657235	peak5796	.	*
NC_064034.1	16675280	16675530	peak5802	.	*
NC_064034.1	16697556	16697806	peak5810	.	*
NC_064034.1	16928744	16928994	peak5910	.	*
NC_064034.1	16930158	16930408	peak5912	.	*
NC_064034.1	17022377	17022627	peak5940	.	*
NC_064034.1	17023655	17023905	peak5942	.	*
NC_064034.1	17032516	17032766	peak5943	.	*
NC_064034.1	17038845	17039095	peak5946	.	*
NC_064034.1	17046295	17046545	peak5949	.	*
NC_064034.1	17046898	17047148	peak5951	.	*
NC_064034.1	17057627	17057877	peak5954	.	*
NC_064034.1	17058002	17058252	peak5955	.	*
NC_064034.1	17058670	17058920	peak5957	.	*
NC_064034.1	17060220	17060470	peak5959	.	*
NC_064034.1	17167659	17167909	peak6000	.	*
NC_064034.1	17400585	17400835	peak6055	.	*
NC_064034.1	17593053	17593303	peak6107	.	*
NC_064034.1	17698044	17698294	peak6142	.	*
NC_064034.1	17933875	17934125	peak6199	.	*
NC_064034.1	17935704	17935954	peak6202	.	*
NC_064034.1	17950557	17950807	peak6215	.	*
NC_064034.1	17983134	17983384	peak6235	.	*
NC_064034.1	18007879	18008129	peak6244	.	*
NC_064034.1	18499787	18500037	peak6430	.	*
NC_064034.1	18500517	18500767	peak6431	.	*
NC_064034.1	18502567	18502817	peak6435	.	*
NC_064034.1	18503139	18503389	peak6436	.	*
NC_064034.1	18503780	18504030	peak6437	.	*
NC_064034.1	18824195	18824445	peak6576	.	*
NC_064034.1	19016381	19016631	peak6630	.	*
NC_064034.1	19320376	19320626	peak6730	.	*
NC_064034.1	19426943	19427193	peak6790	.	*
NC_064034.1	19431595	19431845	peak6798	.	*
NC_064034.1	19561851	19562101	peak6856	.	*
NC_064034.1	19562107	19562357	peak6857	.	*
NC_064034.1	19903713	19903963	peak6965	.	*
NC_064034.1	20219560	20219810	peak7094	.	*
NC_064034.1	20330084	20330334	peak7140	.	*
NC_064034.1	20331029	20331279	peak7141	.	*
NC_064034.1	20341677	20341927	peak7143	.	*
NC_064034.1	20342662	20342912	peak7144	.	*
NC_064034.1	20762469	20762719	peak7246	.	*
NC_064034.1	20762980	20763230	peak7247	.	*
NC_064034.1	20823343	20823593	peak7274	.	*
NC_064034.1	20931953	20932203	peak7307	.	*
NC_064034.1	20973889	20974139	peak7320	.	*
NC_064034.1	21141192	21141442	peak7414	.	*
NC_064034.1	21301805	21302055	peak7498	.	*
NC_064034.1	21464888	21465138	peak7557	.	*
NC_064034.1	21465140	21465390	peak7558	.	*
NC_064034.1	21658412	21658662	peak7635	.	*
NC_064034.1	21693866	21694116	peak7667	.	*
NC_064035.1	1284529	1284779	peak7948	.	*
NC_064035.1	1312052	1312302	peak7955	.	*
NC_064035.1	1316287	1316537	peak7959	.	*
NC_064035.1	1522065	1522315	peak8031	.	*
NC_064035.1	1527773	1528023	peak8039	.	*
NC_064035.1	1529605	1529855	peak8042	.	*
NC_064035.1	1627302	1627552	peak8092	.	*
NC_064035.1	1673728	1673978	peak8113	.	*
NC_064035.1	1675001	1675251	peak8116	.	*
NC_064035.1	1813913	1814163	peak8166	.	*
NC_064035.1	1825419	1825669	peak8170	.	*
NC_064035.1	1826130	1826380	peak8172	.	*
NC_064035.1	1826386	1826636	peak8173	.	*
NC_064035.1	1857499	1857749	peak8182	.	*
NC_064035.1	2132482	2132732	peak8279	.	*
NC_064035.1	2137347	2137597	peak8280	.	*
NC_064035.1	2137905	2138155	peak8281	.	*
NC_064035.1	2183372	2183622	peak8296	.	*
NC_064035.1	2183748	2183998	peak8297	.	*
NC_064035.1	2205164	2205414	peak8303	.	*
NC_064035.1	2224116	2224366	peak8311	.	*
NC_064035.1	2302655	2302905	peak8326	.	*
NC_064035.1	2303787	2304037	peak8328	.	*
NC_064035.1	2304592	2304842	peak8330	.	*
NC_064035.1	2305062	2305312	peak8331	.	*
NC_064035.1	2464965	2465215	peak8410	.	*
NC_064035.1	2466396	2466646	peak8412	.	*
NC_064035.1	2556734	2556984	peak8449	.	*
NC_064035.1	2557028	2557278	peak8450	.	*
NC_064035.1	2557527	2557777	peak8451	.	*
NC_064035.1	2601007	2601257	peak8474	.	*
NC_064035.1	2602628	2602878	peak8477	.	*
NC_064035.1	2603294	2603544	peak8479	.	*
NC_064035.1	2603578	2603828	peak8480	.	*
NC_064035.1	2603881	2604131	peak8481	.	*
NC_064035.1	2607200	2607450	peak8485	.	*
NC_064035.1	2678270	2678520	peak8502	.	*
NC_064035.1	2969649	2969899	peak8591	.	*
NC_064035.1	3143959	3144209	peak8639	.	*
NC_064035.1	3147760	3148010	peak8640	.	*
NC_064035.1	3290010	3290260	peak8705	.	*
NC_064035.1	3291305	3291555	peak8707	.	*
NC_064035.1	3369326	3369576	peak8743	.	*
NC_064035.1	3422875	3423125	peak8776	.	*
NC_064035.1	3504589	3504839	peak8816	.	*
NC_064035.1	3538219	3538469	peak8843	.	*
NC_064035.1	3539801	3540051	peak8847	.	*
NC_064035.1	3547064	3547314	peak8856	.	*
NC_064035.1	3645697	3645947	peak8915	.	*
NC_064035.1	3733772	3734022	peak8929	.	*
NC_064035.1	3877910	3878160	peak8973	.	*
NC_064035.1	3879352	3879602	peak8975	.	*
NC_064035.1	3880030	3880280	peak8976	.	*
NC_064035.1	3880633	3880883	peak8977	.	*
NC_064035.1	3981681	3981931	peak9005	.	*
NC_064035.1	4039908	4040158	peak9035	.	*
NC_064035.1	4051737	4051987	peak9045	.	*
NC_064035.1	4085748	4085998	peak9051	.	*
NC_064035.1	4087880	4088130	peak9053	.	*
NC_064035.1	4113568	4113818	peak9061	.	*
NC_064035.1	4193812	4194062	peak9097	.	*
NC_064035.1	4194270	4194520	peak9098	.	*
NC_064035.1	4197014	4197264	peak9099	.	*
NC_064035.1	4318866	4319116	peak9153	.	*
NC_064035.1	4394956	4395206	peak9171	.	*
NC_064035.1	4395997	4396247	peak9172	.	*
NC_064035.1	4475543	4475793	peak9204	.	*
NC_064035.1	4475894	4476144	peak9205	.	*
NC_064035.1	4477565	4477815	peak9208	.	*
NC_064035.1	4478527	4478777	peak9210	.	*
NC_064035.1	4478916	4479166	peak9211	.	*
NC_064035.1	4479352	4479602	peak9212	.	*
NC_064035.1	4480280	4480530	peak9213	.	*
NC_064035.1	4589351	4589601	peak9259	.	*
NC_064035.1	4589708	4589958	peak9260	.	*
NC_064035.1	4889760	4890010	peak9334	.	*
NC_064035.1	5430185	5430435	peak9622	.	*
NC_064035.1	5544872	5545122	peak9669	.	*
NC_064035.1	5560608	5560858	peak9681	.	*
NC_064035.1	5589499	5589749	peak9706	.	*
NC_064035.1	5591141	5591391	peak9707	.	*
NC_064035.1	5712735	5712985	peak9751	.	*
NC_064035.1	5782477	5782727	peak9781	.	*
NC_064035.1	5784613	5784862	peak9785	.	*
NC_064035.1	6064240	6064490	peak9891	.	*
NC_064035.1	6064951	6065201	peak9893	.	*
NC_064035.1	6145759	6146009	peak9917	.	*
NC_064035.1	6146732	6146982	peak9918	.	*
NC_064035.1	6379281	6379531	peak10000	.	*
NC_064035.1	6386658	6386908	peak10004	.	*
NC_064035.1	6563039	6563289	peak10054	.	*
NC_064035.1	6715751	6716001	peak10120	.	*
NC_064035.1	6717249	6717499	peak10123	.	*
NC_064035.1	6717594	6717844	peak10124	.	*
NC_064035.1	6808905	6809155	peak10156	.	*
NC_064035.1	6935461	6935711	peak10188	.	*
NC_064035.1	6966539	6966789	peak10208	.	*
NC_064035.1	7035053	7035303	peak10230	.	*
NC_064035.1	7158631	7158881	peak10276	.	*
NC_064035.1	7359765	7360015	peak10334	.	*
NC_064035.1	7496656	7496906	peak10371	.	*
NC_064035.1	7554615	7554865	peak10404	.	*
NC_064035.1	7556081	7556331	peak10407	.	*
NC_064035.1	7558094	7558344	peak10411	.	*
NC_064035.1	7573905	7574155	peak10418	.	*
NC_064035.1	7575164	7575414	peak10420	.	*
NC_064035.1	8041969	8042219	peak10596	.	*
NC_064035.1	8176000	8176250	peak10646	.	*
NC_064035.1	8249940	8250190	peak10667	.	*
NC_064035.1	8252922	8253172	peak10673	.	*
NC_064035.1	8253243	8253493	peak10674	.	*
NC_064035.1	8265140	8265390	peak10684	.	*
NC_064035.1	8485892	8486142	peak10744	.	*
NC_064035.1	8486252	8486502	peak10745	.	*
NC_064035.1	8493530	8493780	peak10748	.	*
NC_064035.1	8493892	8494142	peak10749	.	*
NC_064035.1	8495433	8495683	peak10751	.	*
NC_064035.1	8498440	8498690	peak10753	.	*
NC_064035.1	8591912	8592162	peak10775	.	*
NC_064035.1	8653927	8654177	peak10801	.	*
NC_064035.1	8655485	8655735	peak10802	.	*
NC_064035.1	8714837	8715087	peak10824	.	*
NC_064035.1	8806139	8806389	peak10852	.	*
NC_064035.1	8904230	8904480	peak10900	.	*
NC_064035.1	8988323	8988573	peak10938	.	*
NC_064035.1	8990829	8991079	peak10943	.	*
NC_064035.1	8991780	8992030	peak10945	.	*
NC_064035.1	9303752	9304002	peak11070	.	*
NC_064035.1	9370586	9370836	peak11101	.	*
NC_064035.1	9505067	9505317	peak11165	.	*
NC_064035.1	9505354	9505604	peak11166	.	*
NC_064035.1	9506728	9506978	peak11168	.	*
NC_064035.1	9510968	9511218	peak11178	.	*
NC_064035.1	9639861	9640111	peak11234	.	*
NC_064035.1	9641913	9642163	peak11236	.	*
NC_064035.1	9654209	9654459	peak11240	.	*
NC_064035.1	9756591	9756841	peak11267	.	*
NC_064035.1	10536032	10536282	peak11551	.	*
NC_064035.1	10557438	10557688	peak11572	.	*
NC_064035.1	10558525	10558774	peak11574	.	*
NC_064035.1	10559174	10559424	peak11575	.	*
NC_064035.1	10968987	10969237	peak11754	.	*
NC_064035.1	10970097	10970347	peak11755	.	*
NC_064035.1	11022315	11022565	peak11783	.	*
NC_064035.1	11211920	11212170	peak11838	.	*
NC_064035.1	11570340	11570590	peak11937	.	*
NC_064035.1	11571213	11571463	peak11938	.	*
NC_064035.1	11582146	11582396	peak11951	.	*
NC_064035.1	11918762	11919012	peak12080	.	*
NC_064035.1	11923212	11923462	peak12087	.	*
NC_064035.1	11973379	11973629	peak12109	.	*
NC_064035.1	11978430	11978680	peak12113	.	*
NC_064035.1	12297684	12297934	peak12220	.	*
NC_064035.1	12379550	12379800	peak12265	.	*
NC_064035.1	12380342	12380592	peak12267	.	*
NC_064035.1	12381617	12381867	peak12268	.	*
NC_064035.1	12382433	12382683	peak12269	.	*
NC_064035.1	12382631	12382880	peak12270	.	*
NC_064035.1	12489036	12489286	peak12303	.	*
NC_064035.1	12491869	12492119	peak12307	.	*
NC_064035.1	12492376	12492626	peak12308	.	*
NC_064035.1	12579335	12579585	peak12345	.	*
NC_064035.1	12742198	12742448	peak12393	.	*
NC_064035.1	12873210	12873460	peak12447	.	*
NC_064035.1	12873597	12873847	peak12448	.	*
NC_064035.1	12939093	12939343	peak12474	.	*
NC_064035.1	12940379	12940629	peak12476	.	*
NC_064035.1	12949467	12949717	peak12481	.	*
NC_064035.1	12949697	12949946	peak12482	.	*
NC_064035.1	13081420	13081670	peak12536	.	*
NC_064035.1	13207144	13207394	peak12617	.	*
NC_064035.1	13653744	13653994	peak12735	.	*
NC_064035.1	13654043	13654293	peak12736	.	*
NC_064035.1	13655072	13655322	peak12738	.	*
NC_064035.1	14467156	14467406	peak12990	.	*
NC_064035.1	14556075	14556325	peak13030	.	*
NC_064035.1	14571519	14571769	peak13033	.	*
NC_064035.1	14601521	14601771	peak13045	.	*
NC_064035.1	14779219	14779469	peak13128	.	*
NC_064035.1	14829317	14829567	peak13152	.	*
NC_064035.1	14844263	14844513	peak13166	.	*
NC_064035.1	14856429	14856679	peak13177	.	*
NC_064035.1	14857540	14857790	peak13178	.	*
NC_064035.1	14857979	14858229	peak13179	.	*
NC_064035.1	15047607	15047857	peak13224	.	*
NC_064035.1	15049045	15049295	peak13225	.	*
NC_064035.1	15050128	15050378	peak13227	.	*
NC_064035.1	15051705	15051955	peak13232	.	*
NC_064035.1	15058886	15059136	peak13241	.	*
NC_064035.1	15083139	15083389	peak13249	.	*
NC_064035.1	15104541	15104791	peak13254	.	*
NC_064035.1	15347481	15347731	peak13312	.	*
NC_064035.1	15348081	15348331	peak13313	.	*
NC_064035.1	15547781	15548031	peak13380	.	*
NC_064035.1	15745185	15745435	peak13467	.	*
NC_064035.1	15747160	15747410	peak13469	.	*
NC_064035.1	15860538	15860788	peak13518	.	*
NC_064035.1	16205500	16205750	peak13606	.	*
NC_064035.1	16205668	16205917	peak13607	.	*
NC_064035.1	16207146	16207396	peak13608	.	*
NC_064035.1	16276981	16277231	peak13625	.	*
NC_064035.1	16277255	16277505	peak13626	.	*
NC_064035.1	16278237	16278487	peak13628	.	*
NC_064035.1	16299938	16300188	peak13640	.	*
NC_064035.1	16312713	16312963	peak13655	.	*
NC_064035.1	16325148	16325398	peak13670	.	*
NC_064035.1	16335697	16335947	peak13688	.	*
NC_064035.1	16344425	16344675	peak13700	.	*
NC_064035.1	16361503	16361753	peak13720	.	*
NC_064035.1	16389942	16390192	peak13747	.	*
NC_064035.1	16392909	16393159	peak13748	.	*
NC_064035.1	16395380	16395630	peak13751	.	*
NC_064035.1	16447088	16447338	peak13770	.	*
NC_064035.1	16479174	16479424	peak13782	.	*
NC_064035.1	17051709	17051959	peak14015	.	*
NC_064035.1	17053183	17053433	peak14018	.	*
NC_064035.1	17054998	17055248	peak14022	.	*
NC_064035.1	17159082	17159332	peak14065	.	*
NC_064035.1	17255028	17255278	peak14101	.	*
NC_064035.1	17271673	17271923	peak14112	.	*
NC_064035.1	17300161	17300411	peak14134	.	*
NC_064035.1	17409911	17410161	peak14185	.	*
NC_064035.1	17593262	17593512	peak14266	.	*
NC_064035.1	17910060	17910310	peak14374	.	*
NC_064035.1	17910779	17911029	peak14375	.	*
NC_064035.1	18263264	18263514	peak14495	.	*
NC_064035.1	18263544	18263794	peak14496	.	*
NC_064035.1	18331812	18332062	peak14509	.	*
NC_064035.1	18420506	18420756	peak14577	.	*
NC_064035.1	18420876	18421126	peak14578	.	*
NC_064035.1	18788189	18788439	peak14738	.	*
NC_064035.1	18789499	18789749	peak14742	.	*
NC_064035.1	18941632	18941882	peak14802	.	*
NC_064035.1	18942246	18942496	peak14803	.	*
NC_064035.1	18987159	18987409	peak14822	.	*
NC_064035.1	19212308	19212558	peak14922	.	*
NC_064035.1	19296212	19296462	peak14992	.	*
NC_064035.1	19297310	19297560	peak14994	.	*
NC_064035.1	19305723	19305973	peak15006	.	*
NC_064035.1	19306509	19306759	peak15007	.	*
NC_064035.1	19399282	19399532	peak15049	.	*
NC_064035.1	19404797	19405047	peak15053	.	*
NC_064035.1	19412853	19413103	peak15056	.	*
NC_064035.1	19413796	19414046	peak15057	.	*
NC_064035.1	20360359	20360609	peak15347	.	*
NC_064035.1	20694410	20694660	peak15451	.	*
NC_064035.1	20966863	20967113	peak15530	.	*
NC_064035.1	21518455	21518705	peak15652	.	*
NC_064035.1	21531676	21531926	peak15656	.	*
NC_064036.1	623681	623931	peak15828	.	*
NC_064036.1	624807	625057	peak15831	.	*
NC_064036.1	625388	625638	peak15832	.	*
NC_064036.1	626565	626815	peak15833	.	*
NC_064036.1	689189	689439	peak15857	.	*
NC_064036.1	1042152	1042402	peak16008	.	*
NC_064036.1	1272072	1272322	peak16068	.	*
NC_064036.1	1272815	1273065	peak16069	.	*
NC_064036.1	1344740	1344990	peak16102	.	*
NC_064036.1	1345030	1345280	peak16103	.	*
NC_064036.1	1443643	1443893	peak16149	.	*
NC_064036.1	1469261	1469511	peak16179	.	*
NC_064036.1	1495993	1496243	peak16188	.	*
NC_064036.1	1496395	1496645	peak16189	.	*
NC_064036.1	1513624	1513874	peak16198	.	*
NC_064036.1	1529995	1530245	peak16204	.	*
NC_064036.1	1700152	1700402	peak16297	.	*
NC_064036.1	1797151	1797401	peak16338	.	*
NC_064036.1	1797944	1798194	peak16339	.	*
NC_064036.1	1798860	1799110	peak16341	.	*
NC_064036.1	1802818	1803068	peak16348	.	*
NC_064036.1	1803435	1803685	peak16349	.	*
NC_064036.1	1876519	1876769	peak16374	.	*
NC_064036.1	1880399	1880649	peak16377	.	*
NC_064036.1	2250296	2250546	peak16493	.	*
NC_064036.1	2422286	2422536	peak16581	.	*
NC_064036.1	2557998	2558248	peak16625	.	*
NC_064036.1	2642650	2642899	peak16667	.	*
NC_064036.1	2818114	2818364	peak16739	.	*
NC_064036.1	2933096	2933346	peak16766	.	*
NC_064036.1	2933468	2933718	peak16767	.	*
NC_064036.1	2935586	2935836	peak16772	.	*
NC_064036.1	2937776	2938026	peak16777	.	*
NC_064036.1	3406270	3406520	peak16923	.	*
NC_064036.1	3755512	3755762	peak17040	.	*
NC_064036.1	3809665	3809915	peak17051	.	*
NC_064036.1	3813218	3813468	peak17054	.	*
NC_064036.1	3813577	3813827	peak17055	.	*
NC_064036.1	4009180	4009430	peak17144	.	*
NC_064036.1	4010835	4011085	peak17147	.	*
NC_064036.1	4130846	4131096	peak17169	.	*
NC_064036.1	4638953	4639203	peak17322	.	*
NC_064036.1	4810994	4811244	peak17382	.	*
NC_064036.1	4811560	4811810	peak17383	.	*
NC_064036.1	4812202	4812452	peak17384	.	*
NC_064036.1	4813129	4813379	peak17386	.	*
NC_064036.1	4814381	4814631	peak17387	.	*
NC_064036.1	4816352	4816602	peak17389	.	*
NC_064036.1	4817414	4817664	peak17392	.	*
NC_064036.1	4818769	4819019	peak17394	.	*
NC_064036.1	4819147	4819397	peak17395	.	*
NC_064036.1	4819844	4820094	peak17397	.	*
NC_064036.1	4822002	4822252	peak17398	.	*
NC_064036.1	4832423	4832673	peak17410	.	*
NC_064036.1	4832718	4832968	peak17411	.	*
NC_064036.1	4908281	4908531	peak17434	.	*
NC_064036.1	4972500	4972750	peak17445	.	*
NC_064036.1	4977785	4978035	peak17450	.	*
NC_064036.1	5100085	5100335	peak17520	.	*
NC_064036.1	5100450	5100700	peak17521	.	*
NC_064036.1	5141386	5141636	peak17531	.	*
NC_064036.1	5202002	5202252	peak17545	.	*
NC_064036.1	5299276	5299526	peak17573	.	*
NC_064036.1	5736026	5736276	peak17735	.	*
NC_064036.1	5738185	5738435	peak17740	.	*
NC_064036.1	5999369	5999619	peak17844	.	*
NC_064036.1	6020043	6020293	peak17852	.	*
NC_064036.1	6107466	6107716	peak17894	.	*
NC_064036.1	6258868	6259118	peak17979	.	*
NC_064036.1	6261175	6261425	peak17983	.	*
NC_064036.1	6292824	6293074	peak18008	.	*
NC_064036.1	6293133	6293383	peak18009	.	*
NC_064036.1	6303936	6304186	peak18014	.	*
NC_064036.1	6349049	6349299	peak18030	.	*
NC_064036.1	6350047	6350297	peak18032	.	*
NC_064036.1	6354786	6355036	peak18035	.	*
NC_064036.1	6356887	6357137	peak18040	.	*
NC_064036.1	6361096	6361346	peak18043	.	*
NC_064036.1	6364742	6364992	peak18044	.	*
NC_064036.1	6505882	6506132	peak18093	.	*
NC_064036.1	6506045	6506294	peak18094	.	*
NC_064036.1	6506735	6506985	peak18096	.	*
NC_064036.1	6543078	6543328	peak18107	.	*
NC_064036.1	6544743	6544993	peak18109	.	*
NC_064036.1	6565382	6565632	peak18116	.	*
NC_064036.1	6667306	6667556	peak18144	.	*
NC_064036.1	6668249	6668499	peak18145	.	*
NC_064036.1	6763847	6764097	peak18185	.	*
NC_064036.1	7296939	7297189	peak18448	.	*
NC_064036.1	7297891	7298141	peak18450	.	*
NC_064036.1	7344234	7344484	peak18487	.	*
NC_064036.1	7432131	7432381	peak18526	.	*
NC_064036.1	7513405	7513655	peak18578	.	*
NC_064036.1	7577961	7578211	peak18595	.	*
NC_064036.1	7579492	7579742	peak18596	.	*
NC_064036.1	7581513	7581763	peak18600	.	*
NC_064036.1	7583063	7583313	peak18601	.	*
NC_064036.1	7666750	7667000	peak18621	.	*
NC_064036.1	7717365	7717615	peak18655	.	*
NC_064036.1	7723602	7723852	peak18661	.	*
NC_064036.1	7834874	7835124	peak18693	.	*
NC_064036.1	7836036	7836286	peak18696	.	*
NC_064036.1	8024984	8025234	peak18785	.	*
NC_064036.1	8035119	8035369	peak18793	.	*
NC_064036.1	8036657	8036907	peak18796	.	*
NC_064036.1	8044680	8044930	peak18804	.	*
NC_064036.1	8051118	8051368	peak18816	.	*
NC_064036.1	8091355	8091605	peak18824	.	*
NC_064036.1	8168085	8168335	peak18852	.	*
NC_064036.1	8169007	8169257	peak18853	.	*
NC_064036.1	8170305	8170555	peak18855	.	*
NC_064036.1	8211089	8211339	peak18872	.	*
NC_064036.1	8382722	8382972	peak18932	.	*
NC_064036.1	8429867	8430117	peak18952	.	*
NC_064036.1	8490291	8490541	peak18968	.	*
NC_064036.1	8490607	8490857	peak18969	.	*
NC_064036.1	8819392	8819642	peak19044	.	*
NC_064036.1	8824022	8824272	peak19047	.	*
NC_064036.1	8826059	8826309	peak19051	.	*
NC_064036.1	8966989	8967239	peak19080	.	*
NC_064036.1	9025488	9025738	peak19094	.	*
NC_064036.1	9389272	9389522	peak19223	.	*
NC_064036.1	9390194	9390444	peak19225	.	*
NC_064036.1	9842969	9843219	peak19421	.	*
NC_064036.1	10023197	10023447	peak19484	.	*
NC_064036.1	10065489	10065739	peak19512	.	*
NC_064036.1	10081655	10081905	peak19519	.	*
NC_064036.1	10102532	10102782	peak19539	.	*
NC_064036.1	10681901	10682151	peak19812	.	*
NC_064036.1	10683046	10683296	peak19815	.	*
NC_064036.1	10684730	10684980	peak19818	.	*
NC_064036.1	10943138	10943388	peak19925	.	*
NC_064036.1	10944479	10944729	peak19926	.	*
NC_064036.1	10977892	10978142	peak19949	.	*
NC_064036.1	11056895	11057145	peak19980	.	*
NC_064036.1	11150345	11150595	peak20017	.	*
NC_064036.1	11150626	11150876	peak20018	.	*
NC_064036.1	11152066	11152316	peak20020	.	*
NC_064036.1	11215280	11215530	peak20061	.	*
NC_064036.1	11216121	11216371	peak20062	.	*
NC_064036.1	11239947	11240197	peak20072	.	*
NC_064036.1	11468020	11468270	peak20174	.	*
NC_064036.1	11627140	11627390	peak20208	.	*
NC_064036.1	11784579	11784829	peak20267	.	*
NC_064036.1	11816263	11816513	peak20272	.	*
NC_064036.1	11892979	11893229	peak20301	.	*
NC_064036.1	11968814	11969064	peak20342	.	*
NC_064036.1	11995608	11995858	peak20362	.	*
NC_064036.1	12147566	12147816	peak20442	.	*
NC_064036.1	12147741	12147990	peak20443	.	*
NC_064036.1	12151273	12151523	peak20449	.	*
NC_064036.1	12160465	12160715	peak20464	.	*
NC_064036.1	12161086	12161336	peak20466	.	*
NC_064036.1	12161609	12161859	peak20467	.	*
NC_064036.1	12464024	12464274	peak20573	.	*
NC_064036.1	12543215	12543465	peak20591	.	*
NC_064036.1	12706519	12706769	peak20657	.	*
NC_064036.1	12879202	12879452	peak20715	.	*
NC_064036.1	12880804	12881054	peak20720	.	*
NC_064036.1	12884662	12884912	peak20727	.	*
NC_064036.1	12911263	12911513	peak20754	.	*
NC_064036.1	12919432	12919682	peak20763	.	*
NC_064036.1	13090936	13091186	peak20837	.	*
NC_064036.1	13091384	13091634	peak20838	.	*
NC_064036.1	13162331	13162581	peak20866	.	*
NC_064036.1	13448410	13448660	peak20949	.	*
NC_064036.1	13823768	13824017	peak21161	.	*
NC_064036.1	13823813	13824062	peak21162	.	*
NC_064036.1	13963176	13963426	peak21211	.	*
NC_064036.1	14062237	14062487	peak21250	.	*
NC_064036.1	14062913	14063163	peak21251	.	*
NC_064036.1	14092977	14093227	peak21268	.	*
NC_064036.1	14097373	14097623	peak21274	.	*
NC_064036.1	14100731	14100981	peak21282	.	*
NC_064036.1	14102013	14102263	peak21284	.	*
NC_064036.1	14102175	14102424	peak21285	.	*
NC_064036.1	14360658	14360908	peak21373	.	*
NC_064036.1	14392242	14392492	peak21383	.	*
NC_064036.1	14392509	14392759	peak21384	.	*
NC_064036.1	14393641	14393891	peak21386	.	*
NC_064036.1	14394351	14394601	peak21388	.	*
NC_064036.1	14481042	14481292	peak21405	.	*
NC_064036.1	14482628	14482878	peak21407	.	*
NC_064036.1	14482936	14483186	peak21408	.	*
NC_064036.1	14483778	14484028	peak21410	.	*
NC_064036.1	14484455	14484705	peak21411	.	*
NC_064036.1	14510809	14511059	peak21418	.	*
NC_064036.1	14511618	14511868	peak21419	.	*
NC_064036.1	14512815	14513065	peak21421	.	*
NC_064036.1	14516855	14517105	peak21423	.	*
NC_064036.1	14551343	14551593	peak21430	.	*
NC_064036.1	14551815	14552065	peak21431	.	*
NC_064036.1	14553271	14553521	peak21432	.	*
NC_064036.1	14553856	14554106	peak21433	.	*
NC_064036.1	14554580	14554830	peak21434	.	*
NC_064036.1	14555345	14555595	peak21435	.	*
NC_064036.1	14556415	14556665	peak21437	.	*
NC_064036.1	14556957	14557207	peak21438	.	*
NC_064036.1	14592509	14592759	peak21444	.	*
NC_064036.1	14628866	14629116	peak21459	.	*
NC_064036.1	14630513	14630763	peak21461	.	*
NC_064036.1	14736329	14736579	peak21500	.	*
NC_064036.1	14737045	14737295	peak21501	.	*
NC_064036.1	14743464	14743714	peak21517	.	*
NC_064036.1	14775011	14775261	peak21541	.	*
NC_064036.1	15029929	15030179	peak21613	.	*
NC_064036.1	15053284	15053534	peak21628	.	*
NC_064036.1	15111281	15111531	peak21646	.	*
NC_064036.1	15228577	15228827	peak21708	.	*
NC_064036.1	15244791	15245041	peak21723	.	*
NC_064036.1	15282694	15282944	peak21743	.	*
NC_064036.1	15407730	15407980	peak21828	.	*
NC_064036.1	15518228	15518478	peak21863	.	*
NC_064036.1	15582792	15583042	peak21886	.	*
NC_064036.1	15583487	15583737	peak21887	.	*
NC_064036.1	15601381	15601631	peak21893	.	*
NC_064036.1	15604522	15604772	peak21898	.	*
NC_064036.1	15606298	15606548	peak21900	.	*
NC_064036.1	16540568	16540818	peak22156	.	*
NC_064036.1	16545749	16545999	peak22162	.	*
NC_064036.1	16597402	16597652	peak22179	.	*
NC_064036.1	16644062	16644312	peak22191	.	*
NC_064036.1	16658917	16659167	peak22197	.	*
NC_064036.1	16831596	16831846	peak22254	.	*
NC_064036.1	16868560	16868810	peak22260	.	*
NC_064036.1	16965777	16966027	peak22281	.	*
NC_064036.1	17337409	17337659	peak22423	.	*
NC_064036.1	17338352	17338602	peak22424	.	*
NC_064036.1	17398151	17398401	peak22431	.	*
NC_064036.1	17669017	17669267	peak22521	.	*
NC_064036.1	17669566	17669816	peak22522	.	*
NC_064036.1	17903340	17903590	peak22603	.	*
NC_064036.1	17912194	17912444	peak22612	.	*
NC_064036.1	18081602	18081852	peak22668	.	*
NC_064036.1	18166628	18166878	peak22681	.	*
NC_064036.1	19040369	19040619	peak22893	.	*
NC_064036.1	19117666	19117916	peak22915	.	*
NC_064036.1	19359333	19359583	peak23011	.	*
NC_064036.1	19433318	19433568	peak23039	.	*
NC_064036.1	19491669	19491919	peak23072	.	*
NC_064036.1	19840401	19840651	peak23125	.	*
NC_064036.1	20175597	20175847	peak23200	.	*
NC_064036.1	20176697	20176947	peak23201	.	*
NC_064036.1	20211296	20211546	peak23211	.	*
NC_064036.1	20218653	20218903	peak23216	.	*
NC_064036.1	20241422	20241672	peak23223	.	*
NC_064036.1	20639481	20639731	peak23337	.	*
NC_064036.1	20640476	20640726	peak23338	.	*
NC_064036.1	20647526	20647776	peak23340	.	*
NC_064037.1	1319976	1320226	peak23556	.	*
NC_064037.1	1432796	1433046	peak23600	.	*
NC_064037.1	1559204	1559454	peak23637	.	*
NC_064037.1	1565860	1566110	peak23645	.	*
NC_064037.1	1786142	1786392	peak23743	.	*
NC_064037.1	1993612	1993862	peak23825	.	*
NC_064037.1	1995015	1995265	peak23826	.	*
NC_064037.1	1995473	1995723	peak23827	.	*
NC_064037.1	1995847	1996097	peak23828	.	*
NC_064037.1	1996069	1996318	peak23829	.	*
NC_064037.1	1996515	1996765	peak23830	.	*
NC_064037.1	2054630	2054880	peak23846	.	*
NC_064037.1	2055072	2055322	peak23847	.	*
NC_064037.1	2189925	2190175	peak23892	.	*
NC_064037.1	2295179	2295429	peak23920	.	*
NC_064037.1	2676539	2676789	peak24072	.	*
NC_064037.1	2677122	2677372	peak24073	.	*
NC_064037.1	2677317	2677566	peak24074	.	*
NC_064037.1	2677513	2677763	peak24075	.	*
NC_064037.1	2813575	2813825	peak24133	.	*
NC_064037.1	2916060	2916310	peak24166	.	*
NC_064037.1	3097201	3097451	peak24247	.	*
NC_064037.1	3097936	3098186	peak24248	.	*
NC_064037.1	3104070	3104320	peak24249	.	*
NC_064037.1	3268273	3268523	peak24311	.	*
NC_064037.1	3270163	3270413	peak24314	.	*
NC_064037.1	3384337	3384587	peak24363	.	*
NC_064037.1	3880002	3880252	peak24513	.	*
NC_064037.1	4044422	4044672	peak24565	.	*
NC_064037.1	4045202	4045452	peak24566	.	*
NC_064037.1	4047585	4047835	peak24569	.	*
NC_064037.1	4132629	4132879	peak24589	.	*
NC_064037.1	4146129	4146379	peak24597	.	*
NC_064037.1	4159710	4159960	peak24602	.	*
NC_064037.1	4159870	4160119	peak24603	.	*
NC_064037.1	4160056	4160306	peak24604	.	*
NC_064037.1	4428811	4429061	peak24729	.	*
NC_064037.1	4602211	4602461	peak24770	.	*
NC_064037.1	4602649	4602899	peak24771	.	*
NC_064037.1	4602994	4603244	peak24772	.	*
NC_064037.1	4609803	4610053	peak24774	.	*
NC_064037.1	4713583	4713833	peak24820	.	*
NC_064037.1	4715584	4715834	peak24821	.	*
NC_064037.1	4715835	4716085	peak24822	.	*
NC_064037.1	4716430	4716680	peak24823	.	*
NC_064037.1	5398396	5398646	peak25106	.	*
NC_064037.1	5399018	5399268	peak25107	.	*
NC_064037.1	5437072	5437322	peak25123	.	*
NC_064037.1	5580032	5580282	peak25174	.	*
NC_064037.1	5621540	5621790	peak25191	.	*
NC_064037.1	5652642	5652892	peak25206	.	*
NC_064037.1	5664283	5664533	peak25218	.	*
NC_064037.1	5665329	5665579	peak25221	.	*
NC_064037.1	5666119	5666369	peak25222	.	*
NC_064037.1	5697176	5697426	peak25228	.	*
NC_064037.1	5909760	5910010	peak25326	.	*
NC_064037.1	6082904	6083154	peak25390	.	*
NC_064037.1	6087748	6087998	peak25394	.	*
NC_064037.1	6088098	6088348	peak25395	.	*
NC_064037.1	6264731	6264981	peak25468	.	*
NC_064037.1	6354834	6355084	peak25515	.	*
NC_064037.1	6516951	6517201	peak25572	.	*
NC_064037.1	6577423	6577673	peak25606	.	*
NC_064037.1	6789547	6789797	peak25682	.	*
NC_064037.1	6841876	6842126	peak25696	.	*
NC_064037.1	6843309	6843559	peak25699	.	*
NC_064037.1	6994197	6994447	peak25737	.	*
NC_064037.1	7103975	7104225	peak25786	.	*
NC_064037.1	7214604	7214854	peak25839	.	*
NC_064037.1	7407806	7408056	peak25914	.	*
NC_064037.1	7530642	7530892	peak25950	.	*
NC_064037.1	7704066	7704316	peak26058	.	*
NC_064037.1	7993249	7993499	peak26123	.	*
NC_064037.1	8765657	8765907	peak26407	.	*
NC_064037.1	9238679	9238929	peak26544	.	*
NC_064037.1	9239679	9239929	peak26546	.	*
NC_064037.1	9289402	9289652	peak26565	.	*
NC_064037.1	9422341	9422591	peak26629	.	*
NC_064037.1	9613288	9613538	peak26729	.	*
NC_064037.1	9613670	9613920	peak26730	.	*
NC_064037.1	9653215	9653465	peak26749	.	*
NC_064037.1	9704470	9704720	peak26773	.	*
NC_064037.1	9705104	9705354	peak26775	.	*
NC_064037.1	9791991	9792240	peak26790	.	*
NC_064037.1	9809712	9809962	peak26794	.	*
NC_064037.1	9810890	9811139	peak26795	.	*
NC_064037.1	9811451	9811701	peak26796	.	*
NC_064037.1	10054639	10054889	peak26861	.	*
NC_064037.1	10055171	10055421	peak26862	.	*
NC_064037.1	10135576	10135826	peak26895	.	*
NC_064037.1	10136797	10137047	peak26896	.	*
NC_064037.1	10226852	10227102	peak26927	.	*
NC_064037.1	10259529	10259779	peak26946	.	*
NC_064037.1	10259849	10260099	peak26947	.	*
NC_064037.1	10263575	10263825	peak26955	.	*
NC_064037.1	10326385	10326635	peak26980	.	*
NC_064037.1	10654222	10654472	peak27064	.	*
NC_064037.1	10723226	10723476	peak27079	.	*
NC_064037.1	10727259	10727509	peak27083	.	*
NC_064037.1	10931229	10931479	peak27195	.	*
NC_064037.1	11258728	11258978	peak27307	.	*
NC_064037.1	11288734	11288984	peak27321	.	*
NC_064037.1	11290156	11290406	peak27324	.	*
NC_064037.1	11292282	11292532	peak27327	.	*
NC_064037.1	11682992	11683242	peak27429	.	*
NC_064037.1	11689621	11689871	peak27436	.	*
NC_064037.1	11690572	11690822	peak27437	.	*
NC_064037.1	11878714	11878964	peak27512	.	*
NC_064037.1	11928413	11928663	peak27519	.	*
NC_064037.1	11948698	11948948	peak27530	.	*
NC_064037.1	11949409	11949659	peak27531	.	*
NC_064037.1	12033050	12033300	peak27563	.	*
NC_064037.1	12059106	12059356	peak27573	.	*
NC_064037.1	12123085	12123335	peak27587	.	*
NC_064037.1	12303219	12303469	peak27665	.	*
NC_064037.1	12303372	12303621	peak27666	.	*
NC_064037.1	12351386	12351636	peak27689	.	*
NC_064037.1	12417132	12417382	peak27717	.	*
NC_064037.1	12445436	12445686	peak27730	.	*
NC_064037.1	12762400	12762650	peak27806	.	*
NC_064037.1	13091515	13091765	peak27900	.	*
NC_064037.1	13158456	13158706	peak27906	.	*
NC_064037.1	13169711	13169961	peak27910	.	*
NC_064037.1	13363782	13364032	peak27976	.	*
NC_064037.1	13364290	13364540	peak27977	.	*
NC_064037.1	13369748	13369998	peak27985	.	*
NC_064037.1	13710530	13710780	peak28119	.	*
NC_064037.1	14062441	14062691	peak28204	.	*
NC_064037.1	14113629	14113879	peak28232	.	*
NC_064037.1	14114517	14114767	peak28234	.	*
NC_064037.1	14121808	14122058	peak28243	.	*
NC_064037.1	14160303	14160553	peak28255	.	*
NC_064037.1	15040766	15041016	peak28521	.	*
NC_064037.1	15428819	15429069	peak28686	.	*
NC_064037.1	15429409	15429659	peak28687	.	*
NC_064037.1	15641676	15641926	peak28749	.	*
NC_064037.1	15832349	15832599	peak28809	.	*
NC_064037.1	16042807	16043057	peak28930	.	*
NC_064037.1	16294759	16295009	peak28980	.	*
NC_064037.1	16591808	16592058	peak29090	.	*
NC_064037.1	16811072	16811322	peak29146	.	*
NC_064037.1	16812923	16813173	peak29151	.	*
NC_064037.1	16864217	16864467	peak29171	.	*
NC_064037.1	16864624	16864874	peak29172	.	*
NC_064037.1	16991537	16991787	peak29185	.	*
NC_064037.1	16993006	16993256	peak29187	.	*
NC_064037.1	16993567	16993817	peak29189	.	*
NC_064037.1	17412739	17412989	peak29334	.	*
NC_064037.1	17421354	17421604	peak29344	.	*
NC_064037.1	17593787	17594037	peak29404	.	*
NC_064037.1	17743214	17743464	peak29474	.	*
NC_064037.1	17756551	17756801	peak29496	.	*
NC_064037.1	17812003	17812253	peak29513	.	*
NC_064037.1	17876417	17876667	peak29533	.	*
NC_064037.1	18374463	18374713	peak29679	.	*
NC_064037.1	18408063	18408313	peak29691	.	*
NC_064038.1	1051545	1051795	peak29892	.	*
NC_064038.1	1052109	1052359	peak29894	.	*
NC_064038.1	1052581	1052831	peak29895	.	*
NC_064038.1	1055494	1055744	peak29901	.	*
NC_064038.1	1056228	1056478	peak29903	.	*
NC_064038.1	1106306	1106556	peak29933	.	*
NC_064038.1	1106834	1107084	peak29934	.	*
NC_064038.1	1272182	1272432	peak29980	.	*
NC_064038.1	1273146	1273396	peak29983	.	*
NC_064038.1	1273515	1273765	peak29984	.	*
NC_064038.1	1339548	1339798	peak30010	.	*
NC_064038.1	1575463	1575713	peak30041	.	*
NC_064038.1	1577152	1577402	peak30043	.	*
NC_064038.1	1577422	1577672	peak30044	.	*
NC_064038.1	1582305	1582555	peak30051	.	*
NC_064038.1	1582462	1582711	peak30052	.	*
NC_064038.1	2360080	2360330	peak30122	.	*
NC_064038.1	2377467	2377717	peak30125	.	*
NC_064038.1	3383461	3383711	peak30286	.	*
NC_064038.1	3448968	3449218	peak30309	.	*
NC_064038.1	3450217	3450467	peak30312	.	*
NC_064038.1	3465164	3465414	peak30315	.	*
NC_064038.1	3784607	3784857	peak30423	.	*
NC_064038.1	3785735	3785985	peak30425	.	*
NC_064038.1	3927115	3927365	peak30495	.	*
NC_064038.1	4086729	4086979	peak30558	.	*
NC_064038.1	4347936	4348186	peak30663	.	*
NC_064038.1	4604236	4604486	peak30751	.	*
NC_064038.1	4831385	4831635	peak30852	.	*
NC_064038.1	4837486	4837736	peak30857	.	*
NC_064038.1	4924284	4924534	peak30902	.	*
NC_064038.1	4925550	4925800	peak30904	.	*
NC_064038.1	4957814	4958064	peak30911	.	*
NC_064038.1	4958393	4958643	peak30912	.	*
NC_064038.1	4986737	4986987	peak30916	.	*
NC_064038.1	4987352	4987602	peak30917	.	*
NC_064038.1	5027677	5027927	peak30929	.	*
NC_064038.1	5029020	5029270	peak30931	.	*
NC_064038.1	5475202	5475452	peak31011	.	*
NC_064038.1	5475527	5475777	peak31012	.	*
NC_064038.1	5552891	5553141	peak31056	.	*
NC_064038.1	5590294	5590544	peak31065	.	*
NC_064038.1	5712571	5712821	peak31107	.	*
NC_064038.1	5746790	5747040	peak31114	.	*
NC_064038.1	5749875	5750125	peak31115	.	*
NC_064038.1	5859521	5859771	peak31171	.	*
NC_064038.1	5870727	5870977	peak31180	.	*
NC_064038.1	5871102	5871352	peak31181	.	*
NC_064038.1	5879055	5879305	peak31188	.	*
NC_064038.1	5908797	5909047	peak31227	.	*
NC_064038.1	5919533	5919783	peak31237	.	*
NC_064038.1	6075379	6075629	peak31336	.	*
NC_064038.1	6076507	6076757	peak31337	.	*
NC_064038.1	6077182	6077432	peak31338	.	*
NC_064038.1	6424405	6424655	peak31454	.	*
NC_064038.1	6425340	6425590	peak31455	.	*
NC_064038.1	6440818	6441068	peak31464	.	*
NC_064038.1	6609972	6610222	peak31533	.	*
NC_064038.1	6612160	6612410	peak31539	.	*
NC_064038.1	7070914	7071164	peak31651	.	*
NC_064038.1	7071419	7071669	peak31652	.	*
NC_064038.1	7071683	7071933	peak31653	.	*
NC_064038.1	7072264	7072514	peak31655	.	*
NC_064038.1	7076640	7076890	peak31663	.	*
NC_064038.1	7734047	7734297	peak31826	.	*
NC_064038.1	7860881	7861131	peak31863	.	*
NC_064038.1	8135993	8136243	peak31968	.	*
NC_064038.1	8312473	8312723	peak32028	.	*
NC_064038.1	8313632	8313882	peak32029	.	*
NC_064038.1	8520819	8521069	peak32080	.	*
NC_064038.1	8732981	8733231	peak32153	.	*
NC_064038.1	9185844	9186094	peak32299	.	*
NC_064038.1	9188698	9188948	peak32300	.	*
NC_064038.1	9335983	9336233	peak32377	.	*
NC_064038.1	9524494	9524743	peak32468	.	*
NC_064038.1	9592664	9592914	peak32486	.	*
NC_064038.1	9909811	9910061	peak32594	.	*
NC_064038.1	9952803	9953053	peak32622	.	*
NC_064038.1	10112113	10112363	peak32689	.	*
NC_064038.1	10623974	10624224	peak32885	.	*
NC_064038.1	10909716	10909966	peak32973	.	*
NC_064038.1	10920439	10920689	peak32979	.	*
NC_064038.1	11163206	11163456	peak33059	.	*
NC_064038.1	11202588	11202838	peak33073	.	*
NC_064038.1	11225655	11225905	peak33085	.	*
NC_064038.1	11647146	11647396	peak33263	.	*
NC_064038.1	11884706	11884956	peak33319	.	*
NC_064038.1	12488470	12488720	peak33471	.	*
NC_064038.1	12490653	12490903	peak33473	.	*
NC_064038.1	12491020	12491270	peak33474	.	*
NC_064038.1	12584906	12585156	peak33527	.	*
NC_064038.1	12672748	12672998	peak33551	.	*
NC_064038.1	12686205	12686455	peak33559	.	*
NC_064038.1	12863677	12863927	peak33626	.	*
NC_064038.1	13359055	13359305	peak33752	.	*
NC_064038.1	13579836	13580086	peak33850	.	*
NC_064038.1	13595504	13595754	peak33862	.	*
NC_064038.1	13905041	13905291	peak33962	.	*
NC_064038.1	13966997	13967247	peak33996	.	*
NC_064038.1	13988056	13988306	peak34011	.	*
NC_064038.1	13991135	13991385	peak34015	.	*
NC_064038.1	13991781	13992031	peak34017	.	*
NC_064038.1	14016746	14016996	peak34028	.	*
NC_064038.1	14078685	14078935	peak34043	.	*
NC_064038.1	14079932	14080182	peak34044	.	*
NC_064038.1	14080949	14081199	peak34045	.	*
NC_064038.1	14081207	14081457	peak34046	.	*
NC_064038.1	14081775	14082025	peak34047	.	*
NC_064038.1	14082116	14082366	peak34048	.	*
NC_064038.1	14082535	14082785	peak34049	.	*
NC_064038.1	14083023	14083273	peak34050	.	*
NC_064038.1	15079286	15079536	peak34267	.	*
NC_064038.1	15080168	15080418	peak34268	.	*
NC_064038.1	15081506	15081756	peak34271	.	*
NC_064038.1	15152398	15152648	peak34298	.	*
NC_064038.1	15546346	15546596	peak34344	.	*
NC_064038.1	15546678	15546928	peak34345	.	*
NC_064038.1	15548034	15548284	peak34347	.	*
NC_064038.1	15555979	15556229	peak34350	.	*
NC_064038.1	15557568	15557818	peak34352	.	*
NC_064038.1	15557838	15558088	peak34353	.	*
NC_064038.1	15567009	15567259	peak34356	.	*
NC_064038.1	15567542	15567792	peak34357	.	*
NC_064038.1	15571603	15571853	peak34360	.	*
NC_064038.1	15581541	15581791	peak34363	.	*
NC_064038.1	15584205	15584455	peak34367	.	*
NC_064038.1	15585008	15585258	peak34369	.	*
NC_064038.1	15587646	15587896	peak34373	.	*
NC_064038.1	15625208	15625458	peak34385	.	*
NC_064038.1	18126156	18126406	peak34945	.	*
NC_064039.1	90196	90446	peak35003	.	*
NC_064039.1	90612	90862	peak35004	.	*
NC_064039.1	185058	185308	peak35048	.	*
NC_064039.1	323955	324205	peak35099	.	*
NC_064039.1	475402	475652	peak35167	.	*
NC_064039.1	693892	694142	peak35260	.	*
NC_064039.1	718796	719046	peak35267	.	*
NC_064039.1	726368	726618	peak35268	.	*
NC_064039.1	744036	744286	peak35273	.	*
NC_064039.1	890745	890995	peak35333	.	*
NC_064039.1	933428	933678	peak35347	.	*
NC_064039.1	948403	948653	peak35353	.	*
NC_064039.1	1036739	1036989	peak35400	.	*
NC_064039.1	1038999	1039249	peak35403	.	*
NC_064039.1	1077849	1078099	peak35421	.	*
NC_064039.1	1095953	1096203	peak35429	.	*
NC_064039.1	1559582	1559832	peak35561	.	*
NC_064039.1	1623681	1623931	peak35593	.	*
NC_064039.1	1908449	1908699	peak35671	.	*
NC_064039.1	2220352	2220602	peak35757	.	*
NC_064039.1	2305237	2305487	peak35789	.	*
NC_064039.1	2483636	2483886	peak35853	.	*
NC_064039.1	2615738	2615988	peak35928	.	*
NC_064039.1	2693639	2693889	peak35977	.	*
NC_064039.1	2719607	2719857	peak35993	.	*
NC_064039.1	2725439	2725689	peak36001	.	*
NC_064039.1	2815493	2815743	peak36024	.	*
NC_064039.1	3053889	3054139	peak36123	.	*
NC_064039.1	3223688	3223938	peak36201	.	*
NC_064039.1	3489050	3489300	peak36290	.	*
NC_064039.1	3489578	3489828	peak36291	.	*
NC_064039.1	3591376	3591626	peak36334	.	*
NC_064039.1	3599360	3599610	peak36339	.	*
NC_064039.1	3601625	3601875	peak36342	.	*
NC_064039.1	3698231	3698481	peak36387	.	*
NC_064039.1	3699226	3699476	peak36390	.	*
NC_064039.1	3699402	3699651	peak36391	.	*
NC_064039.1	3699553	3699803	peak36392	.	*
NC_064039.1	3707240	3707490	peak36401	.	*
NC_064039.1	3712555	3712805	peak36405	.	*
NC_064039.1	3712892	3713142	peak36406	.	*
NC_064039.1	3717281	3717531	peak36413	.	*
NC_064039.1	3717657	3717907	peak36414	.	*
NC_064039.1	3718343	3718593	peak36416	.	*
NC_064039.1	3719551	3719801	peak36418	.	*
NC_064039.1	3731350	3731600	peak36425	.	*
NC_064039.1	3734179	3734429	peak36429	.	*
NC_064039.1	3737657	3737907	peak36432	.	*
NC_064039.1	3738052	3738302	peak36433	.	*
NC_064039.1	3741185	3741435	peak36438	.	*
NC_064039.1	3741631	3741881	peak36439	.	*
NC_064039.1	3742046	3742296	peak36440	.	*
NC_064039.1	3742199	3742448	peak36441	.	*
NC_064039.1	3742395	3742645	peak36442	.	*
NC_064039.1	3742691	3742941	peak36443	.	*
NC_064039.1	3743345	3743595	peak36445	.	*
NC_064039.1	3745907	3746157	peak36449	.	*
NC_064039.1	3747198	3747448	peak36451	.	*
NC_064039.1	3764988	3765238	peak36462	.	*
NC_064039.1	3766618	3766868	peak36465	.	*
NC_064039.1	3770306	3770556	peak36468	.	*
NC_064039.1	3957770	3958020	peak36559	.	*
NC_064039.1	4249733	4249983	peak36668	.	*
NC_064039.1	4496366	4496616	peak36785	.	*
NC_064039.1	4502402	4502652	peak36793	.	*
NC_064039.1	4842590	4842840	peak36918	.	*
NC_064039.1	4844457	4844707	peak36920	.	*
NC_064039.1	4872416	4872666	peak36938	.	*
NC_064039.1	4876869	4877119	peak36939	.	*
NC_064039.1	5020225	5020475	peak37012	.	*
NC_064039.1	5174662	5174912	peak37071	.	*
NC_064039.1	5341157	5341407	peak37154	.	*
NC_064039.1	5481954	5482204	peak37184	.	*
NC_064039.1	5482912	5483162	peak37185	.	*
NC_064039.1	5483321	5483571	peak37186	.	*
NC_064039.1	5484258	5484508	peak37187	.	*
NC_064039.1	5484623	5484873	peak37188	.	*
NC_064039.1	5760701	5760951	peak37297	.	*
NC_064039.1	5905939	5906189	peak37344	.	*
NC_064039.1	6124836	6125086	peak37422	.	*
NC_064039.1	6126203	6126453	peak37423	.	*
NC_064039.1	6127084	6127334	peak37425	.	*
NC_064039.1	6128664	6128914	peak37426	.	*
NC_064039.1	6320525	6320775	peak37516	.	*
NC_064039.1	6470248	6470498	peak37577	.	*
NC_064039.1	6471521	6471771	peak37578	.	*
NC_064039.1	6562409	6562659	peak37601	.	*
NC_064039.1	6590444	6590694	peak37636	.	*
NC_064039.1	6591501	6591751	peak37638	.	*
NC_064039.1	6591728	6591977	peak37639	.	*
NC_064039.1	6601417	6601667	peak37643	.	*
NC_064039.1	6601870	6602120	peak37644	.	*
NC_064039.1	6978521	6978771	peak37866	.	*
NC_064039.1	6979594	6979844	peak37868	.	*
NC_064039.1	6986712	6986962	peak37871	.	*
NC_064039.1	6990834	6991084	peak37875	.	*
NC_064039.1	6992188	6992437	peak37879	.	*
NC_064039.1	7045311	7045561	peak37909	.	*
NC_064039.1	7133887	7134137	peak37950	.	*
NC_064039.1	7134630	7134880	peak37951	.	*
NC_064039.1	7137540	7137790	peak37955	.	*
NC_064039.1	7198838	7199088	peak37983	.	*
NC_064039.1	7202356	7202606	peak37990	.	*
NC_064039.1	7312442	7312692	peak38056	.	*
NC_064039.1	7443119	7443369	peak38127	.	*
NC_064039.1	7443567	7443817	peak38128	.	*
NC_064039.1	7495227	7495477	peak38136	.	*
NC_064039.1	7777806	7778056	peak38247	.	*
NC_064039.1	7785816	7786066	peak38256	.	*
NC_064039.1	7787161	7787411	peak38258	.	*
NC_064039.1	7789443	7789693	peak38259	.	*
NC_064039.1	7790186	7790436	peak38261	.	*
NC_064039.1	7793224	7793474	peak38263	.	*
NC_064039.1	7795067	7795317	peak38267	.	*
NC_064039.1	8020100	8020349	peak38315	.	*
NC_064039.1	8066651	8066901	peak38345	.	*
NC_064039.1	8503594	8503844	peak38488	.	*
NC_064039.1	8520168	8520418	peak38505	.	*
NC_064039.1	8520931	8521181	peak38507	.	*
NC_064039.1	9197094	9197344	peak38771	.	*
NC_064039.1	9199448	9199698	peak38773	.	*
NC_064039.1	9546936	9547186	peak38926	.	*
NC_064039.1	9613800	9614050	peak38967	.	*
NC_064039.1	9720028	9720278	peak39016	.	*
NC_064039.1	9721143	9721393	peak39017	.	*
NC_064039.1	9721847	9722097	peak39018	.	*
NC_064039.1	9860620	9860870	peak39079	.	*
NC_064039.1	9869507	9869757	peak39087	.	*
NC_064039.1	9994435	9994685	peak39138	.	*
NC_064039.1	10152127	10152377	peak39253	.	*
NC_064039.1	10409110	10409360	peak39377	.	*
NC_064039.1	10506918	10507168	peak39412	.	*
NC_064039.1	11126258	11126508	peak39667	.	*
NC_064039.1	11323617	11323867	peak39751	.	*
NC_064039.1	11324425	11324675	peak39752	.	*
NC_064039.1	11324750	11325000	peak39753	.	*
NC_064039.1	11326774	11327024	peak39757	.	*
NC_064039.1	11556280	11556530	peak39829	.	*
NC_064039.1	11557359	11557609	peak39830	.	*
NC_064039.1	11728373	11728623	peak39881	.	*
NC_064039.1	11759481	11759731	peak39903	.	*
NC_064039.1	11829832	11830082	peak39968	.	*
NC_064039.1	11839328	11839578	peak39979	.	*
NC_064039.1	11839830	11840080	peak39980	.	*
NC_064039.1	11844743	11844993	peak39986	.	*
NC_064039.1	11886783	11887033	peak40012	.	*
NC_064039.1	11887142	11887392	peak40013	.	*
NC_064039.1	11887994	11888244	peak40015	.	*
NC_064039.1	11890447	11890697	peak40020	.	*
NC_064039.1	11963309	11963559	peak40065	.	*
NC_064039.1	11963503	11963752	peak40066	.	*
NC_064039.1	11964394	11964644	peak40069	.	*
NC_064039.1	12151693	12151943	peak40168	.	*
NC_064039.1	12152485	12152734	peak40170	.	*
NC_064039.1	12604379	12604629	peak40344	.	*
NC_064039.1	12606898	12607148	peak40347	.	*
NC_064039.1	12609859	12610109	peak40352	.	*
NC_064039.1	12611658	12611908	peak40354	.	*
NC_064039.1	12712195	12712445	peak40409	.	*
NC_064039.1	12716900	12717150	peak40415	.	*
NC_064039.1	12988711	12988961	peak40527	.	*
NC_064039.1	13092985	13093235	peak40574	.	*
NC_064039.1	13453505	13453755	peak40686	.	*
NC_064039.1	13454078	13454328	peak40687	.	*
NC_064039.1	13455398	13455648	peak40689	.	*
NC_064039.1	13547545	13547795	peak40709	.	*
NC_064039.1	13548236	13548486	peak40710	.	*
NC_064039.1	13549395	13549645	peak40711	.	*
NC_064039.1	13906526	13906776	peak40820	.	*
NC_064039.1	13906695	13906944	peak40821	.	*
NC_064039.1	14131546	14131796	peak40885	.	*
NC_064039.1	14138556	14138806	peak40894	.	*
NC_064039.1	14545029	14545279	peak41066	.	*
NC_064039.1	14846713	14846963	peak41164	.	*
NC_064039.1	14847871	14848121	peak41167	.	*
NC_064039.1	14848480	14848730	peak41168	.	*
NC_064039.1	14849123	14849373	peak41169	.	*
NC_064039.1	14850733	14850983	peak41171	.	*
NC_064039.1	15183306	15183556	peak41295	.	*
NC_064039.1	15183753	15184003	peak41296	.	*
NC_064039.1	15456921	15457171	peak41395	.	*
NC_064039.1	15935500	15935750	peak41541	.	*
NC_064040.1	1065619	1065869	peak41920	.	*
NC_064040.1	1068580	1068830	peak41927	.	*
NC_064040.1	1286025	1286275	peak41988	.	*
NC_064040.1	1295414	1295664	peak41993	.	*
NC_064040.1	1298954	1299204	peak41997	.	*
NC_064040.1	1674918	1675168	peak42130	.	*
NC_064040.1	1943652	1943902	peak42236	.	*
NC_064040.1	2395338	2395588	peak42248	.	*
NC_064040.1	3218837	3219087	peak42507	.	*
NC_064040.1	3219098	3219348	peak42508	.	*
NC_064040.1	3321016	3321266	peak42543	.	*
NC_064040.1	3481910	3482160	peak42598	.	*
NC_064040.1	3484487	3484737	peak42603	.	*
NC_064040.1	3547843	3548093	peak42630	.	*
NC_064040.1	3728964	3729214	peak42697	.	*
NC_064040.1	3836762	3837012	peak42732	.	*
NC_064040.1	3926477	3926727	peak42761	.	*
NC_064040.1	3954945	3955195	peak42769	.	*
NC_064040.1	4263510	4263760	peak42869	.	*
NC_064040.1	4432572	4432822	peak42955	.	*
NC_064040.1	4803778	4804028	peak43120	.	*
NC_064040.1	4945898	4946148	peak43178	.	*
NC_064040.1	5127849	5128099	peak43238	.	*
NC_064040.1	5244840	5245090	peak43265	.	*
NC_064040.1	5335309	5335559	peak43313	.	*
NC_064040.1	5336070	5336320	peak43314	.	*
NC_064040.1	5426513	5426763	peak43347	.	*
NC_064040.1	5427868	5428118	peak43348	.	*
NC_064040.1	5428203	5428453	peak43349	.	*
NC_064040.1	5476988	5477238	peak43372	.	*
NC_064040.1	5478932	5479182	peak43373	.	*
NC_064040.1	5479701	5479951	peak43374	.	*
NC_064040.1	5479986	5480236	peak43375	.	*
NC_064040.1	5491309	5491559	peak43393	.	*
NC_064040.1	5516316	5516566	peak43406	.	*
NC_064040.1	5579390	5579640	peak43433	.	*
NC_064040.1	5703858	5704108	peak43510	.	*
NC_064040.1	5712943	5713193	peak43513	.	*
NC_064040.1	5795093	5795343	peak43534	.	*
NC_064040.1	5808339	5808589	peak43539	.	*
NC_064040.1	5951626	5951876	peak43574	.	*
NC_064040.1	5951903	5952153	peak43575	.	*
NC_064040.1	5953189	5953439	peak43576	.	*
NC_064040.1	5953734	5953984	peak43577	.	*
NC_064040.1	5979673	5979923	peak43591	.	*
NC_064040.1	6006620	6006870	peak43619	.	*
NC_064040.1	6016003	6016253	peak43622	.	*
NC_064040.1	6016581	6016831	peak43623	.	*
NC_064040.1	6027567	6027817	peak43627	.	*
NC_064040.1	6060267	6060517	peak43633	.	*
NC_064040.1	6132553	6132803	peak43662	.	*
NC_064040.1	6133209	6133459	peak43663	.	*
NC_064040.1	6180297	6180547	peak43671	.	*
NC_064040.1	6271167	6271417	peak43708	.	*
NC_064040.1	6272170	6272420	peak43709	.	*
NC_064040.1	6425850	6426100	peak43781	.	*
NC_064040.1	6734094	6734344	peak43886	.	*
NC_064040.1	6776095	6776345	peak43908	.	*
NC_064040.1	6786200	6786450	peak43914	.	*
NC_064040.1	7002105	7002355	peak43989	.	*
NC_064040.1	7108881	7109131	peak44015	.	*
NC_064040.1	7109192	7109442	peak44016	.	*
NC_064040.1	7269485	7269735	peak44107	.	*
NC_064040.1	7558434	7558684	peak44205	.	*
NC_064040.1	7559699	7559949	peak44207	.	*
NC_064040.1	7565912	7566162	peak44210	.	*
NC_064040.1	7769913	7770163	peak44302	.	*
NC_064040.1	7770085	7770334	peak44303	.	*
NC_064040.1	7787131	7787381	peak44304	.	*
NC_064040.1	7915527	7915777	peak44351	.	*
NC_064040.1	7915895	7916145	peak44352	.	*
NC_064040.1	7920113	7920363	peak44358	.	*
NC_064040.1	7999823	8000073	peak44405	.	*
NC_064040.1	8006002	8006252	peak44406	.	*
NC_064040.1	8100586	8100836	peak44448	.	*
NC_064040.1	8101248	8101498	peak44449	.	*
NC_064040.1	8305599	8305849	peak44560	.	*
NC_064040.1	8610365	8610615	peak44688	.	*
NC_064040.1	8610761	8611011	peak44689	.	*
NC_064040.1	8757183	8757432	peak44749	.	*
NC_064040.1	8758874	8759124	peak44751	.	*
NC_064040.1	8851929	8852179	peak44795	.	*
NC_064040.1	8899938	8900188	peak44821	.	*
NC_064040.1	8947820	8948070	peak44851	.	*
NC_064040.1	8962176	8962426	peak44869	.	*
NC_064040.1	8962690	8962940	peak44870	.	*
NC_064040.1	9423864	9424114	peak45000	.	*
NC_064040.1	9448153	9448403	peak45005	.	*
NC_064040.1	9529119	9529369	peak45041	.	*
NC_064040.1	9572825	9573075	peak45053	.	*
NC_064040.1	9585200	9585450	peak45060	.	*
NC_064040.1	9809734	9809984	peak45146	.	*
NC_064040.1	9844583	9844833	peak45165	.	*
NC_064040.1	9872001	9872251	peak45181	.	*
NC_064040.1	9989937	9990187	peak45231	.	*
NC_064040.1	9990781	9991031	peak45233	.	*
NC_064040.1	10223038	10223288	peak45289	.	*
NC_064040.1	10539308	10539558	peak45353	.	*
NC_064040.1	10582927	10583176	peak45370	.	*
NC_064040.1	10584314	10584564	peak45373	.	*
NC_064040.1	10586437	10586687	peak45374	.	*
NC_064040.1	10588940	10589190	peak45375	.	*
NC_064040.1	10589201	10589451	peak45376	.	*
NC_064040.1	10708006	10708256	peak45438	.	*
NC_064040.1	10876867	10877117	peak45492	.	*
NC_064040.1	10938210	10938460	peak45516	.	*
NC_064040.1	11144417	11144667	peak45602	.	*
NC_064040.1	11356827	11357077	peak45685	.	*
NC_064040.1	11357369	11357619	peak45686	.	*
NC_064040.1	11358234	11358484	peak45687	.	*
NC_064040.1	11358515	11358765	peak45688	.	*
NC_064040.1	11359282	11359532	peak45689	.	*
NC_064040.1	11360437	11360687	peak45691	.	*
NC_064040.1	11449904	11450154	peak45726	.	*
NC_064040.1	11619253	11619503	peak45796	.	*
NC_064040.1	11619647	11619897	peak45797	.	*
NC_064040.1	11709101	11709351	peak45818	.	*
NC_064040.1	11711171	11711421	peak45822	.	*
NC_064040.1	11712032	11712282	peak45824	.	*
NC_064040.1	11713481	11713731	peak45827	.	*
NC_064040.1	11714677	11714927	peak45829	.	*
NC_064040.1	11715685	11715935	peak45831	.	*
NC_064040.1	12397364	12397614	peak46100	.	*
NC_064040.1	12397851	12398101	peak46101	.	*
NC_064040.1	12404330	12404580	peak46102	.	*
NC_064040.1	12406704	12406954	peak46107	.	*
NC_064040.1	12525693	12525943	peak46127	.	*
NC_064040.1	12857107	12857357	peak46272	.	*
NC_064040.1	13444931	13445181	peak46460	.	*
NC_064040.1	13446008	13446258	peak46461	.	*
NC_064040.1	13741481	13741731	peak46524	.	*
NC_064040.1	14007481	14007731	peak46624	.	*
NC_064040.1	14080069	14080319	peak46646	.	*
NC_064040.1	14080604	14080854	peak46647	.	*
NC_064040.1	14133229	14133479	peak46689	.	*
NC_064040.1	14529416	14529666	peak46836	.	*
NC_064040.1	14530144	14530394	peak46837	.	*
NC_064040.1	14704029	14704279	peak46883	.	*
NC_064040.1	14729791	14730041	peak46898	.	*
NC_064040.1	14737561	14737811	peak46912	.	*
NC_064040.1	15271105	15271355	peak47066	.	*
NC_064040.1	15462188	15462438	peak47121	.	*
NC_064040.1	15463311	15463561	peak47123	.	*
NC_064040.1	15464240	15464490	peak47124	.	*
NC_064040.1	15464570	15464820	peak47125	.	*
NC_064040.1	16295791	16296040	peak47341	.	*
NC_064040.1	16306231	16306481	peak47359	.	*
NC_064040.1	16610402	16610652	peak47421	.	*
NC_064040.1	16901086	16901336	peak47512	.	*
NC_064040.1	17611647	17611897	peak47765	.	*
NC_064040.1	17613306	17613556	peak47766	.	*
NC_064041.1	647834	648084	peak48032	.	*
NC_064041.1	651350	651600	peak48034	.	*
NC_064041.1	654609	654859	peak48037	.	*
NC_064041.1	1545081	1545331	peak48256	.	*
NC_064041.1	1568196	1568446	peak48267	.	*
NC_064041.1	1588188	1588438	peak48273	.	*
NC_064041.1	1601650	1601900	peak48278	.	*
NC_064041.1	1601989	1602239	peak48279	.	*
NC_064041.1	1602425	1602675	peak48280	.	*
NC_064041.1	1710948	1711198	peak48317	.	*
NC_064041.1	1864900	1865150	peak48360	.	*
NC_064041.1	2118722	2118972	peak48417	.	*
NC_064041.1	2119411	2119661	peak48419	.	*
NC_064041.1	2120239	2120489	peak48421	.	*
NC_064041.1	2121079	2121329	peak48422	.	*
NC_064041.1	2523863	2524113	peak48544	.	*
NC_064041.1	2525339	2525589	peak48546	.	*
NC_064041.1	2527314	2527564	peak48547	.	*
NC_064041.1	2528392	2528642	peak48548	.	*
NC_064041.1	3216252	3216502	peak48714	.	*
NC_064041.1	3220018	3220268	peak48717	.	*
NC_064041.1	3226374	3226623	peak48718	.	*
NC_064041.1	3327950	3328200	peak48762	.	*
NC_064041.1	3562996	3563246	peak48828	.	*
NC_064041.1	3564064	3564314	peak48830	.	*
NC_064041.1	3577449	3577699	peak48855	.	*
NC_064041.1	3770827	3771077	peak48947	.	*
NC_064041.1	4324747	4324997	peak49102	.	*
NC_064041.1	4325031	4325281	peak49103	.	*
NC_064041.1	4325551	4325801	peak49104	.	*
NC_064041.1	4325973	4326223	peak49106	.	*
NC_064041.1	4326927	4327177	peak49107	.	*
NC_064041.1	4327306	4327556	peak49108	.	*
NC_064041.1	4327483	4327732	peak49109	.	*
NC_064041.1	4327951	4328201	peak49110	.	*
NC_064041.1	4328297	4328547	peak49111	.	*
NC_064041.1	4435890	4436140	peak49138	.	*
NC_064041.1	4527981	4528231	peak49162	.	*
NC_064041.1	4528469	4528719	peak49163	.	*
NC_064041.1	4529085	4529335	peak49164	.	*
NC_064041.1	4571667	4571917	peak49173	.	*
NC_064041.1	4572535	4572785	peak49174	.	*
NC_064041.1	4761140	4761390	peak49215	.	*
NC_064041.1	4828414	4828664	peak49244	.	*
NC_064041.1	4884165	4884415	peak49257	.	*
NC_064041.1	4884887	4885137	peak49260	.	*
NC_064041.1	4885284	4885534	peak49261	.	*
NC_064041.1	4947716	4947966	peak49300	.	*
NC_064041.1	4948561	4948811	peak49302	.	*
NC_064041.1	4949094	4949344	peak49303	.	*
NC_064041.1	5191894	5192144	peak49385	.	*
NC_064041.1	5456540	5456790	peak49471	.	*
NC_064041.1	5505170	5505420	peak49485	.	*
NC_064041.1	5591606	5591856	peak49514	.	*
NC_064041.1	5615331	5615581	peak49526	.	*
NC_064041.1	5715932	5716182	peak49560	.	*
NC_064041.1	5749159	5749409	peak49571	.	*
NC_064041.1	5875853	5876103	peak49628	.	*
NC_064041.1	5876957	5877207	peak49629	.	*
NC_064041.1	6153951	6154201	peak49694	.	*
NC_064041.1	6155546	6155796	peak49695	.	*
NC_064041.1	6416428	6416678	peak49792	.	*
NC_064041.1	6572989	6573239	peak49832	.	*
NC_064041.1	7314096	7314346	peak50059	.	*
NC_064041.1	7369974	7370224	peak50089	.	*
NC_064041.1	7371574	7371824	peak50091	.	*
NC_064041.1	7441601	7441851	peak50116	.	*
NC_064041.1	7463018	7463268	peak50120	.	*
NC_064041.1	7463643	7463893	peak50121	.	*
NC_064041.1	7516903	7517153	peak50137	.	*
NC_064041.1	7534758	7535008	peak50141	.	*
NC_064041.1	7535019	7535269	peak50142	.	*
NC_064041.1	7951675	7951925	peak50272	.	*
NC_064041.1	8681349	8681599	peak50433	.	*
NC_064041.1	9005949	9006199	peak50545	.	*
NC_064041.1	9030335	9030585	peak50556	.	*
NC_064041.1	9565752	9566002	peak50688	.	*
NC_064041.1	9766596	9766846	peak50755	.	*
NC_064041.1	9767682	9767932	peak50757	.	*
NC_064041.1	10308938	10309188	peak50818	.	*
NC_064041.1	10483083	10483333	peak50890	.	*
NC_064041.1	10508426	10508676	peak50901	.	*
NC_064041.1	10509575	10509825	peak50903	.	*
NC_064041.1	11267997	11268247	peak51203	.	*
NC_064041.1	11329986	11330236	peak51232	.	*
NC_064041.1	11330524	11330774	peak51233	.	*
NC_064041.1	11330891	11331141	peak51234	.	*
NC_064041.1	11375711	11375961	peak51248	.	*
NC_064041.1	11497870	11498120	peak51293	.	*
NC_064041.1	11498258	11498508	peak51294	.	*
NC_064041.1	11498662	11498912	peak51295	.	*
NC_064041.1	12523575	12523825	peak51427	.	*
NC_064041.1	12931139	12931389	peak51550	.	*
NC_064041.1	12995303	12995552	peak51582	.	*
NC_064041.1	12995490	12995740	peak51583	.	*
NC_064041.1	13383666	13383916	peak51701	.	*
NC_064041.1	13384075	13384325	peak51702	.	*
NC_064041.1	13384375	13384625	peak51703	.	*
NC_064041.1	13530580	13530830	peak51746	.	*
NC_064041.1	13554818	13555068	peak51777	.	*
NC_064041.1	14010334	14010584	peak51922	.	*
NC_064041.1	14010593	14010843	peak51923	.	*
NC_064041.1	14410791	14411041	peak52052	.	*
NC_064041.1	14411413	14411663	peak52053	.	*
NC_064041.1	14549024	14549274	peak52107	.	*
NC_064041.1	14559678	14559928	peak52116	.	*
NC_064041.1	14560607	14560857	peak52118	.	*
NC_064041.1	14561465	14561715	peak52120	.	*
NC_064041.1	14648180	14648430	peak52154	.	*
NC_064041.1	14754935	14755185	peak52192	.	*
NC_064041.1	14755489	14755739	peak52193	.	*
NC_064041.1	14755916	14756166	peak52194	.	*
NC_064041.1	15201802	15202052	peak52345	.	*
NC_064041.1	15201977	15202226	peak52346	.	*
NC_064041.1	15859682	15859932	peak52460	.	*
NC_064041.1	15869883	15870133	peak52466	.	*
NC_064041.1	16043371	16043621	peak52517	.	*
NC_064041.1	16044002	16044252	peak52518	.	*
NC_064041.1	16124014	16124264	peak52553	.	*
NC_064041.1	16470753	16471003	peak52709	.	*
NC_064041.1	16472004	16472254	peak52712	.	*
NC_064042.1	328110	328360	peak52878	.	*
NC_064042.1	328368	328618	peak52879	.	*
NC_064042.1	329979	330229	peak52882	.	*
NC_064042.1	381222	381472	peak52906	.	*
NC_064042.1	415459	415709	peak52918	.	*
NC_064042.1	416304	416554	peak52919	.	*
NC_064042.1	619301	619551	peak53000	.	*
NC_064042.1	695333	695583	peak53029	.	*
NC_064042.1	833627	833877	peak53049	.	*
NC_064042.1	875273	875523	peak53064	.	*
NC_064042.1	1013668	1013918	peak53094	.	*
NC_064042.1	1014114	1014364	peak53095	.	*
NC_064042.1	1030681	1030931	peak53116	.	*
NC_064042.1	1045645	1045895	peak53119	.	*
NC_064042.1	1071324	1071574	peak53124	.	*
NC_064042.1	1071805	1072055	peak53125	.	*
NC_064042.1	1085195	1085445	peak53134	.	*
NC_064042.1	1085493	1085743	peak53135	.	*
NC_064042.1	1090785	1091035	peak53141	.	*
NC_064042.1	1092216	1092466	peak53143	.	*
NC_064042.1	1092902	1093152	peak53144	.	*
NC_064042.1	1106825	1107075	peak53148	.	*
NC_064042.1	1123388	1123638	peak53152	.	*
NC_064042.1	1142457	1142707	peak53165	.	*
NC_064042.1	1144117	1144366	peak53167	.	*
NC_064042.1	1353277	1353527	peak53255	.	*
NC_064042.1	1354429	1354679	peak53256	.	*
NC_064042.1	1354780	1355030	peak53257	.	*
NC_064042.1	1379778	1380028	peak53265	.	*
NC_064042.1	1380278	1380528	peak53266	.	*
NC_064042.1	1395470	1395720	peak53276	.	*
NC_064042.1	1466114	1466364	peak53297	.	*
NC_064042.1	1467633	1467883	peak53299	.	*
NC_064042.1	1468979	1469229	peak53301	.	*
NC_064042.1	1512171	1512421	peak53336	.	*
NC_064042.1	1517029	1517279	peak53340	.	*
NC_064042.1	1519503	1519753	peak53344	.	*
NC_064042.1	1651012	1651262	peak53388	.	*
NC_064042.1	1651844	1652094	peak53389	.	*
NC_064042.1	1675644	1675894	peak53396	.	*
NC_064042.1	1699372	1699622	peak53410	.	*
NC_064042.1	1821637	1821887	peak53452	.	*
NC_064042.1	2071961	2072211	peak53522	.	*
NC_064042.1	2072289	2072539	peak53523	.	*
NC_064042.1	2301854	2302104	peak53594	.	*
NC_064042.1	2348913	2349163	peak53612	.	*
NC_064042.1	2354218	2354468	peak53623	.	*
NC_064042.1	2676904	2677154	peak53740	.	*
NC_064042.1	2677782	2678032	peak53741	.	*
NC_064042.1	2678195	2678445	peak53742	.	*
NC_064042.1	2879657	2879907	peak53811	.	*
NC_064042.1	2912156	2912406	peak53841	.	*
NC_064042.1	3096412	3096662	peak53896	.	*
NC_064042.1	3123216	3123466	peak53910	.	*
NC_064042.1	3215079	3215329	peak53948	.	*
NC_064042.1	3215931	3216181	peak53949	.	*
NC_064042.1	3267321	3267571	peak53971	.	*
NC_064042.1	3268140	3268390	peak53972	.	*
NC_064042.1	3268636	3268886	peak53973	.	*
NC_064042.1	3269874	3270124	peak53975	.	*
NC_064042.1	3275970	3276220	peak53981	.	*
NC_064042.1	3277124	3277374	peak53983	.	*
NC_064042.1	3339350	3339600	peak54050	.	*
NC_064042.1	3510779	3511029	peak54100	.	*
NC_064042.1	3546415	3546665	peak54111	.	*
NC_064042.1	3546761	3547011	peak54112	.	*
NC_064042.1	3546959	3547208	peak54113	.	*
NC_064042.1	3601123	3601373	peak54132	.	*
NC_064042.1	3642501	3642751	peak54139	.	*
NC_064042.1	3928470	3928720	peak54245	.	*
NC_064042.1	4603712	4603962	peak54392	.	*
NC_064042.1	4616605	4616855	peak54401	.	*
NC_064042.1	4679138	4679388	peak54421	.	*
NC_064042.1	4689052	4689302	peak54425	.	*
NC_064042.1	4690231	4690481	peak54427	.	*
NC_064042.1	4727963	4728213	peak54451	.	*
NC_064042.1	4730756	4731006	peak54457	.	*
NC_064042.1	4792132	4792382	peak54482	.	*
NC_064042.1	5193983	5194233	peak54615	.	*
NC_064042.1	5204742	5204992	peak54617	.	*
NC_064042.1	5205204	5205454	peak54618	.	*
NC_064042.1	5206345	5206595	peak54619	.	*
NC_064042.1	5207053	5207303	peak54621	.	*
NC_064042.1	5364258	5364508	peak54683	.	*
NC_064042.1	5459820	5460070	peak54715	.	*
NC_064042.1	5639694	5639944	peak54795	.	*
NC_064042.1	5757693	5757943	peak54861	.	*
NC_064042.1	6248677	6248927	peak55047	.	*
NC_064042.1	6769794	6770044	peak55189	.	*
NC_064042.1	6770396	6770646	peak55190	.	*
NC_064042.1	6851968	6852218	peak55209	.	*
NC_064042.1	6982641	6982891	peak55269	.	*
NC_064042.1	6992005	6992255	peak55272	.	*
NC_064042.1	7140339	7140589	peak55309	.	*
NC_064042.1	7375896	7376146	peak55384	.	*
NC_064042.1	7387809	7388059	peak55388	.	*
NC_064042.1	7501086	7501336	peak55441	.	*
NC_064042.1	7680448	7680698	peak55502	.	*
NC_064042.1	7682151	7682401	peak55506	.	*
NC_064042.1	7719156	7719406	peak55536	.	*
NC_064042.1	7724875	7725125	peak55541	.	*
NC_064042.1	7757874	7758124	peak55567	.	*
NC_064042.1	7845937	7846187	peak55593	.	*
NC_064042.1	7953935	7954185	peak55638	.	*
NC_064042.1	7954622	7954872	peak55639	.	*
NC_064042.1	8021229	8021479	peak55671	.	*
NC_064042.1	8322622	8322872	peak55753	.	*
NC_064042.1	8384198	8384448	peak55779	.	*
NC_064042.1	8386647	8386897	peak55781	.	*
NC_064042.1	8387895	8388145	peak55784	.	*
NC_064042.1	8444088	8444338	peak55804	.	*
NC_064042.1	8511503	8511753	peak55830	.	*
NC_064042.1	8514278	8514528	peak55831	.	*
NC_064042.1	8545394	8545644	peak55844	.	*
NC_064042.1	8721384	8721634	peak55899	.	*
NC_064042.1	8725536	8725786	peak55901	.	*
NC_064042.1	8930021	8930271	peak55997	.	*
NC_064042.1	9193223	9193473	peak56093	.	*
NC_064042.1	9256131	9256381	peak56119	.	*
NC_064042.1	9288312	9288562	peak56126	.	*
NC_064042.1	9289338	9289588	peak56127	.	*
NC_064042.1	9313505	9313755	peak56134	.	*
NC_064042.1	9352821	9353071	peak56144	.	*
NC_064042.1	9365743	9365993	peak56146	.	*
NC_064042.1	9559518	9559768	peak56217	.	*
NC_064042.1	9579640	9579890	peak56233	.	*
NC_064042.1	9643909	9644159	peak56255	.	*
NC_064042.1	9645223	9645473	peak56258	.	*
NC_064042.1	9683085	9683335	peak56266	.	*
NC_064042.1	9924137	9924387	peak56312	.	*
NC_064042.1	9944740	9944990	peak56322	.	*
NC_064042.1	9949561	9949811	peak56328	.	*
NC_064042.1	9950647	9950897	peak56330	.	*
NC_064042.1	9954735	9954985	peak56334	.	*
NC_064042.1	10343966	10344216	peak56459	.	*
NC_064042.1	10346333	10346583	peak56466	.	*
NC_064042.1	10459276	10459526	peak56527	.	*
NC_064042.1	10496783	10497033	peak56541	.	*
NC_064042.1	10674958	10675208	peak56589	.	*
NC_064042.1	10771943	10772193	peak56629	.	*
NC_064042.1	10772196	10772446	peak56630	.	*
NC_064042.1	10773223	10773473	peak56632	.	*
NC_064042.1	10773819	10774069	peak56633	.	*
NC_064042.1	11032616	11032866	peak56700	.	*
NC_064042.1	11054230	11054480	peak56708	.	*
NC_064042.1	11055385	11055635	peak56710	.	*
NC_064042.1	11055725	11055975	peak56711	.	*
NC_064042.1	11057550	11057800	peak56716	.	*
NC_064042.1	11058798	11059048	peak56719	.	*
NC_064042.1	11064942	11065192	peak56731	.	*
NC_064042.1	11065217	11065467	peak56732	.	*
NC_064042.1	11419103	11419353	peak56839	.	*
NC_064042.1	11451148	11451398	peak56863	.	*
NC_064042.1	11772510	11772760	peak56936	.	*
NC_064042.1	11854747	11854997	peak56982	.	*
NC_064042.1	11857114	11857364	peak56987	.	*
NC_064042.1	11859060	11859310	peak56989	.	*
NC_064042.1	12017536	12017786	peak57044	.	*
NC_064042.1	12017717	12017966	peak57045	.	*
NC_064042.1	12017877	12018127	peak57046	.	*
NC_064042.1	12100112	12100362	peak57074	.	*
NC_064042.1	12271692	12271942	peak57108	.	*
NC_064042.1	12272204	12272454	peak57109	.	*
NC_064042.1	12272853	12273103	peak57110	.	*
NC_064042.1	12564552	12564801	peak57171	.	*
NC_064042.1	12584476	12584726	peak57179	.	*
NC_064042.1	12646355	12646605	peak57193	.	*
NC_064042.1	12648430	12648680	peak57194	.	*
NC_064042.1	12648699	12648949	peak57195	.	*
NC_064042.1	12649501	12649751	peak57196	.	*
NC_064042.1	12650063	12650313	peak57197	.	*
NC_064042.1	12651265	12651515	peak57198	.	*
NC_064042.1	12652040	12652290	peak57199	.	*
NC_064042.1	12652339	12652589	peak57200	.	*
NC_064042.1	12652972	12653222	peak57201	.	*
NC_064042.1	12653156	12653405	peak57202	.	*
NC_064042.1	12655103	12655353	peak57204	.	*
NC_064042.1	12655391	12655641	peak57205	.	*
NC_064042.1	12714425	12714675	peak57239	.	*
NC_064042.1	12842959	12843209	peak57323	.	*
NC_064042.1	13001613	13001863	peak57358	.	*
NC_064042.1	13001773	13002022	peak57359	.	*
NC_064042.1	13003863	13004113	peak57360	.	*
NC_064042.1	13004237	13004487	peak57361	.	*
NC_064042.1	13004838	13005088	peak57362	.	*
NC_064042.1	13005503	13005753	peak57363	.	*
NC_064042.1	13016503	13016753	peak57364	.	*
NC_064042.1	13016795	13017045	peak57365	.	*
NC_064042.1	13017258	13017508	peak57366	.	*
NC_064042.1	13018421	13018671	peak57367	.	*
NC_064042.1	13022107	13022357	peak57369	.	*
NC_064042.1	13063164	13063414	peak57403	.	*
NC_064042.1	13065908	13066158	peak57408	.	*
NC_064042.1	13108586	13108836	peak57421	.	*
NC_064042.1	13238122	13238372	peak57442	.	*
NC_064042.1	13537323	13537573	peak57533	.	*
NC_064042.1	13649471	13649721	peak57588	.	*
NC_064042.1	13684393	13684643	peak57601	.	*
NC_064042.1	13702927	13703177	peak57619	.	*
NC_064042.1	13704385	13704635	peak57621	.	*
NC_064042.1	13802743	13802993	peak57649	.	*
NC_064042.1	14073438	14073688	peak57715	.	*
NC_064042.1	14104835	14105085	peak57746	.	*
NC_064042.1	14105103	14105353	peak57747	.	*
NC_064042.1	14217899	14218149	peak57796	.	*
NC_064042.1	14219587	14219837	peak57798	.	*
NC_064042.1	14219907	14220157	peak57799	.	*
NC_064042.1	14800461	14800711	peak57976	.	*
NC_064042.1	14812057	14812307	peak57980	.	*
NC_064042.1	14837687	14837937	peak57992	.	*
NC_064042.1	14838552	14838802	peak57994	.	*
NC_064042.1	14871156	14871406	peak58003	.	*
NC_064042.1	15408066	15408316	peak58192	.	*
NC_064042.1	15674676	15674926	peak58261	.	*
NC_064042.1	15902190	15902440	peak58340	.	*
NC_064042.1	15903017	15903267	peak58341	.	*
NC_064042.1	15921010	15921260	peak58368	.	*
NC_064043.1	1432527	1432777	peak58701	.	*
NC_064043.1	1648674	1648924	peak58792	.	*
NC_064043.1	1699829	1700079	peak58807	.	*
NC_064043.1	1744186	1744436	peak58832	.	*
NC_064043.1	1787308	1787558	peak58846	.	*
NC_064043.1	1788215	1788465	peak58847	.	*
NC_064043.1	1789241	1789491	peak58848	.	*
NC_064043.1	1931829	1932079	peak58899	.	*
NC_064043.1	2193102	2193352	peak59020	.	*
NC_064043.1	2618655	2618905	peak59202	.	*
NC_064043.1	2829295	2829545	peak59285	.	*
NC_064043.1	2987377	2987627	peak59332	.	*
NC_064043.1	2987650	2987900	peak59333	.	*
NC_064043.1	2995639	2995889	peak59348	.	*
NC_064043.1	3185644	3185894	peak59400	.	*
NC_064043.1	3258513	3258763	peak59428	.	*
NC_064043.1	3620954	3621204	peak59554	.	*
NC_064043.1	3701366	3701616	peak59615	.	*
NC_064043.1	3903692	3903942	peak59673	.	*
NC_064043.1	3946469	3946719	peak59702	.	*
NC_064043.1	3949850	3950100	peak59703	.	*
NC_064043.1	3950280	3950530	peak59704	.	*
NC_064043.1	3995348	3995598	peak59736	.	*
NC_064043.1	3996002	3996252	peak59737	.	*
NC_064043.1	4100430	4100680	peak59792	.	*
NC_064043.1	4193862	4194112	peak59830	.	*
NC_064043.1	4314046	4314296	peak59879	.	*
NC_064043.1	4564279	4564529	peak60002	.	*
NC_064043.1	4596037	4596287	peak60027	.	*
NC_064043.1	4596963	4597213	peak60028	.	*
NC_064043.1	4652890	4653140	peak60062	.	*
NC_064043.1	5090915	5091165	peak60249	.	*
NC_064043.1	5397974	5398224	peak60369	.	*
NC_064043.1	5532086	5532336	peak60407	.	*
NC_064043.1	5611553	5611803	peak60437	.	*
NC_064043.1	5795939	5796189	peak60520	.	*
NC_064043.1	5888500	5888750	peak60559	.	*
NC_064043.1	5973548	5973798	peak60661	.	*
NC_064043.1	5977076	5977326	peak60668	.	*
NC_064043.1	5979486	5979736	peak60670	.	*
NC_064043.1	5979777	5980027	peak60671	.	*
NC_064043.1	5981967	5982217	peak60674	.	*
NC_064043.1	5985699	5985949	peak60681	.	*
NC_064043.1	6014267	6014517	peak60697	.	*
NC_064043.1	6014697	6014947	peak60698	.	*
NC_064043.1	6015702	6015952	peak60699	.	*
NC_064043.1	6131423	6131673	peak60766	.	*
NC_064043.1	6152553	6152803	peak60772	.	*
NC_064043.1	6187772	6188022	peak60794	.	*
NC_064043.1	6498391	6498641	peak60961	.	*
NC_064043.1	6772116	6772366	peak61099	.	*
NC_064043.1	7378505	7378755	peak61322	.	*
NC_064043.1	7650317	7650567	peak61423	.	*
NC_064043.1	7706159	7706409	peak61438	.	*
NC_064043.1	7905871	7906121	peak61558	.	*
NC_064043.1	7921415	7921665	peak61565	.	*
NC_064043.1	7947922	7948172	peak61574	.	*
NC_064043.1	7954723	7954973	peak61577	.	*
NC_064043.1	7956442	7956692	peak61579	.	*
NC_064043.1	7956647	7956896	peak61580	.	*
NC_064043.1	8048327	8048577	peak61617	.	*
NC_064043.1	8121681	8121931	peak61633	.	*
NC_064043.1	8193799	8194049	peak61670	.	*
NC_064043.1	8194389	8194639	peak61671	.	*
NC_064043.1	8260206	8260456	peak61703	.	*
NC_064043.1	8281509	8281759	peak61714	.	*
NC_064043.1	8502660	8502910	peak61788	.	*
NC_064043.1	8612044	8612294	peak61817	.	*
NC_064043.1	8612528	8612778	peak61818	.	*
NC_064043.1	8616381	8616631	peak61821	.	*
NC_064043.1	8757352	8757602	peak61876	.	*
NC_064043.1	8961861	8962111	peak61950	.	*
NC_064043.1	9018191	9018441	peak61983	.	*
NC_064043.1	9018483	9018733	peak61984	.	*
NC_064043.1	9469367	9469617	peak62164	.	*
NC_064043.1	10009874	10010124	peak62315	.	*
NC_064043.1	10011787	10012036	peak62317	.	*
NC_064043.1	10098576	10098826	peak62347	.	*
NC_064043.1	10213091	10213341	peak62406	.	*
NC_064043.1	10271862	10272112	peak62419	.	*
NC_064043.1	10309074	10309324	peak62429	.	*
NC_064043.1	10446225	10446475	peak62518	.	*
NC_064043.1	10455138	10455388	peak62521	.	*
NC_064043.1	10469944	10470194	peak62523	.	*
NC_064043.1	10574803	10575053	peak62546	.	*
NC_064043.1	10575519	10575769	peak62547	.	*
NC_064043.1	10608453	10608703	peak62573	.	*
NC_064043.1	10813418	10813668	peak62672	.	*
NC_064043.1	10813584	10813833	peak62673	.	*
NC_064043.1	10814997	10815247	peak62675	.	*
NC_064043.1	10815507	10815757	peak62676	.	*
NC_064043.1	10881804	10882054	peak62694	.	*
NC_064043.1	10883149	10883398	peak62696	.	*
NC_064043.1	10883319	10883569	peak62697	.	*
NC_064043.1	10886747	10886997	peak62700	.	*
NC_064043.1	10888456	10888706	peak62702	.	*
NC_064043.1	10889107	10889357	peak62703	.	*
NC_064043.1	10890592	10890842	peak62704	.	*
NC_064043.1	10891001	10891251	peak62705	.	*
NC_064043.1	10891512	10891762	peak62706	.	*
NC_064043.1	10891806	10892056	peak62707	.	*
NC_064043.1	10892540	10892790	peak62710	.	*
NC_064043.1	11852342	11852592	peak63090	.	*
NC_064043.1	11855881	11856131	peak63095	.	*
NC_064043.1	11856148	11856398	peak63096	.	*
NC_064043.1	12033544	12033794	peak63141	.	*
NC_064043.1	12163419	12163669	peak63191	.	*
NC_064043.1	13066633	13066883	peak63580	.	*
NC_064043.1	13540228	13540478	peak63739	.	*
NC_064043.1	13571447	13571697	peak63753	.	*
NC_064043.1	13798832	13799082	peak63898	.	*
NC_064043.1	14016060	14016310	peak64008	.	*
NC_064043.1	14237892	14238142	peak64083	.	*
NC_064043.1	14307416	14307666	peak64111	.	*
NC_064043.1	14317117	14317367	peak64112	.	*
NC_064043.1	14336700	14336950	peak64124	.	*
NC_064043.1	14579863	14580113	peak64210	.	*
NC_064043.1	14906038	14906288	peak64317	.	*
NC_064043.1	14906414	14906664	peak64318	.	*
NC_064043.1	15055693	15055943	peak64347	.	*
NC_064043.1	15057239	15057489	peak64349	.	*
NC_064043.1	15260360	15260610	peak64428	.	*
NC_064043.1	15265610	15265860	peak64438	.	*
NC_064043.1	15492485	15492735	peak64524	.	*
NC_064044.1	711956	712206	peak64775	.	*
NC_064044.1	780887	781137	peak64790	.	*
NC_064044.1	883873	884123	peak64819	.	*
NC_064044.1	988522	988772	peak64846	.	*
NC_064044.1	3368196	3368446	peak65247	.	*
NC_064044.1	3631598	3631848	peak65311	.	*
NC_064044.1	3872725	3872975	peak65396	.	*
NC_064044.1	3873718	3873968	peak65398	.	*
NC_064044.1	3885974	3886224	peak65403	.	*
NC_064044.1	3990526	3990776	peak65435	.	*
NC_064044.1	3991185	3991435	peak65437	.	*
NC_064044.1	3992671	3992921	peak65440	.	*
NC_064044.1	3995546	3995796	peak65442	.	*
NC_064044.1	4070733	4070983	peak65461	.	*
NC_064044.1	4071863	4072113	peak65463	.	*
NC_064044.1	4277417	4277667	peak65548	.	*
NC_064044.1	4349379	4349629	peak65582	.	*
NC_064044.1	4848238	4848488	peak65744	.	*
NC_064044.1	5310761	5311011	peak65865	.	*
NC_064044.1	5332888	5333138	peak65872	.	*
NC_064044.1	5333220	5333470	peak65873	.	*
NC_064044.1	5336419	5336669	peak65875	.	*
NC_064044.1	5336571	5336820	peak65876	.	*
NC_064044.1	5367067	5367317	peak65883	.	*
NC_064044.1	5737852	5738102	peak65993	.	*
NC_064044.1	6023403	6023653	peak66069	.	*
NC_064044.1	6145646	6145896	peak66081	.	*
NC_064044.1	6146877	6147127	peak66084	.	*
NC_064044.1	6149725	6149975	peak66087	.	*
NC_064044.1	6256188	6256438	peak66103	.	*
NC_064044.1	6256849	6257099	peak66104	.	*
NC_064044.1	6398792	6399042	peak66137	.	*
NC_064044.1	6461887	6462137	peak66158	.	*
NC_064044.1	6463187	6463437	peak66160	.	*
NC_064044.1	6470706	6470956	peak66162	.	*
NC_064044.1	6610976	6611226	peak66218	.	*
NC_064044.1	6666318	6666568	peak66242	.	*
NC_064044.1	6831647	6831897	peak66302	.	*
NC_064044.1	6935999	6936249	peak66343	.	*
NC_064044.1	6941524	6941774	peak66349	.	*
NC_064044.1	6941915	6942165	peak66350	.	*
NC_064044.1	7066442	7066692	peak66390	.	*
NC_064044.1	7120967	7121217	peak66418	.	*
NC_064044.1	7122045	7122295	peak66420	.	*
NC_064044.1	7122769	7123019	peak66422	.	*
NC_064044.1	7400815	7401065	peak66518	.	*
NC_064044.1	7472644	7472894	peak66534	.	*
NC_064044.1	7727260	7727510	peak66648	.	*
NC_064044.1	8062947	8063197	peak66763	.	*
NC_064044.1	8085625	8085875	peak66778	.	*
NC_064044.1	8136172	8136422	peak66801	.	*
NC_064044.1	8136882	8137132	peak66802	.	*
NC_064044.1	8137190	8137440	peak66803	.	*
NC_064044.1	8434350	8434600	peak66934	.	*
NC_064044.1	8434545	8434794	peak66935	.	*
NC_064044.1	8550388	8550638	peak66979	.	*
NC_064044.1	8621321	8621571	peak67011	.	*
NC_064044.1	8621821	8622071	peak67012	.	*
NC_064044.1	8897987	8898237	peak67096	.	*
NC_064044.1	8953675	8953925	peak67111	.	*
NC_064044.1	9110281	9110531	peak67158	.	*
NC_064044.1	9598491	9598741	peak67331	.	*
NC_064044.1	10734144	10734394	peak67659	.	*
NC_064044.1	10875963	10876213	peak67703	.	*
NC_064044.1	10943407	10943657	peak67723	.	*
NC_064044.1	11493524	11493774	peak67903	.	*
NC_064044.1	11610754	11611004	peak67948	.	*
NC_064044.1	11611453	11611703	peak67949	.	*
NC_064044.1	11850927	11851177	peak68041	.	*
NC_064044.1	11955887	11956137	peak68082	.	*
NC_064044.1	12162499	12162749	peak68163	.	*
NC_064044.1	12163014	12163264	peak68164	.	*
NC_064044.1	12166524	12166774	peak68172	.	*
NC_064044.1	12177930	12178180	peak68188	.	*
NC_064044.1	12378650	12378900	peak68271	.	*
NC_064044.1	12585802	12586052	peak68336	.	*
NC_064044.1	12586200	12586450	peak68337	.	*
NC_064044.1	12593794	12594044	peak68352	.	*
NC_064044.1	12595776	12596026	peak68357	.	*
NC_064044.1	12716688	12716938	peak68407	.	*
NC_064044.1	12724411	12724661	peak68409	.	*
NC_064044.1	12724584	12724833	peak68410	.	*
NC_064044.1	12845930	12846180	peak68467	.	*
NC_064044.1	12867930	12868180	peak68475	.	*
NC_064044.1	12965516	12965766	peak68517	.	*
NC_064044.1	13375357	13375607	peak68658	.	*
NC_064044.1	14300149	14300399	peak68904	.	*
NC_064044.1	14301789	14302039	peak68905	.	*
NC_064044.1	14417888	14418138	peak68927	.	*
NC_064044.1	14767772	14768022	peak69028	.	*
NC_064044.1	15329775	15330025	peak69086	.	*
NC_064044.1	15330540	15330790	peak69087	.	*
NC_064044.1	15457662	15457912	peak69113	.	*
NC_064044.1	15633156	15633406	peak69144	.	*
NC_064044.1	15633811	15634061	peak69145	.	*
NC_064044.1	15688060	15688310	peak69178	.	*
NC_064044.1	15959493	15959743	peak69308	.	*
NC_064045.1	1607395	1607645	peak69540	.	*
NC_064045.1	2123730	2123980	peak69667	.	*
NC_064045.1	3049257	3049507	peak69879	.	*
NC_064045.1	3065306	3065556	peak69893	.	*
NC_064045.1	3165939	3166189	peak69917	.	*
NC_064045.1	3305459	3305709	peak69971	.	*
NC_064045.1	3306349	3306599	peak69972	.	*
NC_064045.1	3427788	3428038	peak70057	.	*
NC_064045.1	3428426	3428676	peak70058	.	*
NC_064045.1	3451856	3452106	peak70074	.	*
NC_064045.1	3742335	3742585	peak70170	.	*
NC_064045.1	3743725	3743975	peak70173	.	*
NC_064045.1	3873594	3873844	peak70233	.	*
NC_064045.1	4059294	4059544	peak70289	.	*
NC_064045.1	4064120	4064370	peak70299	.	*
NC_064045.1	4095341	4095591	peak70322	.	*
NC_064045.1	4097045	4097295	peak70325	.	*
NC_064045.1	4119779	4120029	peak70330	.	*
NC_064045.1	4120412	4120662	peak70331	.	*
NC_064045.1	4266429	4266679	peak70388	.	*
NC_064045.1	4266835	4267085	peak70389	.	*
NC_064045.1	4482781	4483031	peak70463	.	*
NC_064045.1	4747164	4747414	peak70556	.	*
NC_064045.1	4903119	4903368	peak70644	.	*
NC_064045.1	4921398	4921648	peak70655	.	*
NC_064045.1	4923255	4923505	peak70656	.	*
NC_064045.1	5236280	5236530	peak70778	.	*
NC_064045.1	5437512	5437762	peak70830	.	*
NC_064045.1	5437822	5438072	peak70831	.	*
NC_064045.1	5438289	5438539	peak70832	.	*
NC_064045.1	5439118	5439368	peak70833	.	*
NC_064045.1	5441392	5441642	peak70834	.	*
NC_064045.1	5442523	5442773	peak70835	.	*
NC_064045.1	5606449	5606699	peak70891	.	*
NC_064045.1	6172570	6172820	peak71078	.	*
NC_064045.1	6356150	6356400	peak71160	.	*
NC_064045.1	6356522	6356772	peak71161	.	*
NC_064045.1	6356792	6357042	peak71162	.	*
NC_064045.1	6358084	6358334	peak71164	.	*
NC_064045.1	6372895	6373145	peak71167	.	*
NC_064045.1	6379176	6379426	peak71169	.	*
NC_064045.1	6688403	6688653	peak71253	.	*
NC_064045.1	7011093	7011343	peak71395	.	*
NC_064045.1	7071786	7072036	peak71414	.	*
NC_064045.1	7157079	7157329	peak71445	.	*
NC_064045.1	7157639	7157889	peak71446	.	*
NC_064045.1	7157943	7158193	peak71447	.	*
NC_064045.1	7158580	7158830	peak71448	.	*
NC_064045.1	7268184	7268434	peak71491	.	*
NC_064045.1	7339170	7339420	peak71525	.	*
NC_064045.1	8068645	8068895	peak71582	.	*
NC_064045.1	8156932	8157182	peak71619	.	*
NC_064045.1	8251036	8251286	peak71663	.	*
NC_064045.1	8358246	8358496	peak71698	.	*
NC_064045.1	8628283	8628533	peak71800	.	*
NC_064045.1	8629590	8629840	peak71802	.	*
NC_064045.1	8991101	8991351	peak71898	.	*
NC_064045.1	8992542	8992792	peak71900	.	*
NC_064045.1	9495418	9495668	peak72065	.	*
NC_064045.1	9605351	9605601	peak72122	.	*
NC_064045.1	9881761	9882011	peak72215	.	*
NC_064045.1	9971921	9972171	peak72256	.	*
NC_064045.1	10186181	10186431	peak72314	.	*
NC_064045.1	10187752	10188002	peak72317	.	*
NC_064045.1	10188113	10188363	peak72318	.	*
NC_064045.1	10304760	10305010	peak72361	.	*
NC_064045.1	10430726	10430976	peak72396	.	*
NC_064045.1	10431808	10432058	peak72398	.	*
NC_064045.1	10491572	10491822	peak72417	.	*
NC_064045.1	10508896	10509146	peak72421	.	*
NC_064045.1	10521637	10521887	peak72430	.	*
NC_064045.1	10620349	10620599	peak72468	.	*
NC_064045.1	11062075	11062325	peak72594	.	*
NC_064045.1	11289079	11289329	peak72637	.	*
NC_064045.1	11289720	11289970	peak72638	.	*
NC_064045.1	11562936	11563186	peak72715	.	*
NC_064045.1	11564073	11564323	peak72716	.	*
NC_064045.1	11564344	11564594	peak72717	.	*
NC_064045.1	11565434	11565684	peak72718	.	*
NC_064045.1	11566547	11566797	peak72719	.	*
NC_064045.1	11572731	11572981	peak72721	.	*
NC_064045.1	11572946	11573195	peak72722	.	*
NC_064045.1	11575085	11575335	peak72725	.	*
NC_064045.1	11620899	11621149	peak72752	.	*
NC_064045.1	11640909	11641159	peak72761	.	*
NC_064045.1	11922270	11922520	peak72852	.	*
NC_064045.1	12030359	12030609	peak72890	.	*
NC_064045.1	12032071	12032321	peak72891	.	*
NC_064045.1	12341022	12341272	peak73004	.	*
NC_064045.1	12365405	12365655	peak73018	.	*
NC_064045.1	12366039	12366289	peak73019	.	*
NC_064045.1	12691665	12691915	peak73143	.	*
NC_064045.1	12692712	12692962	peak73145	.	*
NC_064045.1	13179689	13179939	peak73326	.	*
NC_064045.1	13179886	13180135	peak73327	.	*
NC_064045.1	13296654	13296904	peak73354	.	*
NC_064045.1	13299001	13299251	peak73357	.	*
NC_064045.1	13378387	13378637	peak73377	.	*
NC_064045.1	14067089	14067339	peak73561	.	*
NC_064045.1	14297230	14297480	peak73623	.	*
NC_064045.1	14298862	14299112	peak73626	.	*
NC_064045.1	14300600	14300850	peak73628	.	*
NC_064045.1	14386106	14386356	peak73650	.	*
NC_064045.1	14475210	14475460	peak73676	.	*
NC_064045.1	14546084	14546334	peak73691	.	*
NC_064045.1	14549836	14550086	peak73696	.	*
NC_064045.1	14611716	14611966	peak73717	.	*
NC_064045.1	14626059	14626309	peak73724	.	*
NC_064046.1	188262	188512	peak74082	.	*
NC_064046.1	188932	189182	peak74083	.	*
NC_064046.1	342286	342536	peak74134	.	*
NC_064046.1	376092	376342	peak74146	.	*
NC_064046.1	741903	742153	peak74267	.	*
NC_064046.1	743308	743558	peak74270	.	*
NC_064046.1	797999	798249	peak74315	.	*
NC_064046.1	798857	799107	peak74316	.	*
NC_064046.1	907105	907355	peak74356	.	*
NC_064046.1	995657	995907	peak74392	.	*
NC_064046.1	1308256	1308506	peak74496	.	*
NC_064046.1	1583643	1583893	peak74637	.	*
NC_064046.1	1744522	1744772	peak74697	.	*
NC_064046.1	1749846	1750096	peak74705	.	*
NC_064046.1	1751334	1751584	peak74707	.	*
NC_064046.1	1887671	1887921	peak74762	.	*
NC_064046.1	2083819	2084069	peak74834	.	*
NC_064046.1	2088829	2089079	peak74841	.	*
NC_064046.1	2216537	2216787	peak74893	.	*
NC_064046.1	2238569	2238819	peak74905	.	*
NC_064046.1	2620518	2620768	peak75051	.	*
NC_064046.1	2675284	2675534	peak75063	.	*
NC_064046.1	2927184	2927434	peak75168	.	*
NC_064046.1	3083784	3084034	peak75240	.	*
NC_064046.1	3084740	3084990	peak75241	.	*
NC_064046.1	3194573	3194823	peak75297	.	*
NC_064046.1	3244021	3244271	peak75318	.	*
NC_064046.1	3697855	3698105	peak75464	.	*
NC_064046.1	3701972	3702222	peak75469	.	*
NC_064046.1	3704455	3704705	peak75471	.	*
NC_064046.1	3704988	3705238	peak75472	.	*
NC_064046.1	3705533	3705783	peak75473	.	*
NC_064046.1	3706159	3706409	peak75474	.	*
NC_064046.1	3794401	3794651	peak75507	.	*
NC_064046.1	3797346	3797596	peak75511	.	*
NC_064046.1	3851075	3851325	peak75526	.	*
NC_064046.1	3857067	3857317	peak75527	.	*
NC_064046.1	4275494	4275744	peak75674	.	*
NC_064046.1	4276241	4276491	peak75676	.	*
NC_064046.1	4276962	4277212	peak75678	.	*
NC_064046.1	4277455	4277705	peak75679	.	*
NC_064046.1	4278302	4278552	peak75680	.	*
NC_064046.1	4282057	4282307	peak75687	.	*
NC_064046.1	4282451	4282701	peak75688	.	*
NC_064046.1	4283020	4283270	peak75689	.	*
NC_064046.1	4695244	4695494	peak75820	.	*
NC_064046.1	5128346	5128596	peak75974	.	*
NC_064046.1	6111317	6111567	peak76185	.	*
NC_064046.1	6112423	6112673	peak76187	.	*
NC_064046.1	6117295	6117545	peak76190	.	*
NC_064046.1	6125350	6125600	peak76198	.	*
NC_064046.1	6504358	6504608	peak76320	.	*
NC_064046.1	7034528	7034778	peak76471	.	*
NC_064046.1	7122190	7122440	peak76490	.	*
NC_064046.1	7123378	7123628	peak76493	.	*
NC_064046.1	7124054	7124304	peak76496	.	*
NC_064046.1	7367526	7367776	peak76577	.	*
NC_064046.1	8433916	8434166	peak76852	.	*
NC_064046.1	8539903	8540153	peak76878	.	*
NC_064046.1	8623602	8623852	peak76900	.	*
NC_064046.1	8624131	8624381	peak76901	.	*
NC_064046.1	8977885	8978135	peak77011	.	*
NC_064046.1	9030133	9030383	peak77029	.	*
NC_064046.1	9375500	9375750	peak77111	.	*
NC_064046.1	9380098	9380348	peak77116	.	*
NC_064046.1	9463149	9463399	peak77134	.	*
NC_064046.1	9891302	9891552	peak77255	.	*
NC_064046.1	10200886	10201136	peak77335	.	*
NC_064046.1	10219110	10219360	peak77343	.	*
NC_064046.1	10220277	10220527	peak77346	.	*
NC_064046.1	10425723	10425973	peak77420	.	*
NC_064046.1	10426120	10426370	peak77421	.	*
NC_064046.1	10464995	10465245	peak77438	.	*
NC_064046.1	10668519	10668769	peak77532	.	*
NC_064046.1	10982009	10982259	peak77636	.	*
NC_064046.1	10982700	10982950	peak77638	.	*
NC_064046.1	11133360	11133610	peak77672	.	*
NC_064046.1	11320635	11320885	peak77731	.	*
NC_064046.1	12099493	12099743	peak78146	.	*
NC_064046.1	12100829	12101079	peak78150	.	*
NC_064046.1	12268782	12269032	peak78200	.	*
NC_064046.1	12348358	12348608	peak78229	.	*
NC_064046.1	12350415	12350665	peak78233	.	*
NC_064046.1	12812145	12812395	peak78397	.	*
NC_064046.1	12815909	12816159	peak78403	.	*
NC_064046.1	12818019	12818269	peak78407	.	*
NC_064046.1	12855764	12856014	peak78438	.	*
NC_064046.1	13003242	13003492	peak78518	.	*
NC_064046.1	13003893	13004143	peak78519	.	*
NC_064046.1	13006303	13006553	peak78523	.	*
NC_064046.1	13007003	13007253	peak78524	.	*
NC_064046.1	13063439	13063689	peak78553	.	*
NC_064046.1	13099199	13099449	peak78561	.	*
NC_064046.1	13142467	13142717	peak78579	.	*
NC_064046.1	13143288	13143537	peak78580	.	*
NC_064046.1	13144397	13144647	peak78582	.	*
NC_064046.1	13145748	13145998	peak78584	.	*
NC_064046.1	14139938	14140188	peak78981	.	*
NC_064046.1	14207113	14207363	peak79010	.	*
NC_064046.1	14274769	14275019	peak79029	.	*
NC_064046.1	14382277	14382527	peak79057	.	*
NC_064046.1	14514729	14514979	peak79094	.	*
NC_064046.1	14626615	14626865	peak79131	.	*
NC_064046.1	14639464	14639714	peak79141	.	*
NC_064047.1	509339	509589	peak79226	.	*
NC_064047.1	528492	528742	peak79233	.	*
NC_064047.1	537210	537460	peak79236	.	*
NC_064047.1	715143	715393	peak79302	.	*
NC_064047.1	1967871	1968121	peak79745	.	*
NC_064047.1	2034129	2034379	peak79781	.	*
NC_064047.1	2034922	2035172	peak79783	.	*
NC_064047.1	2035232	2035482	peak79784	.	*
NC_064047.1	2035779	2036029	peak79785	.	*
NC_064047.1	2035957	2036206	peak79786	.	*
NC_064047.1	2343402	2343652	peak79894	.	*
NC_064047.1	2536033	2536283	peak79992	.	*
NC_064047.1	2807742	2807992	peak80076	.	*
NC_064047.1	2819592	2819842	peak80078	.	*
NC_064047.1	2863652	2863902	peak80096	.	*
NC_064047.1	2989538	2989788	peak80172	.	*
NC_064047.1	2994084	2994334	peak80182	.	*
NC_064047.1	3074361	3074611	peak80234	.	*
NC_064047.1	3415548	3415798	peak80277	.	*
NC_064047.1	3533053	3533303	peak80301	.	*
NC_064047.1	3534014	3534264	peak80303	.	*
NC_064047.1	3955294	3955544	peak80424	.	*
NC_064047.1	4154839	4155089	peak80493	.	*
NC_064047.1	4265235	4265485	peak80530	.	*
NC_064047.1	4269637	4269887	peak80539	.	*
NC_064047.1	4544070	4544320	peak80645	.	*
NC_064047.1	4853911	4854161	peak80707	.	*
NC_064047.1	5615462	5615711	peak80954	.	*
NC_064047.1	5616112	5616362	peak80955	.	*
NC_064047.1	5962144	5962393	peak81058	.	*
NC_064047.1	6183283	6183533	peak81130	.	*
NC_064047.1	6185463	6185713	peak81131	.	*
NC_064047.1	6186587	6186837	peak81133	.	*
NC_064047.1	6187515	6187765	peak81134	.	*
NC_064047.1	6189789	6190039	peak81136	.	*
NC_064047.1	6196778	6197028	peak81141	.	*
NC_064047.1	6199781	6200031	peak81144	.	*
NC_064047.1	6201108	6201358	peak81145	.	*
NC_064047.1	6202584	6202834	peak81147	.	*
NC_064047.1	6203228	6203478	peak81148	.	*
NC_064047.1	6203799	6204049	peak81149	.	*
NC_064047.1	6204211	6204461	peak81150	.	*
NC_064047.1	6336675	6336925	peak81192	.	*
NC_064047.1	6410804	6411054	peak81227	.	*
NC_064047.1	6638036	6638285	peak81311	.	*
NC_064047.1	6647678	6647928	peak81315	.	*
NC_064047.1	6678004	6678254	peak81324	.	*
NC_064047.1	6678427	6678677	peak81325	.	*
NC_064047.1	6679066	6679316	peak81327	.	*
NC_064047.1	6688076	6688326	peak81330	.	*
NC_064047.1	6688252	6688501	peak81331	.	*
NC_064047.1	6691774	6692024	peak81340	.	*
NC_064047.1	6692187	6692437	peak81341	.	*
NC_064047.1	6738514	6738764	peak81356	.	*
NC_064047.1	7135126	7135376	peak81475	.	*
NC_064047.1	7755632	7755882	peak81556	.	*
NC_064047.1	8312873	8313123	peak81698	.	*
NC_064047.1	8313878	8314128	peak81701	.	*
NC_064047.1	8941365	8941615	peak81940	.	*
NC_064047.1	8941924	8942174	peak81941	.	*
NC_064047.1	9009554	9009804	peak81968	.	*
NC_064047.1	9011536	9011786	peak81973	.	*
NC_064047.1	9011950	9012200	peak81974	.	*
NC_064047.1	9012512	9012762	peak81975	.	*
NC_064047.1	9015483	9015733	peak81980	.	*
NC_064047.1	9022579	9022829	peak81993	.	*
NC_064047.1	9023288	9023538	peak81994	.	*
NC_064047.1	9040882	9041132	peak82003	.	*
NC_064047.1	9356840	9357090	peak82096	.	*
NC_064047.1	9483968	9484218	peak82129	.	*
NC_064047.1	9584873	9585123	peak82151	.	*
NC_064047.1	9660992	9661242	peak82170	.	*
NC_064047.1	9738517	9738767	peak82197	.	*
NC_064047.1	9832321	9832571	peak82259	.	*
NC_064047.1	9878303	9878553	peak82287	.	*
NC_064047.1	9878801	9879051	peak82288	.	*
NC_064047.1	9953609	9953859	peak82306	.	*
NC_064047.1	10022365	10022614	peak82345	.	*
NC_064047.1	10229866	10230116	peak82412	.	*
NC_064047.1	10236126	10236376	peak82425	.	*
NC_064047.1	10236556	10236806	peak82426	.	*
NC_064047.1	10241526	10241776	peak82429	.	*
NC_064047.1	10242641	10242891	peak82431	.	*
NC_064047.1	10315679	10315929	peak82469	.	*
NC_064047.1	10317053	10317303	peak82471	.	*
NC_064047.1	10425073	10425323	peak82507	.	*
NC_064047.1	10425352	10425602	peak82508	.	*
NC_064047.1	10801568	10801817	peak82615	.	*
NC_064047.1	10801779	10802029	peak82616	.	*
NC_064047.1	11204571	11204821	peak82760	.	*
NC_064047.1	11407660	11407910	peak82841	.	*
NC_064047.1	11576749	11576999	peak82877	.	*
NC_064047.1	11716706	11716956	peak82903	.	*
NC_064047.1	11783770	11784020	peak82913	.	*
NC_064047.1	11814971	11815221	peak82922	.	*
NC_064047.1	11816759	11817009	peak82924	.	*
NC_064047.1	11817099	11817349	peak82925	.	*
NC_064047.1	11818369	11818619	peak82926	.	*
NC_064047.1	11950887	11951137	peak82951	.	*
NC_064047.1	12902188	12902438	peak83023	.	*
NC_064047.1	12902530	12902780	peak83024	.	*
NC_064047.1	12991924	12992174	peak83051	.	*
NC_064047.1	13255497	13255747	peak83141	.	*
NC_064047.1	13273272	13273522	peak83150	.	*
NC_064047.1	14043349	14043599	peak83313	.	*
NC_064047.1	14168886	14169136	peak83340	.	*
NC_064048.1	344262	344512	peak83580	.	*
NC_064048.1	582116	582366	peak83682	.	*
NC_064048.1	899034	899284	peak83811	.	*
NC_064048.1	1232815	1233065	peak83941	.	*
NC_064048.1	1466796	1467046	peak84022	.	*
NC_064048.1	1935358	1935608	peak84205	.	*
NC_064048.1	2209408	2209658	peak84276	.	*
NC_064048.1	2241084	2241334	peak84288	.	*
NC_064048.1	2241427	2241677	peak84289	.	*
NC_064048.1	2702540	2702790	peak84504	.	*
NC_064048.1	2709285	2709535	peak84511	.	*
NC_064048.1	2749007	2749257	peak84525	.	*
NC_064048.1	3506826	3507075	peak84727	.	*
NC_064048.1	3545706	3545956	peak84751	.	*
NC_064048.1	3547866	3548116	peak84752	.	*
NC_064048.1	3606454	3606704	peak84784	.	*
NC_064048.1	3606920	3607170	peak84785	.	*
NC_064048.1	3607733	3607983	peak84786	.	*
NC_064048.1	3828098	3828348	peak84857	.	*
NC_064048.1	4012858	4013108	peak84929	.	*
NC_064048.1	4013964	4014214	peak84931	.	*
NC_064048.1	4014768	4015018	peak84933	.	*
NC_064048.1	4094755	4095005	peak84982	.	*
NC_064048.1	4161320	4161570	peak85005	.	*
NC_064048.1	4161803	4162053	peak85006	.	*
NC_064048.1	4165928	4166178	peak85010	.	*
NC_064048.1	4267288	4267538	peak85052	.	*
NC_064048.1	4267968	4268218	peak85053	.	*
NC_064048.1	4510129	4510379	peak85148	.	*
NC_064048.1	4513677	4513927	peak85152	.	*
NC_064048.1	4514443	4514693	peak85153	.	*
NC_064048.1	4547781	4548031	peak85167	.	*
NC_064048.1	4754513	4754763	peak85239	.	*
NC_064048.1	5146612	5146862	peak85388	.	*
NC_064048.1	5817788	5818038	peak85636	.	*
NC_064048.1	5818347	5818597	peak85637	.	*
NC_064048.1	5834788	5835038	peak85640	.	*
NC_064048.1	5954276	5954526	peak85692	.	*
NC_064048.1	5954619	5954869	peak85693	.	*
NC_064048.1	6272772	6273022	peak85856	.	*
NC_064048.1	6587310	6587560	peak85957	.	*
NC_064048.1	6587654	6587904	peak85958	.	*
NC_064048.1	6597019	6597269	peak85966	.	*
NC_064048.1	6597972	6598222	peak85967	.	*
NC_064048.1	6847666	6847916	peak86048	.	*
NC_064048.1	7016412	7016662	peak86077	.	*
NC_064048.1	7057359	7057609	peak86088	.	*
NC_064048.1	7510266	7510516	peak86271	.	*
NC_064048.1	7589894	7590144	peak86300	.	*
NC_064048.1	7737679	7737929	peak86338	.	*
NC_064048.1	7738601	7738851	peak86341	.	*
NC_064048.1	7820577	7820827	peak86376	.	*
NC_064048.1	7821534	7821784	peak86377	.	*
NC_064048.1	7826598	7826848	peak86381	.	*
NC_064048.1	7848362	7848612	peak86405	.	*
NC_064048.1	8528250	8528500	peak86630	.	*
NC_064048.1	8529507	8529757	peak86632	.	*
NC_064048.1	9104458	9104708	peak86831	.	*
NC_064048.1	9193124	9193374	peak86867	.	*
NC_064048.1	9193715	9193965	peak86868	.	*
NC_064048.1	9196131	9196381	peak86874	.	*
NC_064048.1	9196935	9197185	peak86875	.	*
NC_064048.1	9197212	9197462	peak86876	.	*
NC_064048.1	9507883	9508133	peak86977	.	*
NC_064048.1	9510952	9511202	peak86979	.	*
NC_064048.1	9511283	9511533	peak86980	.	*
NC_064048.1	9511663	9511913	peak86981	.	*
NC_064048.1	9513743	9513993	peak86982	.	*
NC_064048.1	9519675	9519925	peak86986	.	*
NC_064048.1	9520827	9521077	peak86987	.	*
NC_064048.1	9521571	9521821	peak86988	.	*
NC_064048.1	9523033	9523283	peak86990	.	*
NC_064048.1	9564106	9564356	peak86999	.	*
NC_064048.1	9799662	9799912	peak87097	.	*
NC_064048.1	9807078	9807328	peak87104	.	*
NC_064048.1	9808222	9808472	peak87106	.	*
NC_064048.1	9963377	9963627	peak87158	.	*
NC_064048.1	10053860	10054110	peak87195	.	*
NC_064048.1	10069787	10070037	peak87201	.	*
NC_064048.1	10085476	10085726	peak87210	.	*
NC_064048.1	10192697	10192947	peak87238	.	*
NC_064048.1	10194538	10194788	peak87241	.	*
NC_064048.1	10196566	10196816	peak87243	.	*
NC_064048.1	10197829	10198079	peak87244	.	*
NC_064048.1	10317065	10317315	peak87273	.	*
NC_064048.1	10326105	10326354	peak87279	.	*
NC_064048.1	10375295	10375545	peak87303	.	*
NC_064048.1	10725775	10726025	peak87431	.	*
NC_064048.1	10736861	10737111	peak87434	.	*
NC_064048.1	10783062	10783312	peak87461	.	*
NC_064048.1	10784598	10784848	peak87463	.	*
NC_064048.1	10797981	10798230	peak87470	.	*
NC_064048.1	10937434	10937684	peak87529	.	*
NC_064048.1	10953048	10953298	peak87533	.	*
NC_064048.1	12431694	12431944	peak87650	.	*
NC_064048.1	12432042	12432292	peak87651	.	*
NC_064048.1	12489685	12489935	peak87665	.	*
NC_064048.1	12740089	12740339	peak87738	.	*
NC_064048.1	12783686	12783936	peak87759	.	*
NC_064048.1	12792539	12792789	peak87761	.	*
