cell_type	motif	fc	f_fg	f_bg	n_fg	n_bg	pval	padj	label
cnidocyte	Foxn3	0.966258945381429	0.0615141955835962	0.0636622262361707	117	7049	0.661647753548345	0.999999537114171	cnidocyte
cnidocyte	FoxQ2d	1.53111736416237	0.0741324921135647	0.0484172499435539	141	5361	8.66596740763329e-07	1.64653380745033e-05	cnidocyte
cnidocyte	Lbx	1.01632396653919	0.0262881177707676	0.0258658839467148	50	2864	0.474321789676191	0.999999537114171	cnidocyte
cnidocyte	Nanog	0.949542505555492	0.0494216614090431	0.0520478663355159	94	5763	0.709942940336864	0.999999537114171	cnidocyte
cnidocyte	NOTO	0.919464750451266	0.0636172450052576	0.0691894332806503	121	7661	0.840323368928005	0.999999537114171	cnidocyte
cnidocyte	Nvec_vc1.1_XM_001630676.3	0.585432337196721	0.0347003154574132	0.0592729735832016	66	6563	0.999999537114171	0.999999537114171	cnidocyte
cnidocyte	Nvec_vc1.1_XM_001634198.3	1.00102939063005	0.0609884332281809	0.0609257168661097	116	6746	0.509304586819523	0.999999537114171	cnidocyte
cnidocyte	Nvec_vc1.1_XM_001641264.3	0.951102995331584	0.0531019978969506	0.0558320162564913	101	6182	0.710507840678208	0.999999537114171	cnidocyte
cnidocyte	Nvec_vc1.1_XM_032366665.2	0.89637505460754	0.0573080967402734	0.0639331677579589	109	7079	0.88998291168374	0.999999537114171	cnidocyte
cnidocyte	Nvec_vc1.1_XM_032367023.2	1.1090131678467	0.0715036803364879	0.0644750508015353	136	7139	0.118110769568394	0.748034873933165	cnidocyte
cnidocyte	Nvec_vc1.1_XM_032372904.2	0.928672779784676	0.0536277602523659	0.057746669677128	102	6394	0.790710731840809	0.999999537114171	cnidocyte
cnidocyte	Nvec_vc1.1_XM_032379457.2	1.2140095035787	0.0778128286014721	0.0640957326710318	148	7097	0.0103098628910554	0.0979436974650265	cnidocyte
cnidocyte	Nvec_vc1.1_XM_032383663.2	0.957773865713454	0.0457413249211357	0.0477579589072025	87	5288	0.673929127603363	0.999999537114171	cnidocyte
cnidocyte	Nvec_vc1.1_XM_048727543.1	0.868396617588184	0.0562565720294427	0.064782117859562	107	7173	0.941355049845309	0.999999537114171	cnidocyte
cnidocyte	Nvec_vc1.1_XM_048730743.1	0.975409026510383	0.0546792849631966	0.0560578008579815	104	6207	0.616529847779336	0.999999537114171	cnidocyte
cnidocyte	Pou4	1.01954387585571	0.0583596214511041	0.05724091216979	111	6338	0.431617083565371	0.999999537114171	cnidocyte
cnidocyte	Shox2	0.943693129153669	0.064143007360673	0.0679701964326033	122	7526	0.757197647928116	0.999999537114171	cnidocyte
cnidocyte	Tesmin	0.935459600470675	0.0567823343848581	0.0606999322646196	108	6721	0.774118804774497	0.999999537114171	cnidocyte
cnidocyte	Ybx1/Ybx2/Ybx3	0.713957998531834	0.0341745531019979	0.0478663355159178	65	5300	0.998475573575348	0.999999537114171	cnidocyte
cnidocyte_gastrula	Foxn3	1.06578915348743	0.0664253508604814	0.0623250392848595	1046	5989	0.0263922741522476	0.250726604446353	cnidocyte_gastrula
cnidocyte_gastrula	FoxQ2d	0.907169573690446	0.0443894075061917	0.048931764020272	699	4702	0.993928757565544	1	cnidocyte_gastrula
cnidocyte_gastrula	Lbx	0.741914353990655	0.0197497936114816	0.0266200451645801	311	2558	0.999999925537719	1	cnidocyte_gastrula
cnidocyte_gastrula	Nanog	0.730190365930507	0.0391185622658284	0.0535731010583497	616	5148	0.999999999999998	1	cnidocyte_gastrula
cnidocyte_gastrula	NOTO	0.788409201719036	0.0556931479011875	0.0706399009293081	877	6788	0.999999999999267	1	cnidocyte_gastrula
cnidocyte_gastrula	Nvec_vc1.1_XM_001630676.3	0.67190883924322	0.0410236870515019	0.0610554358798248	646	5867	1	1	cnidocyte_gastrula
cnidocyte_gastrula	Nvec_vc1.1_XM_001634198.3	0.713217036919499	0.0447704324633263	0.0627725224522078	705	6032	1	1	cnidocyte_gastrula
cnidocyte_gastrula	Nvec_vc1.1_XM_001641264.3	0.740946807659251	0.0425477868800406	0.0574235376146025	670	5518	0.999999999999998	1	cnidocyte_gastrula
cnidocyte_gastrula	Nvec_vc1.1_XM_032366665.2	0.969177833929557	0.061281513939163	0.0632304122048432	965	6076	0.829119754445658	1	cnidocyte_gastrula
cnidocyte_gastrula	Nvec_vc1.1_XM_032367023.2	1.13031910444906	0.0708706420270528	0.0626996763551976	1116	6025	6.64485532737301e-05	0.00126252251220087	cnidocyte_gastrula
cnidocyte_gastrula	Nvec_vc1.1_XM_032372904.2	0.728298254797519	0.0432463326347876	0.0593799756485904	681	5706	1	1	cnidocyte_gastrula
cnidocyte_gastrula	Nvec_vc1.1_XM_032379457.2	0.981100380090859	0.0626786054486569	0.0638860270779349	987	6139	0.722478032022671	1	cnidocyte_gastrula
cnidocyte_gastrula	Nvec_vc1.1_XM_032383663.2	0.775330257226019	0.037784974915857	0.0487340388998158	595	4683	0.999999999713175	1	cnidocyte_gastrula
cnidocyte_gastrula	Nvec_vc1.1_XM_048727543.1	0.78330675538908	0.0518193941703182	0.0661546626705379	816	6357	0.999999999998782	1	cnidocyte_gastrula
cnidocyte_gastrula	Nvec_vc1.1_XM_048730743.1	0.813938839560499	0.0462310281323427	0.0567991424973723	728	5458	0.999999982903058	1	cnidocyte_gastrula
cnidocyte_gastrula	Pou4	0.713939647899154	0.0422302660824284	0.0591510307722727	665	5684	1	1	cnidocyte_gastrula
cnidocyte_gastrula	Shox2	0.771818610765191	0.0535975106369467	0.0694431436212836	844	6673	0.999999999999984	1	cnidocyte_gastrula
cnidocyte_gastrula	Tesmin	0.94620013228844	0.0569632310916365	0.0602020958862768	897	5785	0.946722058053926	1	cnidocyte_gastrula
cnidocyte_gastrula	Ybx1/Ybx2/Ybx3	0.78516065634669	0.0381659998729917	0.0486091598763698	601	4671	0.999999998256128	1	cnidocyte_gastrula
ecto_pharynx	Foxn3	1.08608505723424	0.0670041845327272	0.061693312219354	1297	5688	0.00310413992368102	0.0147446646374848	ecto_pharynx
ecto_pharynx	FoxQ2d	1.12626648524671	0.0530040812109314	0.0470617583895529	1026	4339	0.000274656954631906	0.00260924106900311	ecto_pharynx
ecto_pharynx	Lbx	1.02978974455173	0.0261920752182673	0.0254343912015445	507	2345	0.279091999328033	0.757535426747517	ecto_pharynx
ecto_pharynx	Nanog	0.734549058654807	0.0394689259699334	0.0537321850799367	764	4954	1	1	ecto_pharynx
ecto_pharynx	NOTO	0.985949021248535	0.0675207935113912	0.0684830473546064	1307	6314	0.690007950379223	1	ecto_pharynx
ecto_pharynx	Nvec_vc1.1_XM_001630676.3	0.984134211844225	0.0570852921423774	0.0580055966506866	1105	5348	0.696077698614289	1	ecto_pharynx
ecto_pharynx	Nvec_vc1.1_XM_001634198.3	0.845067477517176	0.0521258459472026	0.0616824659970932	1009	5687	0.999999895296902	1	ecto_pharynx
ecto_pharynx	Nvec_vc1.1_XM_001641264.3	0.880784259846865	0.0495428010538823	0.0562485086444391	959	5186	0.999921795457909	1	ecto_pharynx
ecto_pharynx	Nvec_vc1.1_XM_032366665.2	1.05170794183641	0.0653510358010022	0.0621380073320463	1265	5729	0.0489802753940946	0.155104205414633	ecto_pharynx
ecto_pharynx	Nvec_vc1.1_XM_032367023.2	1.13472463364471	0.0708787518727076	0.0624633939998699	1372	5759	9.20880338933171e-06	0.000174967264397302	ecto_pharynx
ecto_pharynx	Nvec_vc1.1_XM_032372904.2	0.759059230718871	0.0450999638373715	0.0594156055445888	873	5478	1	1	ecto_pharynx
ecto_pharynx	Nvec_vc1.1_XM_032379457.2	1.09247637344267	0.0681923851836545	0.0624200091108267	1320	5755	0.00155796628066004	0.00986711977751362	ecto_pharynx
ecto_pharynx	Nvec_vc1.1_XM_032383663.2	0.870210580926563	0.0417936663739216	0.0480270721707629	809	4428	0.999926721708784	1	ecto_pharynx
ecto_pharynx	Nvec_vc1.1_XM_048727543.1	0.963544696194054	0.0618897556439531	0.0642313282283781	1198	5922	0.890538554325108	1	ecto_pharynx
ecto_pharynx	Nvec_vc1.1_XM_048730743.1	0.83505916598207	0.0472697215477605	0.0566064339790451	915	5219	0.999999939416287	1	ecto_pharynx
ecto_pharynx	Pou4	0.819159673100323	0.0476313478328253	0.0581465975400768	922	5361	0.999999998208604	1	ecto_pharynx
ecto_pharynx	Shox2	0.90648552261136	0.0617347729503539	0.0681034295754789	1195	6279	0.999456716703151	1	ecto_pharynx
ecto_pharynx	Tesmin	1.08576250876291	0.0634395825799452	0.0584285993188573	1228	5387	0.0040502143424013	0.0153908145011249	ecto_pharynx
ecto_pharynx	Ybx1/Ybx2/Ybx3	0.800769336820369	0.0387973342976701	0.0484500748389336	751	4467	0.99999999850479	1	ecto_pharynx
ectoderm	Foxn3	1.06120299587472	0.0653230091854551	0.0615556207807455	1721	5243	0.0144171863156453	0.0565569965471532	ectoderm
ectoderm	FoxQ2d	1.07037571891956	0.0502922644803765	0.046985617845612	1325	4002	0.0148834201439877	0.0565569965471532	ectoderm
ectoderm	Lbx	1.05854612300601	0.0266454110680938	0.0251717053125917	702	2144	0.0966719387185708	0.262395262236121	ectoderm
ectoderm	Nanog	0.748007732918829	0.0404235937144159	0.0540416788963898	1065	4603	1	1	ectoderm
ectoderm	NOTO	1.03986030216794	0.0703332574204813	0.067637217493396	1853	5761	0.0668431495458339	0.211669973561807	ectoderm
ectoderm	Nvec_vc1.1_XM_001630676.3	1.01379055654941	0.0584528960753056	0.057657763428236	1540	4911	0.319222051990186	0.673913220868171	ectoderm
ectoderm	Nvec_vc1.1_XM_001634198.3	0.870596525395111	0.0535185606923252	0.0614734370413854	1410	5236	0.999999333521561	1	ectoderm
ectoderm	Nvec_vc1.1_XM_001641264.3	0.907634130717287	0.0508616108707204	0.0560375697094218	1340	4773	0.999452908224587	1	ectoderm
ectoderm	Nvec_vc1.1_XM_032366665.2	1.03180191605531	0.0640704471266986	0.0620956853536836	1688	5289	0.126834063669939	0.301230901216105	ectoderm
ectoderm	Nvec_vc1.1_XM_032367023.2	1.08190566662936	0.0674865254687619	0.0623774581743469	1778	5313	0.00164624074981557	0.0104261914154986	ectoderm
ectoderm	Nvec_vc1.1_XM_032372904.2	0.836458713650697	0.0494951795338951	0.0591722923393014	1304	5040	0.999999999175016	1	ectoderm
ectoderm	Nvec_vc1.1_XM_032379457.2	1.13317574374051	0.0691945646397935	0.0610625183445847	1823	5201	1.37609887103397e-06	1.30729392748227e-05	ectoderm
ectoderm	Nvec_vc1.1_XM_032383663.2	0.875341540830533	0.0422075457374934	0.0482183739360141	1112	4107	0.999979074357082	1	ectoderm
ectoderm	Nvec_vc1.1_XM_048727543.1	0.992093513559309	0.0632354057541942	0.0637393601408864	1666	5429	0.619938230777604	1	ectoderm
ectoderm	Nvec_vc1.1_XM_048730743.1	0.883975086230329	0.0498367873681014	0.0563780452010566	1313	4802	0.999981976498695	1	ectoderm
ectoderm	Pou4	0.858759531474416	0.0498367873681014	0.0580334605224538	1313	4943	0.999999855831881	1	ectoderm
ectoderm	Shox2	0.955634346158348	0.0644120549609049	0.0674024068095098	1697	5741	0.957154068271841	1	ectoderm
ectoderm	Tesmin	1.16570375595246	0.0661580505579595	0.0567537422952744	1743	4834	1.20018887145569e-08	2.28035885576581e-07	ectoderm
ectoderm	Ybx1/Ybx2/Ybx3	0.781112678618101	0.0382600774311091	0.048981508658644	1008	4172	0.999999999999929	1	ectoderm
ecto_aboral	Foxn3	1.05883328212373	0.0650968984629899	0.0614798378196266	1656	5292	0.019013312401502	0.0361252935628537	ecto_aboral
ecto_aboral	FoxQ2d	1.08682782445264	0.0509847085184166	0.0469114862274475	1297	4038	0.00412667041383315	0.00871185976253666	ecto_aboral
ecto_aboral	Lbx	1.20660253745378	0.0293250520853807	0.024303820997479	746	2092	6.00742783463287e-06	2.28282257716049e-05	ecto_aboral
ecto_aboral	Nanog	0.832924473709843	0.0441055072919533	0.0529525889610465	1122	4558	0.999999995342863	1	ecto_aboral
ecto_aboral	NOTO	1.22083429594733	0.0791697786862691	0.0648489143441337	2014	5582	2.56824000172058e-15	4.8796560032691e-14	ecto_aboral
ecto_aboral	Nvec_vc1.1_XM_001630676.3	0.942702031759153	0.0552301584181768	0.0585870790106533	1405	5043	0.979250722685659	1	ecto_aboral
ecto_aboral	Nvec_vc1.1_XM_001634198.3	0.977531748464794	0.0586107944494674	0.05995794463097	1491	5161	0.791404011985028	1	ecto_aboral
ecto_aboral	Nvec_vc1.1_XM_001641264.3	1.01279705246618	0.055348087582059	0.054648744728557	1408	4704	0.338350113534709	0.584422923378134	ecto_aboral
ecto_aboral	Nvec_vc1.1_XM_032366665.2	1.11883348281847	0.0680058178387515	0.0607827875042113	1730	5232	1.79676941954261e-05	5.68976982855159e-05	ecto_aboral
ecto_aboral	Nvec_vc1.1_XM_032367023.2	1.18064677400426	0.0721333385746295	0.0610964601461482	1835	5259	2.21894334053881e-10	1.40533078234125e-09	ecto_aboral
ecto_aboral	Nvec_vc1.1_XM_032372904.2	0.965581846195442	0.0551908486968827	0.057158125864052	1404	4920	0.886570722946418	1	ecto_aboral
ecto_aboral	Nvec_vc1.1_XM_032379457.2	1.18606629804977	0.071858170525571	0.0605852899148437	1828	5215	8.26936869625405e-11	7.85590026144134e-10	ecto_aboral
ecto_aboral	Nvec_vc1.1_XM_032383663.2	0.920791946815529	0.0438696489641889	0.0476433890586336	1116	4101	0.994400505480004	1	ecto_aboral
ecto_aboral	Nvec_vc1.1_XM_048727543.1	1.09542132857306	0.0680844372813397	0.062153653124528	1732	5350	0.000376219740129823	0.000893521882808328	ecto_aboral
ecto_aboral	Nvec_vc1.1_XM_048730743.1	0.983390414843006	0.0541294862219427	0.0550437399072923	1377	4738	0.717937324835514	1	ecto_aboral
ecto_aboral	Pou4	0.929403323640142	0.0529501945831204	0.0569722457799412	1347	4904	0.993407610834767	1	ecto_aboral
ecto_aboral	Shox2	1.10213493017658	0.0717795510829828	0.0651277344702999	1826	5606	0.000109856414780753	0.000298181697262044	ecto_aboral
ecto_aboral	Tesmin	1.14829876910056	0.0656079248398129	0.0571348908535381	1669	4918	3.42234579035228e-07	1.62561425041733e-06	ecto_aboral
ecto_aboral	Ybx1/Ybx2/Ybx3	0.751216222672645	0.0370297574590196	0.0492930748051164	942	4243	1	1	ecto_aboral
EMS	Foxn3	1.04436159265478	0.0646758094619817	0.061928559913406	1594	5378	0.0601145733001266	0.380725630900802	EMS
EMS	FoxQ2d	0.746818346237977	0.0378560415483243	0.0506897584118284	933	4402	1	1	EMS
EMS	Lbx	0.832061732234065	0.0219508236630691	0.0263812440984777	541	2291	0.999966551270444	1	EMS
EMS	Nanog	0.780920532817501	0.0419946441613244	0.053775822758573	1035	4670	0.999999999999984	1	EMS
EMS	NOTO	0.797930394828443	0.0566826259839325	0.0710370558024919	1397	6169	1	1	EMS
EMS	Nvec_vc1.1_XM_001630676.3	1.05728487489921	0.06049663231356	0.0572188572349785	1491	4969	0.0273239026577963	0.28079145396959	EMS
EMS	Nvec_vc1.1_XM_001634198.3	0.655300698755745	0.04240038951554	0.0647037147923816	1045	5619	1	1	EMS
EMS	Nvec_vc1.1_XM_001641264.3	0.685139350987765	0.04033108820904	0.0588655258976072	994	5112	1	1	EMS
EMS	Nvec_vc1.1_XM_032366665.2	0.907635142174353	0.0581838837945306	0.0641049261877893	1434	5567	0.999690455319611	1	EMS
EMS	Nvec_vc1.1_XM_032367023.2	1.05328749097784	0.066623387162217	0.0632528039427927	1642	5493	0.0295569951546937	0.28079145396959	EMS
EMS	Nvec_vc1.1_XM_032372904.2	0.702975715478172	0.0426438367280695	0.0606618917113839	1051	5268	1	1	EMS
EMS	Nvec_vc1.1_XM_032379457.2	0.747956969624221	0.0501095512456382	0.0669952327214942	1235	5818	1	1	EMS
EMS	Nvec_vc1.1_XM_032383663.2	0.850110673891951	0.040899131704942	0.0481103613458925	1008	4178	0.999999311228105	1	EMS
EMS	Nvec_vc1.1_XM_048727543.1	0.717765034368134	0.0486488679704617	0.0677782639736533	1199	5886	1	1	EMS
EMS	Nvec_vc1.1_XM_048730743.1	0.749369953793237	0.0435770510427656	0.0581515856382856	1074	5050	1	1	EMS
EMS	Pou4	0.62017540824181	0.0380994887608537	0.0614334077980701	939	5335	1	1	EMS
EMS	Shox2	0.765468021126476	0.0538829830398442	0.0703922065360079	1328	6113	1	1	EMS
EMS	Tesmin	0.898638549300127	0.0544510265357462	0.0605928007185463	1342	5262	0.999869799432492	1	EMS
EMS	Ybx1/Ybx2/Ybx3	0.847345652766527	0.0407368335632557	0.0480758158494738	1004	4175	0.999999563080466	1	EMS
EMS_ecto_boundary	Foxn3	1.05419243504436	0.0658856887031786	0.0624987303199594	883	6153	0.0679672568146743	0.430459293159604	EMS_ecto_boundary
EMS_ecto_boundary	FoxQ2d	1.11969038660084	0.053499477689897	0.0477805992889792	717	4704	0.00227684543851661	0.0216300316659078	EMS_ecto_boundary
EMS_ecto_boundary	Lbx	0.875197323627071	0.0227577973436801	0.0260030472320975	305	2560	0.989009850295753	1	EMS_ecto_boundary
EMS_ecto_boundary	Nanog	0.677657511829202	0.0364124757498881	0.0537328593194515	488	5290	1	1	EMS_ecto_boundary
EMS_ecto_boundary	NOTO	0.834739177044419	0.0582748843456201	0.0698120873539868	781	6873	0.999999814451052	1	EMS_ecto_boundary
EMS_ecto_boundary	Nvec_vc1.1_XM_001630676.3	0.886815958860878	0.052380241754962	0.0590655154900965	702	5815	0.999210454835236	1	EMS_ecto_boundary
EMS_ecto_boundary	Nvec_vc1.1_XM_001634198.3	0.716529098396798	0.0446948216684077	0.0623768410360589	599	6141	1	1	EMS_ecto_boundary
EMS_ecto_boundary	Nvec_vc1.1_XM_001641264.3	0.724282248781539	0.0414117295925981	0.0571762315896394	555	5629	0.999999999999997	1	EMS_ecto_boundary
EMS_ecto_boundary	Nvec_vc1.1_XM_032366665.2	1.04533954650307	0.0655872257871959	0.0627425088877603	879	6177	0.105717316426424	0.502157253025512	EMS_ecto_boundary
EMS_ecto_boundary	Nvec_vc1.1_XM_032367023.2	1.1957919143595	0.0750634233696463	0.0627729812087354	1006	6180	5.31160012338083e-08	1.00920402344236e-06	EMS_ecto_boundary
EMS_ecto_boundary	Nvec_vc1.1_XM_032372904.2	0.670654458613257	0.0399940307416804	0.0596343321482986	536	5871	1	1	EMS_ecto_boundary
EMS_ecto_boundary	Nvec_vc1.1_XM_032379457.2	0.954212096363522	0.0611102820474556	0.0640426612493652	819	6305	0.907624110356625	1	EMS_ecto_boundary
EMS_ecto_boundary	Nvec_vc1.1_XM_032383663.2	0.865969579097554	0.0414117295925981	0.0478212290502793	555	4708	0.999612958344301	1	EMS_ecto_boundary
EMS_ecto_boundary	Nvec_vc1.1_XM_048727543.1	0.800174321184473	0.0525294732129533	0.0656475368207212	704	6463	0.999999998929108	1	EMS_ecto_boundary
EMS_ecto_boundary	Nvec_vc1.1_XM_048730743.1	0.791139286896452	0.0449932845843904	0.0568715083798883	603	5599	0.999999996901199	1	EMS_ecto_boundary
EMS_ecto_boundary	Pou4	0.667925558075123	0.0394717206387106	0.0590959878110716	529	5818	1	1	EMS_ecto_boundary
EMS_ecto_boundary	Shox2	0.795853017476601	0.0547679450828235	0.0688166582021331	734	6775	0.999999999826531	1	EMS_ecto_boundary
EMS_ecto_boundary	Tesmin	0.980701929591864	0.0587225787195941	0.0598781107160995	787	5895	0.707441182372766	1	EMS_ecto_boundary
EMS_ecto_boundary	Ybx1/Ybx2/Ybx3	0.783688545420559	0.0377555588718102	0.0481767394616557	506	4743	0.999999983704382	1	EMS_ecto_boundary
gastro_circular_muscle_1	Foxn3	1.16812365387052	0.0740740740740741	0.063412870571222	146	7016	0.0324828391460004	0.205724647924669	gastro_circular_muscle_1
gastro_circular_muscle_1	FoxQ2d	0.786102746316896	0.0385591070522577	0.0490509761388286	76	5427	0.988076451833582	0.999999999937185	gastro_circular_muscle_1
gastro_circular_muscle_1	Lbx	0.879536001831572	0.0228310502283105	0.0259580621836587	45	2872	0.825285600257098	0.999999999937185	gastro_circular_muscle_1
gastro_circular_muscle_1	Nanog	2.01399615743229	0.102993404363267	0.0511388286334056	203	5658	3.89134256130689e-20	7.39355086648309e-19	gastro_circular_muscle_1
gastro_circular_muscle_1	NOTO	0.954159581717328	0.0659563673262303	0.0691250903832249	130	7648	0.721279616633641	0.999999999937185	gastro_circular_muscle_1
gastro_circular_muscle_1	Nvec_vc1.1_XM_001630676.3	1.68253623810196	0.097919837645865	0.0581977584960231	193	6439	5.2910585122581e-12	5.0265055866452e-11	gastro_circular_muscle_1
gastro_circular_muscle_1	Nvec_vc1.1_XM_001634198.3	0.612039445990735	0.0375443937087773	0.0613430947216197	74	6787	0.99999887707096	0.999999999937185	gastro_circular_muscle_1
gastro_circular_muscle_1	Nvec_vc1.1_XM_001641264.3	0.678164571858965	0.0380517503805175	0.0561099060014461	75	6208	0.99989233538958	0.999999999937185	gastro_circular_muscle_1
gastro_circular_muscle_1	Nvec_vc1.1_XM_032366665.2	0.759850316904764	0.0487062404870624	0.0640997830802603	96	7092	0.998248250416968	0.999999999937185	gastro_circular_muscle_1
gastro_circular_muscle_1	Nvec_vc1.1_XM_032367023.2	0.813989122250321	0.0527650938609843	0.064822848879248	104	7172	0.988077824317494	0.999999999937185	gastro_circular_muscle_1
gastro_circular_muscle_1	Nvec_vc1.1_XM_032372904.2	0.815696347031964	0.0471841704718417	0.0578452639190166	93	6400	0.982619896639839	0.999999999937185	gastro_circular_muscle_1
gastro_circular_muscle_1	Nvec_vc1.1_XM_032379457.2	0.500149282796286	0.0324708269913749	0.0649222704266088	64	7183	0.999999999937185	0.999999999937185	gastro_circular_muscle_1
gastro_circular_muscle_1	Nvec_vc1.1_XM_032383663.2	1.05251141552511	0.0502283105022831	0.0477223427331887	99	5280	0.3170682894406	0.999999999937185	gastro_circular_muscle_1
gastro_circular_muscle_1	Nvec_vc1.1_XM_048727543.1	0.631682316625242	0.0410958904109589	0.065057845263919	81	7198	0.999998007377405	0.999999999937185	gastro_circular_muscle_1
gastro_circular_muscle_1	Nvec_vc1.1_XM_048730743.1	0.783515637419626	0.0441400304414003	0.0563358640636298	87	6233	0.992951586131353	0.999999999937185	gastro_circular_muscle_1
gastro_circular_muscle_1	Pou4	0.491709801507118	0.0284119736174531	0.0577819956616052	56	6393	0.999999999656944	0.999999999937185	gastro_circular_muscle_1
gastro_circular_muscle_1	Shox2	0.683744562272372	0.0466768138001015	0.068266449746927	92	7553	0.999971160305748	0.999999999937185	gastro_circular_muscle_1
gastro_circular_muscle_1	Tesmin	0.690546494648165	0.0421106037544394	0.0609815618221258	83	6747	0.999894919940298	0.999999999937185	gastro_circular_muscle_1
gastro_circular_muscle_1	Ybx1/Ybx2/Ybx3	1.13207722014878	0.0537798072044647	0.0475054229934924	106	5256	0.108302329335326	0.514436064342798	gastro_circular_muscle_1
gastro_circular_muscle_2	Foxn3	0.996657469098414	0.063429571303587	0.0636422976501306	145	7020	0.528898995261907	0.999999999984257	gastro_circular_muscle_2
gastro_circular_muscle_2	FoxQ2d	0.775239383165747	0.0380577427821522	0.0490916013925152	87	5415	0.994644955433424	0.999999999984257	gastro_circular_muscle_2
gastro_circular_muscle_2	Lbx	1.03059176426476	0.0266841644794401	0.0258920800696258	61	2856	0.425043627835939	0.999999999984257	gastro_circular_muscle_2
gastro_circular_muscle_2	Nanog	0.659385143022146	0.0345581802274716	0.0524097040905135	79	5781	0.99997695269378	0.999999999984257	gastro_circular_muscle_2
gastro_circular_muscle_2	NOTO	0.987705955467022	0.068241469816273	0.0690908761241659	156	7621	0.575000761895919	0.999999999984257	gastro_circular_muscle_2
gastro_circular_muscle_2	Nvec_vc1.1_XM_001630676.3	1.56379081471158	0.0909886264216973	0.058184653321729	208	6418	4.77685246674539e-10	9.07601968681623e-09	gastro_circular_muscle_2
gastro_circular_muscle_2	Nvec_vc1.1_XM_001634198.3	0.641174836166297	0.0393700787401575	0.0614030316217	90	6773	0.99999853277979	0.999999999984257	gastro_circular_muscle_2
gastro_circular_muscle_2	Nvec_vc1.1_XM_001641264.3	0.748818133911729	0.041994750656168	0.0560813751087903	96	6186	0.99891043320186	0.999999999984257	gastro_circular_muscle_2
gastro_circular_muscle_2	Nvec_vc1.1_XM_032366665.2	0.847244986475246	0.0542432195975503	0.0640230635335074	124	7062	0.975731110404845	0.999999999984257	gastro_circular_muscle_2
gastro_circular_muscle_2	Nvec_vc1.1_XM_032367023.2	0.912199376562316	0.0590551181102362	0.0647392660284305	135	7141	0.873059725012737	0.999999999984257	gastro_circular_muscle_2
gastro_circular_muscle_2	Nvec_vc1.1_XM_032372904.2	0.862858730893932	0.0498687664041995	0.0577948215839861	114	6375	0.953423959041327	0.999999999984257	gastro_circular_muscle_2
gastro_circular_muscle_2	Nvec_vc1.1_XM_032379457.2	0.518187109456506	0.0336832895888014	0.0650021758050479	77	7170	0.999999999984257	0.999999999984257	gastro_circular_muscle_2
gastro_circular_muscle_2	Nvec_vc1.1_XM_032383663.2	0.914729260738142	0.0437445319335083	0.0478223817812591	100	5275	0.829864275078079	0.999999999984257	gastro_circular_muscle_2
gastro_circular_muscle_2	Nvec_vc1.1_XM_048727543.1	0.747831402392768	0.0485564304461942	0.064929648970119	111	7162	0.999549950873713	0.999999999984257	gastro_circular_muscle_2
gastro_circular_muscle_2	Nvec_vc1.1_XM_048730743.1	0.760851635299409	0.0428696412948382	0.0563442848854076	98	6215	0.99824827717139	0.999999999984257	gastro_circular_muscle_2
gastro_circular_muscle_2	Pou4	0.644572893734818	0.0371828521434821	0.0576860313315927	85	6363	0.999996273542909	0.999999999984257	gastro_circular_muscle_2
gastro_circular_muscle_2	Shox2	0.920863672235819	0.0625546806649169	0.0679304467653032	143	7493	0.854369074885978	0.999999999984257	gastro_circular_muscle_2
gastro_circular_muscle_2	Tesmin	0.767612344621062	0.0468066491688539	0.0609769364664926	107	6726	0.998424381745874	0.999999999984257	gastro_circular_muscle_2
gastro_circular_muscle_2	Ybx1/Ybx2/Ybx3	1.08742022220484	0.0516185476815398	0.0474688134609806	118	5236	0.190324631171663	0.999999999984257	gastro_circular_muscle_2
gastro_parietal_muscle	Foxn3	1.11732074679754	0.0709606986899563	0.0635096939650891	130	7033	0.10735495944291	0.383978266485287	gastro_parietal_muscle
gastro_parietal_muscle	FoxQ2d	0.983242257181832	0.0480349344978166	0.0488536107423762	88	5410	0.579514276603848	0.929668887312668	gastro_parietal_muscle
gastro_parietal_muscle	Lbx	1.20724666674827	0.0311135371179039	0.0257723114711168	57	2854	0.0904713240193102	0.383978266485287	gastro_parietal_muscle
gastro_parietal_muscle	Nanog	1.76348166936555	0.0906113537117904	0.0513820785811683	166	5690	5.18267883487708e-12	9.84708978626645e-11	gastro_parietal_muscle
gastro_parietal_muscle	NOTO	1.19783529037582	0.0824235807860262	0.0688104461842711	151	7620	0.014408558406659	0.13688130486326	gastro_parietal_muscle
gastro_parietal_muscle	Nvec_vc1.1_XM_001630676.3	0.898049331133318	0.0529475982532751	0.0589584518552633	97	6529	0.872613545812864	0.999999906440333	gastro_parietal_muscle
gastro_parietal_muscle	Nvec_vc1.1_XM_001634198.3	1.14101897369528	0.0693231441048035	0.060755470069262	127	6728	0.0725985189761668	0.383978266485287	gastro_parietal_muscle
gastro_parietal_muscle	Nvec_vc1.1_XM_001641264.3	1.11902630298784	0.0622270742358079	0.0556082319688637	114	6158	0.121256294679564	0.383978266485287	gastro_parietal_muscle
gastro_parietal_muscle	Nvec_vc1.1_XM_032366665.2	0.784583637268722	0.0502183406113537	0.0640063572905661	92	7088	0.994112248447327	0.999999906440333	gastro_parietal_muscle
gastro_parietal_muscle	Nvec_vc1.1_XM_032367023.2	0.868346777877254	0.0562227074235808	0.0647468371576409	103	7170	0.938106117666583	0.999999906440333	gastro_parietal_muscle
gastro_parietal_muscle	Nvec_vc1.1_XM_032372904.2	0.955273398932314	0.0551310043668122	0.05771227842043	101	6391	0.694975938561172	0.999999906440333	gastro_parietal_muscle
gastro_parietal_muscle	Nvec_vc1.1_XM_032379457.2	0.572957842670585	0.037117903930131	0.0647829581267665	68	7174	0.999999906440333	0.999999906440333	gastro_parietal_muscle
gastro_parietal_muscle	Nvec_vc1.1_XM_032383663.2	1.09966212442063	0.0524017467248908	0.04765258851895	96	5277	0.185663702000897	0.391956704224115	gastro_parietal_muscle
gastro_parietal_muscle	Nvec_vc1.1_XM_048727543.1	0.868952742132577	0.0562227074235808	0.0647016859462339	103	7165	0.937169487405538	0.999999906440333	gastro_parietal_muscle
gastro_parietal_muscle	Nvec_vc1.1_XM_048730743.1	0.982325388990574	0.0551310043668122	0.0561229557789036	101	6215	0.587159297250106	0.929668887312668	gastro_parietal_muscle
gastro_parietal_muscle	Pou4	1.03018489180821	0.0589519650655022	0.0572246453372344	108	6337	0.390371303559814	0.741705476763647	gastro_parietal_muscle
gastro_parietal_muscle	Shox2	1.09639892326454	0.074235807860262	0.0677087566259403	136	7498	0.145930192372274	0.391956704224115	gastro_parietal_muscle
gastro_parietal_muscle	Tesmin	0.752787605892769	0.0458515283842795	0.0609089841880458	84	6745	0.997666407933529	0.999999906440333	gastro_parietal_muscle
gastro_parietal_muscle	Ybx1/Ybx2/Ybx3	1.10216847684097	0.0524017467248908	0.0475442256115732	96	5265	0.179855730029623	0.391956704224115	gastro_parietal_muscle
gastro_IRF1_2	Foxn3	1.05398615621188	0.0670498084291188	0.0636154545616631	35	7136	0.399249052578373	0.999684972875474	gastro_IRF1_2
gastro_IRF1_2	FoxQ2d	0.547397759150507	0.0268199233716475	0.0489953108563482	14	5496	0.995888596157158	0.999684972875474	gastro_IRF1_2
gastro_IRF1_2	Lbx	0.442621463041222	0.0114942528735632	0.0259685845204771	6	2913	0.99302055825758	0.999684972875474	gastro_IRF1_2
gastro_IRF1_2	Nanog	1.36451529969813	0.0708812260536399	0.0519460837627258	37	5827	0.0371278488744353	0.70542912861427	gastro_IRF1_2
gastro_IRF1_2	NOTO	0.664616660741794	0.0459770114942529	0.0691782409471	24	7760	0.988786735505239	0.999684972875474	gastro_IRF1_2
gastro_IRF1_2	Nvec_vc1.1_XM_001630676.3	0.943510808310203	0.0555555555555556	0.0588817373009788	29	6605	0.652648724391491	0.999684972875474	gastro_IRF1_2
gastro_IRF1_2	Nvec_vc1.1_XM_001634198.3	0.564846519497261	0.0344827586206897	0.0610480146914615	18	6848	0.997628239101534	0.999684972875474	gastro_IRF1_2
gastro_IRF1_2	Nvec_vc1.1_XM_001641264.3	0.617113746891711	0.0344827586206897	0.0558774760639721	18	6268	0.990823441817153	0.999684972875474	gastro_IRF1_2
gastro_IRF1_2	Nvec_vc1.1_XM_032366665.2	1.11078941762238	0.0708812260536399	0.0638115784406369	37	7158	0.278651718651539	0.999684972875474	gastro_IRF1_2
gastro_IRF1_2	Nvec_vc1.1_XM_032367023.2	0.91872491097806	0.0593869731800766	0.0646406475653895	31	7251	0.711904361253975	0.999684972875474	gastro_IRF1_2
gastro_IRF1_2	Nvec_vc1.1_XM_032372904.2	0.663249136748498	0.0383141762452107	0.0577673970795371	20	6480	0.98197137701012	0.999684972875474	gastro_IRF1_2
gastro_IRF1_2	Nvec_vc1.1_XM_032379457.2	0.683614462939116	0.0440613026819923	0.0644534384081873	23	7230	0.980985155719172	0.999684972875474	gastro_IRF1_2
gastro_IRF1_2	Nvec_vc1.1_XM_032383663.2	0.88185783375178	0.0421455938697318	0.0477918234171912	22	5361	0.755177177988272	0.999684972875474	gastro_IRF1_2
gastro_IRF1_2	Nvec_vc1.1_XM_048727543.1	0.829701622805071	0.053639846743295	0.064649562287161	28	7252	0.868167474210292	0.999684972875474	gastro_IRF1_2
gastro_IRF1_2	Nvec_vc1.1_XM_048730743.1	0.681982609668402	0.0383141762452107	0.0561805766042042	20	6302	0.974361866376356	0.999684972875474	gastro_IRF1_2
gastro_IRF1_2	Pou4	0.467230638964309	0.0268199233716475	0.0574018934869043	14	6439	0.999684972875474	0.999684972875474	gastro_IRF1_2
gastro_IRF1_2	Shox2	0.619855755440317	0.0421455938697318	0.0679925829514861	22	7627	0.995073284050024	0.999684972875474	gastro_IRF1_2
gastro_IRF1_2	Tesmin	0.725349657623981	0.0440613026819923	0.0607449141512293	23	6814	0.959355268130012	0.999684972875474	gastro_IRF1_2
gastro_IRF1_2	Ybx1/Ybx2/Ybx3	0.763455812607284	0.0363984674329502	0.0476759320341612	19	5348	0.909369919728834	0.999684972875474	gastro_IRF1_2
gastro_somatic_gonad	Foxn3	0.551356062497858	0.0350877192982456	0.0636389471066747	4	7166	0.936648517422468	1	gastro_somatic_gonad
gastro_somatic_gonad	FoxQ2d	1.43568951448388	0.0701754385964912	0.0488792582856737	8	5504	0.195160540536804	0.805036248425166	gastro_somatic_gonad
gastro_somatic_gonad	Lbx	0	0	0.0259315832474868	0	2920	1	1	gastro_somatic_gonad
gastro_somatic_gonad	Nanog	1.85604684755962	0.0964912280701754	0.0519874960036944	11	5854	0.0355772852572331	0.337984209943715	gastro_somatic_gonad
gastro_somatic_gonad	NOTO	0.761666407375591	0.0526315789473684	0.0691005648111968	6	7781	0.807048757789559	1	gastro_somatic_gonad
gastro_somatic_gonad	Nvec_vc1.1_XM_001630676.3	4.33816101665644	0.254385964912281	0.0586391247202586	29	6603	1.43735552069571e-11	2.73097548932185e-10	gastro_somatic_gonad
gastro_somatic_gonad	Nvec_vc1.1_XM_001634198.3	0.864051073886787	0.0526315789473684	0.0609125785940109	6	6859	0.700026778597825	1	gastro_somatic_gonad
gastro_somatic_gonad	Nvec_vc1.1_XM_001641264.3	0.786303443691221	0.043859649122807	0.0557795460196796	5	6281	0.768053479455896	1	gastro_somatic_gonad
gastro_somatic_gonad	Nvec_vc1.1_XM_032366665.2	1.37474514400127	0.087719298245614	0.0638076800113673	10	7185	0.192236662474682	0.805036248425166	gastro_somatic_gonad
gastro_somatic_gonad	Nvec_vc1.1_XM_032367023.2	0.814530829547756	0.0526315789473684	0.0646158218180526	6	7276	0.752597458373579	1	gastro_somatic_gonad
gastro_somatic_gonad	Nvec_vc1.1_XM_032372904.2	1.36976725326413	0.0789473684210526	0.0576356079712977	9	6490	0.211851644322412	0.805036248425166	gastro_somatic_gonad
gastro_somatic_gonad	Nvec_vc1.1_XM_032379457.2	0.681303894306051	0.043859649122807	0.0643760434798053	5	7249	0.864293334387519	1	gastro_somatic_gonad
gastro_somatic_gonad	Nvec_vc1.1_XM_032383663.2	0.918158008890976	0.043859649122807	0.0477691733863806	5	5379	0.639605031940278	1	gastro_somatic_gonad
gastro_somatic_gonad	Nvec_vc1.1_XM_048727543.1	0.407097562562816	0.0263157894736842	0.0646424638556357	3	7279	0.980491618773358	1	gastro_somatic_gonad
gastro_somatic_gonad	Nvec_vc1.1_XM_048730743.1	0.781822372934077	0.043859649122807	0.056099250470676	5	6317	0.772379890547944	1	gastro_somatic_gonad
gastro_somatic_gonad	Pou4	0.153140214878281	0.0087719298245614	0.0572803808035239	1	6450	0.998795854174247	1	gastro_somatic_gonad
gastro_somatic_gonad	Shox2	0.51667549939318	0.0350877192982456	0.0679105537991546	4	7647	0.954946177311314	1	gastro_somatic_gonad
gastro_somatic_gonad	Tesmin	0.578141285317479	0.0350877192982456	0.0606905616141523	4	6834	0.920386250610744	1	gastro_somatic_gonad
gastro_somatic_gonad	Ybx1/Ybx2/Ybx3	1.10569520816968	0.0526315789473684	0.047600440481688	6	5360	0.460353916669533	1	gastro_somatic_gonad
muscle_tentacle_retractor	Foxn3	1.1977549486066	0.0760034158838599	0.063454896155744	89	7073	0.0482999958074716	0.0834272654856327	muscle_tentacle_retractor
muscle_tentacle_retractor	FoxQ2d	1.4036921454348	0.0683176771989752	0.0486699860942897	80	5425	0.00190610779191785	0.0120720160154797	muscle_tentacle_retractor
muscle_tentacle_retractor	Lbx	1.49301300542118	0.0384286934244236	0.0257390212174225	45	2869	0.00641326365324569	0.020308668235278	muscle_tentacle_retractor
muscle_tentacle_retractor	Nanog	1.034293900927	0.053800170794193	0.0520163279953349	63	5798	0.410700144193786	0.459017808216585	muscle_tentacle_retractor
muscle_tentacle_retractor	NOTO	1.23958684219686	0.085397096498719	0.0688915803166913	100	7679	0.0176729723836011	0.0434651236440569	muscle_tentacle_retractor
muscle_tentacle_retractor	Nvec_vc1.1_XM_001630676.3	1.39896446215256	0.0819812126387703	0.0586013546853272	96	6532	0.000774900201034745	0.00736155190983008	muscle_tentacle_retractor
muscle_tentacle_retractor	Nvec_vc1.1_XM_001634198.3	1.23748454393295	0.0751494449188728	0.0607275826492621	88	6769	0.0258941766625516	0.0546654840653866	muscle_tentacle_retractor
muscle_tentacle_retractor	Nvec_vc1.1_XM_001641264.3	1.3222673446386	0.0734415029888984	0.0555420984165433	86	6191	0.00622589356542256	0.020308668235278	muscle_tentacle_retractor
muscle_tentacle_retractor	Nvec_vc1.1_XM_032366665.2	1.11150724673898	0.0708795900939368	0.0637688960660297	83	7108	0.175495974223587	0.256494116172935	muscle_tentacle_retractor
muscle_tentacle_retractor	Nvec_vc1.1_XM_032367023.2	1.31321063093888	0.0845431255337319	0.0643789530345849	99	7176	0.00419269163351554	0.0199152852591988	muscle_tentacle_retractor
muscle_tentacle_retractor	Nvec_vc1.1_XM_032372904.2	1.0068090536065	0.058070025619129	0.0576772978064863	68	6429	0.494985556812858	0.494985556812858	muscle_tentacle_retractor
muscle_tentacle_retractor	Nvec_vc1.1_XM_032379457.2	1.04937789776325	0.0674637062339881	0.0642892387745032	79	7166	0.346379892670727	0.459017808216585	muscle_tentacle_retractor
muscle_tentacle_retractor	Nvec_vc1.1_XM_032383663.2	1.03737254218588	0.0495303159692571	0.0477459292154488	58	5322	0.406994328584692	0.459017808216585	muscle_tentacle_retractor
muscle_tentacle_retractor	Nvec_vc1.1_XM_048727543.1	1.44868447692549	0.0930828351836038	0.0642533530704706	109	7162	9.71621849010676e-05	0.00184608151312028	muscle_tentacle_retractor
muscle_tentacle_retractor	Nvec_vc1.1_XM_048730743.1	1.26754267765453	0.0708795900939368	0.0559188983088862	83	6233	0.0183011046922345	0.0434651236440569	muscle_tentacle_retractor
muscle_tentacle_retractor	Pou4	1.04503625358545	0.0597779675491033	0.0572018122280537	70	6376	0.370429097857195	0.459017808216585	muscle_tentacle_retractor
muscle_tentacle_retractor	Shox2	1.21065658012461	0.0819812126387703	0.0677163235096219	96	7548	0.0332585582038106	0.0631912605872402	muscle_tentacle_retractor
muscle_tentacle_retractor	Tesmin	1.01353547768196	0.0614859094790777	0.060664782667205	72	6762	0.470838341528209	0.494985556812858	muscle_tentacle_retractor
muscle_tentacle_retractor	Ybx1/Ybx2/Ybx3	1.14965538992018	0.0546541417591802	0.047539586417261	64	5299	0.143149279014503	0.226653025106296	muscle_tentacle_retractor
muscle_mesentery_retractor	Foxn3	0.985023163100446	0.0626740947075209	0.0636270263028625	45	7124	0.5633646264488	0.99999995957974	muscle_mesentery_retractor
muscle_mesentery_retractor	FoxQ2d	0.71114607543147	0.0348189415041783	0.048961729111776	25	5482	0.972058626663423	0.99999995957974	muscle_mesentery_retractor
muscle_mesentery_retractor	Lbx	0.859470128394697	0.0222841225626741	0.0259277452775421	16	2903	0.762198038046363	0.99999995957974	muscle_mesentery_retractor
muscle_mesentery_retractor	Nanog	1.85707070901317	0.096100278551532	0.051748314205332	69	5794	9.93236546384582e-07	1.88714943813071e-05	muscle_mesentery_retractor
muscle_mesentery_retractor	NOTO	1.04887929037277	0.0724233983286908	0.0690483633278257	52	7731	0.381751725857791	0.99999995957974	muscle_mesentery_retractor
muscle_mesentery_retractor	Nvec_vc1.1_XM_001630676.3	0.661163403963834	0.0389972144846797	0.0589827178136025	28	6604	0.993310302854623	0.99999995957974	muscle_mesentery_retractor
muscle_mesentery_retractor	Nvec_vc1.1_XM_001634198.3	0.983055972890537	0.0598885793871866	0.0609208234716206	43	6821	0.568121033410022	0.99999995957974	muscle_mesentery_retractor
muscle_mesentery_retractor	Nvec_vc1.1_XM_001641264.3	0.998655852837738	0.0557103064066852	0.0557852900459965	40	6246	0.526510712567139	0.99999995957974	muscle_mesentery_retractor
muscle_mesentery_retractor	Nvec_vc1.1_XM_032366665.2	0.850225687879757	0.0543175487465181	0.0638860358147635	39	7153	0.870569213470095	0.99999995957974	muscle_mesentery_retractor
muscle_mesentery_retractor	Nvec_vc1.1_XM_032367023.2	1.23059481530873	0.0793871866295265	0.0645112311883178	57	7223	0.0650495011981498	0.308985130691212	muscle_mesentery_retractor
muscle_mesentery_retractor	Nvec_vc1.1_XM_032372904.2	1.13630778864633	0.0654596100278552	0.0576072879917832	47	6450	0.203986701748752	0.775149466645259	muscle_mesentery_retractor
muscle_mesentery_retractor	Nvec_vc1.1_XM_032379457.2	0.344857191807851	0.0222841225626741	0.0646184075380699	16	7235	0.99999995957974	0.99999995957974	muscle_mesentery_retractor
muscle_mesentery_retractor	Nvec_vc1.1_XM_032383663.2	1.37353546416207	0.0654596100278552	0.0476577501897915	47	5336	0.0196236063739113	0.186424260552157	muscle_mesentery_retractor
muscle_mesentery_retractor	Nvec_vc1.1_XM_048727543.1	0.861666591632064	0.0557103064066852	0.0646541329879873	40	7239	0.853379104457692	0.99999995957974	muscle_mesentery_retractor
muscle_mesentery_retractor	Nvec_vc1.1_XM_048730743.1	1.01808034526196	0.0571030640668524	0.0560889563702943	41	6280	0.476019154490078	0.99999995957974	muscle_mesentery_retractor
muscle_mesentery_retractor	Pou4	0.874975687522142	0.0501392757660167	0.0573036216674854	36	6416	0.816044709872699	0.99999995957974	muscle_mesentery_retractor
muscle_mesentery_retractor	Shox2	0.943848042808972	0.064066852367688	0.0678783548430313	46	7600	0.678219275030723	0.99999995957974	muscle_mesentery_retractor
muscle_mesentery_retractor	Tesmin	0.710068074917596	0.0431754874651811	0.0608047157593891	31	6808	0.983669720328336	0.99999995957974	muscle_mesentery_retractor
muscle_mesentery_retractor	Ybx1/Ybx2/Ybx3	1.28924556604791	0.0612813370473538	0.0475327111150806	44	5322	0.0549705388663627	0.308985130691212	muscle_mesentery_retractor
digestive_filaments_1	Foxn3	1.05555119038265	0.0671328671328671	0.0635998213488164	48	7120	0.371135362125259	0.371135362125259	digestive_filaments_1
digestive_filaments_1	FoxQ2d	1.69532614568401	0.0825174825174825	0.0486735149620366	59	5449	7.92828941805425e-05	0.000188296873678789	digestive_filaments_1
digestive_filaments_1	Lbx	1.79096120517264	0.0461538461538462	0.0257704332291201	33	2885	0.0012441547827032	0.00181838006702776	digestive_filaments_1
digestive_filaments_1	Nanog	1.15741057979325	0.0601398601398601	0.0519606967396159	43	5817	0.183332492697773	0.204901021250453	digestive_filaments_1
digestive_filaments_1	NOTO	1.72953102777664	0.118881118881119	0.0687360428762841	85	7695	9.01716001918301e-07	4.28315100911193e-06	digestive_filaments_1
digestive_filaments_1	Nvec_vc1.1_XM_001630676.3	2.20256196402985	0.128671328671329	0.0584189370254578	92	6540	2.51730377904595e-12	3.01370706958512e-11	digestive_filaments_1
digestive_filaments_1	Nvec_vc1.1_XM_001634198.3	1.49775904742792	0.0909090909090909	0.0606967396159	65	6795	0.000952177918618305	0.00150761503781232	digestive_filaments_1
digestive_filaments_1	Nvec_vc1.1_XM_001641264.3	1.68791948196614	0.0937062937062937	0.0555158552925413	67	6215	2.9390834627956e-05	9.30709763218606e-05	digestive_filaments_1
digestive_filaments_1	Nvec_vc1.1_XM_032366665.2	1.29617400979826	0.0825174825174825	0.0636623492630639	59	7127	0.0272082058279626	0.034463727382086	digestive_filaments_1
digestive_filaments_1	Nvec_vc1.1_XM_032367023.2	1.4545784221325	0.0937062937062937	0.0644216167932113	67	7212	0.00163579990076968	0.00222001415104456	digestive_filaments_1
digestive_filaments_1	Nvec_vc1.1_XM_032372904.2	1.73022774890479	0.0993006993006993	0.0573916927199643	71	6425	7.57439935933148e-06	2.87827175654596e-05	digestive_filaments_1
digestive_filaments_1	Nvec_vc1.1_XM_032379457.2	1.54807314952142	0.0993006993006993	0.0641447074586869	71	7181	0.000224702310731815	0.000470723120785825	digestive_filaments_1
digestive_filaments_1	Nvec_vc1.1_XM_032383663.2	1.29156932306539	0.0615384615384615	0.0476462706565431	44	5334	0.0537158796909183	0.0637876071329655	digestive_filaments_1
digestive_filaments_1	Nvec_vc1.1_XM_048727543.1	1.54270237117864	0.0993006993006993	0.064368021438142	71	7206	0.000247749010939908	0.000470723120785825	digestive_filaments_1
digestive_filaments_1	Nvec_vc1.1_XM_048730743.1	1.65262212599491	0.0923076923076923	0.0558552925413131	66	6253	6.24315270612899e-05	0.000169457002023501	digestive_filaments_1
digestive_filaments_1	Pou4	1.54464858661539	0.0881118881118881	0.0570433229120143	63	6386	0.000537982448473615	0.000929242410999881	digestive_filaments_1
digestive_filaments_1	Shox2	2.0965021985836	0.141258741258741	0.067378293881197	101	7543	3.17232323114223e-12	3.01370706958512e-11	digestive_filaments_1
digestive_filaments_1	Tesmin	1.8316749147491	0.11048951048951	0.0603215721304154	79	6753	2.61149022731071e-07	1.65394381063012e-06	digestive_filaments_1
digestive_filaments_1	Ybx1/Ybx2/Ybx3	1.08711142488587	0.0517482517482518	0.0476016078606521	37	5329	0.325589202893281	0.343677491942908	digestive_filaments_1
digestive_filaments_2	Foxn3	1.30350843563634	0.0827814569536424	0.0635066522705168	50	7117	0.0358273123191521	0.0647324658166076	digestive_filaments_2
digestive_filaments_2	FoxQ2d	2.14794333257884	0.104304635761589	0.048560236287221	63	5442	1.92073498216545e-08	3.64939646611436e-07	digestive_filaments_2
digestive_filaments_2	Lbx	1.15163621831468	0.0298013245033113	0.025877376926303	18	2900	0.305725676919916	0.341693403616377	digestive_filaments_2
digestive_filaments_2	Nanog	1.3706029550463	0.0711920529801325	0.0519421417544862	43	5821	0.0250008576680915	0.0593770369617173	digestive_filaments_2
digestive_filaments_2	NOTO	1.29682048917134	0.0894039735099338	0.0689409014250404	54	7726	0.0324611238895888	0.0647324658166076	digestive_filaments_2
digestive_filaments_2	Nvec_vc1.1_XM_001630676.3	1.1263705614113	0.0662251655629139	0.058795185023245	40	6589	0.241769697354906	0.30307612455669	digestive_filaments_2
digestive_filaments_2	Nvec_vc1.1_XM_001634198.3	1.38910906153146	0.0844370860927152	0.0607850660765435	51	6812	0.0123986926738343	0.0392625268004754	digestive_filaments_2
digestive_filaments_2	Nvec_vc1.1_XM_001641264.3	1.51839071359954	0.0844370860927152	0.0556095906912829	51	6232	0.00239853366653223	0.0113930349160281	digestive_filaments_2
digestive_filaments_2	Nvec_vc1.1_XM_032366665.2	1.299491460488	0.0827814569536424	0.0637029634058197	50	7139	0.0374766907359307	0.0647324658166076	digestive_filaments_2
digestive_filaments_2	Nvec_vc1.1_XM_032367023.2	1.64605614175527	0.105960264900662	0.0643722059125345	64	7214	8.14160470080255e-05	0.000773452446576243	digestive_filaments_2
digestive_filaments_2	Nvec_vc1.1_XM_032372904.2	1.23617598409118	0.0711920529801325	0.0575905485111585	43	6454	0.0925718675061093	0.135297344816621	digestive_filaments_2
digestive_filaments_2	Nvec_vc1.1_XM_032379457.2	1.39233394932431	0.0894039735099338	0.0642115877109229	54	7196	0.00981904815990337	0.0373123830076328	digestive_filaments_2
digestive_filaments_2	Nvec_vc1.1_XM_032383663.2	1.59919504843731	0.076158940397351	0.0476232967778204	46	5337	0.00146771391516063	0.00929552146268398	digestive_filaments_2
digestive_filaments_2	Nvec_vc1.1_XM_048727543.1	1.28384577033267	0.0827814569536424	0.0644792847136088	50	7226	0.0445797235741788	0.0705845623257831	digestive_filaments_2
digestive_filaments_2	Nvec_vc1.1_XM_048730743.1	1.1225239369021	0.0629139072847682	0.0560468291290032	38	6281	0.255221999626687	0.30307612455669	digestive_filaments_2
digestive_filaments_2	Pou4	1.21590550953285	0.0695364238410596	0.0571890030071297	42	6409	0.114160162392174	0.154931648960808	digestive_filaments_2
digestive_filaments_2	Shox2	1.34503446554188	0.0910596026490066	0.0677005719792624	55	7587	0.017022996568084	0.0462052763990852	digestive_filaments_2
digestive_filaments_2	Tesmin	1.06507421819408	0.0645695364238411	0.060624447874932	39	6794	0.366254241922692	0.386601699807286	digestive_filaments_2
digestive_filaments_2	Ybx1/Ybx2/Ybx3	0.729111003985407	0.0347682119205298	0.0476857594117805	21	5344	0.94887238556198	0.94887238556198	digestive_filaments_2
digestive_filaments_3	Foxn3	1.21633438767392	0.0772413793103448	0.0635034083497869	56	7108	0.0786521190073992	0.106742161510042	digestive_filaments_3
digestive_filaments_3	FoxQ2d	2.1328180080157	0.103448275862069	0.0485030956571459	75	5429	1.31830427235586e-09	8.34926039158713e-09	digestive_filaments_3
digestive_filaments_3	Lbx	2.20246730496964	0.056551724137931	0.0256765328639966	41	2874	3.91037085714693e-06	8.25522736508797e-06	digestive_filaments_3
digestive_filaments_3	Nanog	0.608450048450758	0.0317241379310345	0.0521392643682269	23	5836	0.99674809693807	0.99674809693807	digestive_filaments_3
digestive_filaments_3	NOTO	1.68532257847684	0.115862068965517	0.0687477106431641	84	7695	2.87718780552709e-06	6.83332103812683e-06	digestive_filaments_3
digestive_filaments_3	Nvec_vc1.1_XM_001630676.3	3.20947399721759	0.186206896551724	0.0580178860190653	135	6494	1.36644925371672e-32	2.59625358206177e-31	digestive_filaments_3
digestive_filaments_3	Nvec_vc1.1_XM_001634198.3	1.9378241033057	0.117241379310345	0.0605015589961673	85	6772	7.84273794606067e-09	3.72530052437882e-08	digestive_filaments_3
digestive_filaments_3	Nvec_vc1.1_XM_001641264.3	2.11899641976202	0.117241379310345	0.0553287293064477	85	6193	1.27333833388655e-10	1.20967141719222e-09	digestive_filaments_3
digestive_filaments_3	Nvec_vc1.1_XM_032366665.2	1.4528045331267	0.0924137931034483	0.0636106172552733	67	7120	0.00169365679405499	0.00268162325725374	digestive_filaments_3
digestive_filaments_3	Nvec_vc1.1_XM_032367023.2	1.54344712675598	0.0993103448275862	0.0643432114427639	72	7202	0.000222587651334255	0.000422916537535085	digestive_filaments_3
digestive_filaments_3	Nvec_vc1.1_XM_032372904.2	1.36647397729707	0.0786206896551724	0.0575354459443765	57	6440	0.0119910065705771	0.0175253172954588	digestive_filaments_3
digestive_filaments_3	Nvec_vc1.1_XM_032379457.2	1.46175937929114	0.0937931034482759	0.0641645299336198	68	7182	0.00134839442549333	0.00232904491676121	digestive_filaments_3
digestive_filaments_3	Nvec_vc1.1_XM_032383663.2	1.03984155349827	0.0496551724137931	0.047752633318741	36	5345	0.429579094552772	0.48011781155898	digestive_filaments_3
digestive_filaments_3	Nvec_vc1.1_XM_048727543.1	1.76074854923025	0.113103448275862	0.0642360025372774	82	7190	7.33250452444768e-07	1.99025122806437e-06	digestive_filaments_3
digestive_filaments_3	Nvec_vc1.1_XM_048730743.1	1.20653775504592	0.0675862068965517	0.0560166531166522	49	6270	0.104523320770623	0.132396206309456	digestive_filaments_3
digestive_filaments_3	Pou4	1.84227611112014	0.104827586206897	0.0569011265869152	76	6369	3.67627385418784e-07	1.16415338715948e-06	digestive_filaments_3
digestive_filaments_3	Shox2	1.81848797940892	0.122758620689655	0.0675058741546131	89	7556	5.86537248942876e-08	2.22884154598293e-07	digestive_filaments_3
digestive_filaments_3	Tesmin	1.18391896221186	0.0717241379310345	0.0605819656752821	52	6781	0.121475542397628	0.144252206597183	digestive_filaments_3
digestive_filaments_3	Ybx1/Ybx2/Ybx3	0.694136768258808	0.0331034482758621	0.0476900947905406	24	5338	0.97782931972378	0.99674809693807	digestive_filaments_3
epidermis_1	Foxn3	1.45455047024422	0.0921820303383897	0.063374927322331	79	7085	0.000694752650427674	0.00440010011937527	epidermis_1
epidermis_1	FoxQ2d	1.12353204185304	0.0548424737456243	0.0488125587011942	47	5457	0.227486069024726	0.492611261052314	epidermis_1
epidermis_1	Lbx	0.901203741210754	0.0233372228704784	0.0258956125050315	20	2895	0.710611488066358	0.834505095821704	epidermis_1
epidermis_1	Nanog	1.78234003488071	0.0921820303383897	0.0517196654590993	79	5782	8.90147607988955e-07	1.69128045517901e-05	epidermis_1
epidermis_1	NOTO	1.37261477848283	0.0945157526254376	0.0688581779149336	81	7698	0.00286453593994754	0.0136065457147508	epidermis_1
epidermis_1	Nvec_vc1.1_XM_001630676.3	0.553421024716241	0.0326721120186698	0.0590366295451496	28	6600	0.999849209533249	0.999849209533249	epidermis_1
epidermis_1	Nvec_vc1.1_XM_001634198.3	0.976932645896196	0.05950991831972	0.0609150677579498	51	6810	0.588397593278365	0.79853959087778	epidermis_1
epidermis_1	Nvec_vc1.1_XM_001641264.3	1.02567600055722	0.0571761960326721	0.055744890200814	49	6232	0.448783858208017	0.737277439794035	epidermis_1
epidermis_1	Nvec_vc1.1_XM_032366665.2	0.987420667672254	0.0630105017502917	0.0638132295719844	54	7134	0.558144995656579	0.79853959087778	epidermis_1
epidermis_1	Nvec_vc1.1_XM_032367023.2	1.10289726042351	0.0711785297549592	0.0645377700254931	61	7215	0.233342176287938	0.492611261052314	epidermis_1
epidermis_1	Nvec_vc1.1_XM_032372904.2	1.19566649850476	0.0688448074679113	0.0575786036942618	59	6437	0.0932174911786679	0.295188722065782	epidermis_1
epidermis_1	Nvec_vc1.1_XM_032379457.2	1.45610985394454	0.0933488914819137	0.0641084127197102	80	7167	0.000623762233422707	0.00440010011937527	epidermis_1
epidermis_1	Nvec_vc1.1_XM_032383663.2	0.952184244819392	0.0455075845974329	0.0477928350999598	39	5343	0.645204334634713	0.817258823870637	epidermis_1
epidermis_1	Nvec_vc1.1_XM_048727543.1	1.0662933292983	0.0688448074679113	0.0645646048571045	59	7218	0.324886426701383	0.617284210732627	epidermis_1
epidermis_1	Nvec_vc1.1_XM_048730743.1	0.915433273966714	0.0513418903150525	0.0560847980678921	44	6270	0.746662454156261	0.834505095821704	epidermis_1
epidermis_1	Pou4	1.01929396421516	0.058343057176196	0.0572386958271837	50	6399	0.465648909343601	0.737277439794035	epidermis_1
epidermis_1	Shox2	1.11862806070141	0.0758459743290549	0.0678026745382173	65	7580	0.192254061859295	0.492611261052314	epidermis_1
epidermis_1	Tesmin	1.23392720345499	0.0746791131855309	0.0605214902276488	64	6766	0.0519760858440953	0.197509126207562	epidermis_1
epidermis_1	Ybx1/Ybx2/Ybx3	0.856447843539483	0.0408401400233372	0.047685495773514	35	5331	0.846036044587622	0.893038047064712	epidermis_1
epidermis_2	Foxn3	1.05588526773019	0.0670940170940171	0.0635429048444319	157	7003	0.254466974531061	0.371913270468473	epidermis_2
epidermis_2	FoxQ2d	1.38367599736425	0.0670940170940171	0.0484896877750456	157	5344	4.95645700643367e-05	0.000188345366244479	epidermis_2
epidermis_2	Lbx	1.34898406049396	0.0346153846153846	0.0256603362701776	81	2828	0.00566444342981793	0.011958269462949	epidermis_2
epidermis_2	Nanog	0.785646372162445	0.041025641025641	0.0522189657831938	96	5755	0.994401655504839	0.994401655504839	epidermis_2
epidermis_2	NOTO	1.41037724844536	0.0965811965811966	0.0684789808454845	226	7547	2.80635815901594e-07	2.66604025106514e-06	epidermis_2
epidermis_2	Nvec_vc1.1_XM_001630676.3	0.802434815120924	0.0474358974358974	0.059114954314076	111	6515	0.993550390988445	0.994401655504839	epidermis_2
epidermis_2	Nvec_vc1.1_XM_001634198.3	1.32789416475679	0.0803418803418803	0.060503225689372	188	6668	8.12532621050161e-05	0.000257301996665884	epidermis_2
epidermis_2	Nvec_vc1.1_XM_001641264.3	1.20072996677017	0.0666666666666667	0.0555217813427216	156	6119	0.0128778599240311	0.0244679338556591	epidermis_2
epidermis_2	Nvec_vc1.1_XM_032366665.2	1.27346153846154	0.0807692307692308	0.0634249471458774	189	6990	0.000586941808576594	0.00159312776613647	epidermis_2
epidermis_2	Nvec_vc1.1_XM_032367023.2	1.08728175290675	0.0700854700854701	0.0644593454255097	164	7104	0.146347929126331	0.231717554450024	epidermis_2
epidermis_2	Nvec_vc1.1_XM_032372904.2	1.03870523861072	0.0598290598290598	0.0575996515711058	140	6348	0.335958030638383	0.455943041580663	epidermis_2
epidermis_2	Nvec_vc1.1_XM_032379457.2	1.46929231499744	0.0935897435897436	0.0636971572194648	219	7020	2.30877096506065e-08	4.38666483361524e-07	epidermis_2
epidermis_2	Nvec_vc1.1_XM_032383663.2	0.974500207672189	0.0465811965811966	0.0478000889219574	109	5268	0.621631633214234	0.741913398468118	epidermis_2
epidermis_2	Nvec_vc1.1_XM_048727543.1	1.3328955213772	0.0854700854700855	0.0641236196680852	200	7067	3.91578958478235e-05	0.000186000005277162	epidermis_2
epidermis_2	Nvec_vc1.1_XM_048730743.1	0.975647596006877	0.0547008547008547	0.0560662014898965	128	6179	0.624769177657363	0.741913398468118	epidermis_2
epidermis_2	Pou4	1.27616142048721	0.0726495726495727	0.0569282000562567	170	6274	0.0010029343257073	0.00238196902355484	epidermis_2
epidermis_2	Shox2	1.33277877402658	0.0897435897435897	0.0673356985364172	210	7421	2.50792917879418e-05	0.000158835514656965	epidermis_2
epidermis_2	Tesmin	1.16666377959727	0.0705128205128205	0.0604397100055349	165	6661	0.0259885060625771	0.0448892377444514	epidermis_2
epidermis_2	Ybx1/Ybx2/Ybx3	0.77751690750742	0.0371794871794872	0.0478182362601965	87	5270	0.994127222543328	0.994401655504839	epidermis_2
precursors_PGC	Foxn3	0.998244059253749	0.0635135135135135	0.063625235657294	47	7121	0.526442397889352	0.999999959208252	precursors_PGC
precursors_PGC	FoxQ2d	0.827830293347535	0.0405405405405405	0.0489720427801753	30	5481	0.875978538059404	0.999999959208252	precursors_PGC
precursors_PGC	Lbx	0.46808849771367	0.0121621621621622	0.025982612735769	9	2908	0.996863605633639	0.999999959208252	precursors_PGC
precursors_PGC	Nanog	0.908609819912601	0.0472972972972973	0.0520545742085936	35	5826	0.742182232933957	0.999999959208252	precursors_PGC
precursors_PGC	NOTO	0.624493809938971	0.0432432432432432	0.0692452712180913	32	7750	0.998790924090759	0.999999959208252	precursors_PGC
precursors_PGC	Nvec_vc1.1_XM_001630676.3	0.779138820638821	0.045945945945946	0.0589701664566971	34	6600	0.947115319458262	0.999999959208252	precursors_PGC
precursors_PGC	Nvec_vc1.1_XM_001634198.3	0.442171011824571	0.027027027027027	0.0611234710197371	20	6841	0.999994310993579	0.999999959208252	precursors_PGC
precursors_PGC	Nvec_vc1.1_XM_001641264.3	0.410334840106624	0.022972972972973	0.05598591863904	17	6266	0.99999614908707	0.999999959208252	precursors_PGC
precursors_PGC	Nvec_vc1.1_XM_032366665.2	1.20809163283238	0.077027027027027	0.0637592587628774	57	7136	0.0841128731525135	0.532714863299252	precursors_PGC
precursors_PGC	Nvec_vc1.1_XM_032367023.2	1.32008997775831	0.0851351351351351	0.0644919184067333	63	7218	0.0166112261137236	0.315613296160749	precursors_PGC
precursors_PGC	Nvec_vc1.1_XM_032372904.2	0.584046163865441	0.0337837837837838	0.0578443723697966	25	6474	0.998992329443125	0.999999959208252	precursors_PGC
precursors_PGC	Nvec_vc1.1_XM_032379457.2	0.649748119793852	0.0418918918918919	0.0644740486593222	31	7216	0.996709012470863	0.999999959208252	precursors_PGC
precursors_PGC	Nvec_vc1.1_XM_032383663.2	1.01886328693963	0.0486486486486487	0.0477479650825136	36	5344	0.478539862221138	0.999999959208252	precursors_PGC
precursors_PGC	Nvec_vc1.1_XM_048727543.1	0.354105234555586	0.022972972972973	0.0648761179760724	17	7261	0.999999959208252	0.999999959208252	precursors_PGC
precursors_PGC	Nvec_vc1.1_XM_048730743.1	0.697201278531751	0.0391891891891892	0.056209290481679	29	6291	0.985324301277053	0.999999959208252	precursors_PGC
precursors_PGC	Pou4	0.376347358244714	0.0216216216216216	0.0574512379267519	16	6430	0.999999342359012	0.999999959208252	precursors_PGC
precursors_PGC	Shox2	0.675287749995564	0.045945945945946	0.0680390632678407	34	7615	0.995053594003794	0.999999959208252	precursors_PGC
precursors_PGC	Tesmin	1.24921789045683	0.0756756756756757	0.060578443723698	56	6780	0.0543283430510012	0.516119258984511	precursors_PGC
precursors_PGC	Ybx1/Ybx2/Ybx3	0.879164153840696	0.0418918918918919	0.0476496814717524	31	5333	0.79147062638904	0.999999959208252	precursors_PGC
precursors_endoNPC	Foxn3	0.88223176196813	0.0561497326203209	0.0636451044281823	21	7149	0.752765113324089	0.953502476877179	precursors_endoNPC
precursors_endoNPC	FoxQ2d	1.31414504311711	0.0641711229946524	0.0488310809607749	24	5485	0.107984201025576	0.293099974212277	precursors_endoNPC
precursors_endoNPC	Lbx	1.03208556149733	0.0267379679144385	0.0259067357512953	10	2910	0.504064055413064	0.738085619688423	precursors_endoNPC
precursors_endoNPC	Nanog	1.85552228286356	0.0962566844919786	0.0518757901109271	36	5827	0.000329718065917694	0.0054203108325722	precursors_endoNPC
precursors_endoNPC	NOTO	1.39529337233785	0.0962566844919786	0.0689866994284493	36	7749	0.0285218953583313	0.123538150574449	precursors_endoNPC
precursors_endoNPC	Nvec_vc1.1_XM_001630676.3	0.771724194789491	0.0454545454545455	0.0588999875362783	17	6616	0.891032933025597	0.969435333384535	precursors_endoNPC
precursors_endoNPC	Nvec_vc1.1_XM_001634198.3	0.745361645653617	0.0454545454545455	0.0609832095863825	17	6850	0.918412421101138	0.969435333384535	precursors_endoNPC
precursors_endoNPC	Nvec_vc1.1_XM_001641264.3	1.00671586054432	0.0561497326203209	0.0557751544611221	21	6265	0.51916079177758	0.738085619688423	precursors_endoNPC
precursors_endoNPC	Nvec_vc1.1_XM_032366665.2	1.04734585854276	0.0668449197860963	0.0638231575948578	25	7169	0.435343317069715	0.738085619688423	precursors_endoNPC
precursors_endoNPC	Nvec_vc1.1_XM_032367023.2	1.3678053611729	0.0882352941176471	0.0645086622865588	33	7246	0.0441216049355797	0.139718415629336	precursors_endoNPC
precursors_endoNPC	Nvec_vc1.1_XM_032372904.2	1.76641419889142	0.101604278074866	0.0575200754945427	38	6461	0.0005705590350076	0.0054203108325722	precursors_endoNPC
precursors_endoNPC	Nvec_vc1.1_XM_032379457.2	1.24828303572619	0.0802139037433155	0.064259387853213	30	7218	0.126591917526267	0.300655804124885	precursors_endoNPC
precursors_endoNPC	Nvec_vc1.1_XM_032383663.2	1.12003318439576	0.053475935828877	0.0477449566440539	20	5363	0.334378272045088	0.705909685428519	precursors_endoNPC
precursors_endoNPC	Nvec_vc1.1_XM_048727543.1	0.993122838453751	0.0641711229946524	0.0646154941865641	24	7258	0.54385256187568	0.738085619688423	precursors_endoNPC
precursors_endoNPC	Nvec_vc1.1_XM_048730743.1	1.43222173770015	0.0802139037433155	0.0560066235778003	30	6291	0.0325100396248549	0.123538150574449	precursors_endoNPC
precursors_endoNPC	Pou4	0.746874475339066	0.0427807486631016	0.0572797037195307	16	6434	0.910882851744717	0.969435333384535	precursors_endoNPC
precursors_endoNPC	Shox2	1.49951414256174	0.101604278074866	0.0677581325783879	38	7611	0.00892828911209228	0.0565458310432511	precursors_endoNPC
precursors_endoNPC	Tesmin	1.05814526739538	0.0641711229946524	0.0606449085696989	24	6812	0.417900579955377	0.738085619688423	precursors_endoNPC
precursors_endoNPC	Ybx1/Ybx2/Ybx3	0.504485271661347	0.0240641711229947	0.047700443352385	9	5358	0.993226333821442	0.993226333821442	precursors_endoNPC
precursors_NPC	Foxn3	0.858845635587288	0.0546875	0.0636755870134964	28	7143	0.820881138642858	0.947682029091221	precursors_NPC
precursors_NPC	FoxQ2d	1.72360029614892	0.083984375	0.0487261316835743	43	5466	0.000471515714686619	0.00447939928952288	precursors_NPC
precursors_NPC	Lbx	1.43596256252156	0.037109375	0.0258428568881599	19	2899	0.0774001955160518	0.245100619134164	precursors_NPC
precursors_NPC	Nanog	1.01364577086189	0.052734375	0.0520244611242846	27	5836	0.49916340531482	0.632273646732106	precursors_NPC
precursors_NPC	NOTO	1.33164229196302	0.091796875	0.0689350853108453	47	7733	0.0294814758194345	0.122150694560837	precursors_NPC
precursors_NPC	Nvec_vc1.1_XM_001630676.3	0.79539309484193	0.046875	0.0589331241419886	24	6611	0.897804027560104	0.947682029091221	precursors_NPC
precursors_NPC	Nvec_vc1.1_XM_001634198.3	1.34908394113766	0.08203125	0.0608051489596891	42	6821	0.0321449196212728	0.122150694560837	precursors_NPC
precursors_NPC	Nvec_vc1.1_XM_001641264.3	1.19189125	0.06640625	0.0557150243363226	34	6250	0.168834442768069	0.373932224348606	precursors_NPC
precursors_NPC	Nvec_vc1.1_XM_032366665.2	1.04055319353262	0.06640625	0.0638182174757974	34	7159	0.43096322511905	0.62986932902015	precursors_NPC
precursors_NPC	Nvec_vc1.1_XM_032367023.2	1.36273594073946	0.087890625	0.0644957121717271	45	7235	0.0234773629260387	0.122150694560837	precursors_NPC
precursors_NPC	Nvec_vc1.1_XM_032372904.2	1.22078867435382	0.0703125	0.0575959635579169	36	6461	0.129147831684919	0.350544114573353	precursors_NPC
precursors_NPC	Nvec_vc1.1_XM_032379457.2	1.73645250364989	0.111328125	0.0641123928042932	57	7192	4.59045772749357e-05	0.000872186968223778	precursors_NPC
precursors_NPC	Nvec_vc1.1_XM_032383663.2	1.02248299537988	0.048828125	0.0477544616591489	25	5357	0.48365765311429	0.632273646732106	precursors_NPC
precursors_NPC	Nvec_vc1.1_XM_048727543.1	1.0587350502209	0.068359375	0.0645670274028776	35	7243	0.388848481141266	0.62986932902015	precursors_NPC
precursors_NPC	Nvec_vc1.1_XM_048730743.1	1.18506527402164	0.06640625	0.0560359428764999	34	6286	0.177125790480918	0.373932224348606	precursors_NPC
precursors_NPC	Pou4	1.05811299949369	0.060546875	0.0572215585943768	31	6419	0.399671237634267	0.62986932902015	precursors_NPC
precursors_NPC	Shox2	1.15163025624179	0.078125	0.0678386136319064	40	7610	0.199577743922557	0.379197713452858	precursors_NPC
precursors_NPC	Tesmin	0.836496191262849	0.05078125	0.0607070905168571	26	6810	0.849553689449188	0.947682029091221	precursors_NPC
precursors_NPC	Ybx1/Ybx2/Ybx3	0.450396976032517	0.021484375	0.047700975235786	11	5351	0.999314797234175	0.999314797234175	precursors_NPC
NPC_1	Foxn3	1.11997350038392	0.0695219423917961	0.0620746315586615	922	6120	0.000564549541037673	0.00357548042657193	NPC_1
NPC_1	FoxQ2d	1.07393654760872	0.0514251244156236	0.0478846953575884	682	4721	0.0397472190161296	0.151039432261293	NPC_1
NPC_1	Lbx	1.05188341889842	0.0268436133313226	0.0255195707518942	356	2516	0.190105459276889	0.504208306006753	NPC_1
NPC_1	Nanog	0.726140894340701	0.0386819484240688	0.0532705825075311	513	5252	0.999999999999944	0.999999999999944	NPC_1
NPC_1	NOTO	1.02786201748412	0.0703513798823707	0.0684443813329817	933	6748	0.212298234108106	0.504208306006753	NPC_1
NPC_1	Nvec_vc1.1_XM_001630676.3	0.943400329730865	0.0553461016437943	0.0586666125711272	734	5784	0.940467781574263	0.999999999999944	NPC_1
NPC_1	Nvec_vc1.1_XM_001634198.3	0.8374548142309	0.0515005278238576	0.0614964854804191	683	6063	0.999998351485014	0.999999999999944	NPC_1
NPC_1	Nvec_vc1.1_XM_001641264.3	0.859944242236506	0.0484089880862615	0.0562931707762372	642	5550	0.999930860865761	0.999999999999944	NPC_1
NPC_1	Nvec_vc1.1_XM_032366665.2	1.05892666755514	0.066505806062434	0.0628049213417046	882	6192	0.0528096390446218	0.167230523641302	NPC_1
NPC_1	Nvec_vc1.1_XM_032367023.2	1.19051382190091	0.0746493741517117	0.0627034922051709	990	6182	1.30372149176639e-07	2.47707083435615e-06	NPC_1
NPC_1	Nvec_vc1.1_XM_032372904.2	0.796326952513153	0.0467501131051124	0.0587071842257407	620	5788	0.999999994993058	0.999999999999944	NPC_1
NPC_1	Nvec_vc1.1_XM_032379457.2	1.15810581983985	0.0723118684964561	0.0624397764501831	959	6156	9.20856824774763e-06	8.74813983536025e-05	NPC_1
NPC_1	Nvec_vc1.1_XM_032383663.2	0.844819420204228	0.0406424370381541	0.0481078394579627	539	4743	0.999951968201122	0.999999999999944	NPC_1
NPC_1	Nvec_vc1.1_XM_048727543.1	0.948959209206845	0.0613029708942844	0.0646002170583522	813	6369	0.930326853298735	0.999999999999944	NPC_1
NPC_1	Nvec_vc1.1_XM_048730743.1	0.89654758573098	0.0503694767003469	0.0561815987260501	668	5539	0.997419295706487	0.999999999999944	NPC_1
NPC_1	Pou4	0.783013394816866	0.0456190619816016	0.0582608960249921	605	5744	0.999999999456739	0.999999999999944	NPC_1
NPC_1	Shox2	0.968161524621843	0.0654501583471573	0.0676025194997515	868	6665	0.828072952056173	0.999999999999944	NPC_1
NPC_1	Tesmin	1.11223813524454	0.0656009651636254	0.0589810428943818	870	5815	0.0015066670507663	0.00715666849113994	NPC_1
NPC_1	Ybx1/Ybx2/Ybx3	0.740305734846355	0.0359674257276429	0.0485845563996714	477	4790	0.999999999988976	0.999999999999944	NPC_1
NPC_2	Foxn3	1.14666209620465	0.0726381461675579	0.0633474729896309	163	6989	0.0427697873789873	0.203156490050189	NPC_2
NPC_2	FoxQ2d	1.19178646319952	0.0579322638146168	0.0486096004640708	130	5363	0.026092545273779	0.165252786733934	NPC_2
NPC_2	Lbx	1.21183249227988	0.0311942959001783	0.025741425567399	70	2840	0.0643747857585057	0.244624185882322	NPC_2
NPC_2	Nanog	0.579222579222579	0.0303030303030303	0.0523167283010659	68	5772	0.999999795468575	0.999999795468575	NPC_2
NPC_2	NOTO	1.054060422251	0.0726381461675579	0.0689126966862447	163	7603	0.256541071624614	0.696325765838239	NPC_2
NPC_2	Nvec_vc1.1_XM_001630676.3	0.778250325235924	0.0459001782531194	0.0589786817489667	103	6507	0.996935275332637	0.999999795468575	NPC_2
NPC_2	Nvec_vc1.1_XM_001634198.3	0.794642573949671	0.0485739750445633	0.0611268218403307	109	6744	0.995061192685441	0.999999795468575	NPC_2
NPC_2	Nvec_vc1.1_XM_001641264.3	0.943036654311802	0.0525846702317291	0.0557610035530418	118	6152	0.754647190988665	0.999999795468575	NPC_2
NPC_2	Nvec_vc1.1_XM_032366665.2	1.18598573262643	0.0753119429590018	0.0635015589877456	169	7006	0.0146526161064319	0.139199853011103	NPC_2
NPC_2	Nvec_vc1.1_XM_032367023.2	1.68064180262878	0.106951871657754	0.0636375172213763	240	7021	1.62797837561144e-14	3.09315891366174e-13	NPC_2
NPC_2	Nvec_vc1.1_XM_032372904.2	1.01428607520317	0.0583778966131907	0.0575556522369661	131	6350	0.447280675969245	0.944259204823962	NPC_2
NPC_2	Nvec_vc1.1_XM_032379457.2	1.04135361623276	0.0668449197860963	0.0641904140381408	150	7082	0.317850996230782	0.754896116048108	NPC_2
NPC_2	Nvec_vc1.1_XM_032383663.2	0.839961994323511	0.0401069518716578	0.0477485316510768	90	5268	0.961225382402566	0.999999795468575	NPC_2
NPC_2	Nvec_vc1.1_XM_048727543.1	0.916988939607663	0.0592691622103387	0.0646345442680009	133	7131	0.857579180295762	0.999999795468575	NPC_2
NPC_2	Nvec_vc1.1_XM_048730743.1	0.915489665013438	0.0512477718360071	0.0559785367268508	115	6176	0.844440938823516	0.999999795468575	NPC_2
NPC_2	Pou4	0.618729279862445	0.035650623885918	0.0576190994126604	80	6357	0.999999143455774	0.999999795468575	NPC_2
NPC_2	Shox2	1.0944774998763	0.0739750445632799	0.0675893698789065	166	7457	0.125892920194219	0.398660913948359	NPC_2
NPC_2	Tesmin	0.882821045657391	0.053475935828877	0.0605739250235661	120	6683	0.927351661686796	0.999999795468575	NPC_2
NPC_2	Ybx1/Ybx2/Ybx3	0.689588206914167	0.0329768270944742	0.0478210427090131	74	5276	0.999760623744204	0.999999795468575	NPC_2
neuron_GATA_Islet_1	Foxn3	1.2715088410945	0.0804545454545455	0.0632748612155077	177	6987	0.000900693321635407	0.00285219551851212	neuron_GATA_Islet_1
neuron_GATA_Islet_1	FoxQ2d	0.674155641047085	0.0331818181818182	0.0492198183349483	73	5435	0.999890180883283	0.999890180883283	neuron_GATA_Islet_1
neuron_GATA_Islet_1	Lbx	1.16112513144059	0.03	0.025837008594224	66	2853	0.12640051158041	0.184739209232907	neuron_GATA_Islet_1
neuron_GATA_Islet_1	Nanog	1.16461484171795	0.0604545454545455	0.0519094753810348	133	5732	0.0434599096930946	0.0825738284168797	neuron_GATA_Islet_1
neuron_GATA_Islet_1	NOTO	1.27002060669957	0.0872727272727273	0.0687175678979923	192	7588	0.000581335449899833	0.00220907470961936	neuron_GATA_Islet_1
neuron_GATA_Islet_1	Nvec_vc1.1_XM_001630676.3	1.19468469860896	0.07	0.0585928656167646	154	6470	0.0153827512896328	0.0324746971670025	neuron_GATA_Islet_1
neuron_GATA_Islet_1	Nvec_vc1.1_XM_001634198.3	0.992207531618203	0.0604545454545455	0.060929335373971	133	6728	0.549635843264982	0.652692563877167	neuron_GATA_Islet_1
neuron_GATA_Islet_1	Nvec_vc1.1_XM_001641264.3	1.0687886422745	0.0595454545454546	0.0557130307997428	131	6152	0.231194842665611	0.3137644293319	neuron_GATA_Islet_1
neuron_GATA_Islet_1	Nvec_vc1.1_XM_032366665.2	1.05457926797791	0.0672727272727273	0.0637910580223323	148	7044	0.266010475342786	0.336946602100863	neuron_GATA_Islet_1
neuron_GATA_Islet_1	Nvec_vc1.1_XM_032367023.2	1.29496488215014	0.0831818181818182	0.0642348061545149	183	7093	0.000323907976932569	0.0015385628904297	neuron_GATA_Islet_1
neuron_GATA_Islet_1	Nvec_vc1.1_XM_032372904.2	1.31709093783232	0.0754545454545455	0.0572887894732076	166	6326	0.00029348214467401	0.0015385628904297	neuron_GATA_Islet_1
neuron_GATA_Islet_1	Nvec_vc1.1_XM_032379457.2	1.41105636802499	0.09	0.063782001938002	198	7043	1.45771135818419e-06	2.76965158054995e-05	neuron_GATA_Islet_1
neuron_GATA_Islet_1	Nvec_vc1.1_XM_032383663.2	1.22350236318623	0.0581818181818182	0.047553498818181	128	5251	0.0135753893939064	0.0322415498105278	neuron_GATA_Islet_1
neuron_GATA_Islet_1	Nvec_vc1.1_XM_048727543.1	0.970782569917819	0.0627272727272727	0.0646151616963857	138	7135	0.651815041433835	0.68802698818016	neuron_GATA_Islet_1
neuron_GATA_Islet_1	Nvec_vc1.1_XM_048730743.1	1.21367228762798	0.0677272727272727	0.0558035916430454	149	6162	0.0105708269817654	0.0286922446647918	neuron_GATA_Islet_1
neuron_GATA_Islet_1	Pou4	1.14706987346886	0.0654545454545455	0.0570623873649512	144	6301	0.053542918515369	0.0850630435267311	neuron_GATA_Islet_1
neuron_GATA_Islet_1	Shox2	1.28715414754419	0.0868181818181818	0.0674497160917563	191	7448	0.000321253341763978	0.0015385628904297	neuron_GATA_Islet_1
neuron_GATA_Islet_1	Tesmin	1.14227061753937	0.0690909090909091	0.0604855872417884	152	6679	0.053724027490567	0.0850630435267311	neuron_GATA_Islet_1
neuron_GATA_Islet_1	Ybx1/Ybx2/Ybx3	0.972940292318856	0.0463636363636364	0.0476531157458138	102	5262	0.624993252143787	0.68802698818016	neuron_GATA_Islet_1
neuron_GATA_Islet_2	Foxn3	1.28771780493936	0.0816464237516869	0.0634039720803051	121	7049	0.0033474407534159	0.00608161746975617	neuron_GATA_Islet_2
neuron_GATA_Islet_2	FoxQ2d	0.853880616724481	0.0418353576248313	0.0489943872778297	62	5447	0.910752514362306	0.910752514362306	neuron_GATA_Islet_2
neuron_GATA_Islet_2	Lbx	1.46682348328923	0.0377867746288799	0.0257609556019285	56	2864	0.003841021559846	0.00608161746975617	neuron_GATA_Islet_2
neuron_GATA_Islet_2	Nanog	1.2485582889262	0.0647773279352227	0.0518817010865655	96	5768	0.0176492899979188	0.0239526078543183	neuron_GATA_Islet_2
neuron_GATA_Islet_2	NOTO	1.38430489258088	0.0951417004048583	0.0687288623443909	141	7641	8.77803432191839e-05	0.000277971086860749	neuron_GATA_Islet_2
neuron_GATA_Islet_2	Nvec_vc1.1_XM_001630676.3	1.05529266591555	0.0620782726045884	0.0588256458228395	92	6540	0.313762537323037	0.3506757770081	neuron_GATA_Islet_2
neuron_GATA_Islet_2	Nvec_vc1.1_XM_001634198.3	1.28995480102569	0.0782726045883941	0.0606785637187882	116	6746	0.00382501402374044	0.00608161746975617	neuron_GATA_Islet_2
neuron_GATA_Islet_2	Nvec_vc1.1_XM_001641264.3	1.41129339729473	0.0782726045883941	0.055461610419515	116	6166	0.000184187904833934	0.000499938598834963	neuron_GATA_Islet_2
neuron_GATA_Islet_2	Nvec_vc1.1_XM_032366665.2	1.15525745700788	0.0735492577597841	0.0636648197452688	109	7078	0.0699453810648743	0.0885974826821741	neuron_GATA_Islet_2
neuron_GATA_Islet_2	Nvec_vc1.1_XM_032367023.2	1.47196301896999	0.0944669365721997	0.0641775203281284	140	7135	5.45368712180321e-06	2.59050138285653e-05	neuron_GATA_Islet_2
neuron_GATA_Islet_2	Nvec_vc1.1_XM_032372904.2	1.47301177858249	0.0843454790823212	0.0572605598330575	125	6366	1.72092297793304e-05	6.53950731614557e-05	neuron_GATA_Islet_2
neuron_GATA_Islet_2	Nvec_vc1.1_XM_032379457.2	1.23065796853322	0.0789473684210526	0.0641505360869252	117	7132	0.0139965733348786	0.0204565302586687	neuron_GATA_Islet_2
neuron_GATA_Islet_2	Nvec_vc1.1_XM_032383663.2	1.33427608756992	0.0634278002699055	0.0475372382528603	94	5285	0.00365964694346365	0.00608161746975617	neuron_GATA_Islet_2
neuron_GATA_Islet_2	Nvec_vc1.1_XM_048727543.1	1.5249605859595	0.0978407557354926	0.064159530833993	145	7133	5.72365794671583e-07	5.43747504938003e-06	neuron_GATA_Islet_2
neuron_GATA_Islet_2	Nvec_vc1.1_XM_048730743.1	1.39145444255801	0.0775978407557355	0.0557674318198172	115	6200	0.000328729331642825	0.000780732162651709	neuron_GATA_Islet_2
neuron_GATA_Islet_2	Pou4	1.64089729792861	0.0931174089068826	0.0567478592501979	138	6309	2.00904664839617e-08	3.81718863195272e-07	neuron_GATA_Islet_2
neuron_GATA_Islet_2	Shox2	1.46053625863565	0.0985155195681511	0.0674516082607757	146	7499	5.03566564790299e-06	2.59050138285653e-05	neuron_GATA_Islet_2
neuron_GATA_Islet_2	Tesmin	1.12615516198344	0.0681511470985155	0.0605166582715694	101	6728	0.122273887867472	0.145200241842623	neuron_GATA_Islet_2
neuron_GATA_Islet_2	Ybx1/Ybx2/Ybx3	1.02064685523332	0.048582995951417	0.0476002014823343	72	5292	0.447144344100169	0.471985696550178	neuron_GATA_Islet_2
neuron_Pou4_FoxL2_1	Foxn3	1.33887494449196	0.0846120122753178	0.0631963519994198	193	6971	4.14214028578565e-05	6.05389734076365e-05	neuron_Pou4_FoxL2_1
neuron_Pou4_FoxL2_1	FoxQ2d	1.41115081842833	0.0683910565541429	0.0484647393184476	156	5346	2.01508429166746e-05	3.19055012847349e-05	neuron_Pou4_FoxL2_1
neuron_Pou4_FoxL2_1	Lbx	1.80636804337441	0.0460324419114424	0.025483423536131	105	2811	1.91473265033168e-08	4.54749004453773e-08	neuron_Pou4_FoxL2_1
neuron_Pou4_FoxL2_1	Nanog	1.09734279910948	0.0569925471284524	0.0519368671072552	130	5729	0.1519828390878	0.180479621416763	neuron_Pou4_FoxL2_1
neuron_Pou4_FoxL2_1	NOTO	1.58670112946156	0.10828583954406	0.0682458955460669	247	7528	2.29163484919083e-12	7.25684368910429e-12	neuron_Pou4_FoxL2_1
neuron_Pou4_FoxL2_1	Nvec_vc1.1_XM_001630676.3	0.680696585115614	0.0403331871985971	0.0592528126048211	92	6536	0.999974350836655	0.999974350836655	neuron_Pou4_FoxL2_1
neuron_Pou4_FoxL2_1	Nvec_vc1.1_XM_001634198.3	1.87460896123694	0.112231477422183	0.059869273935471	256	6604	5.64121069142737e-21	3.57276677123734e-20	neuron_Pou4_FoxL2_1
neuron_Pou4_FoxL2_1	Nvec_vc1.1_XM_001641264.3	1.88796303045006	0.103463393248575	0.0548015991732166	236	6045	1.02308161810942e-19	4.85963768601974e-19	neuron_Pou4_FoxL2_1
neuron_Pou4_FoxL2_1	Nvec_vc1.1_XM_032366665.2	1.30606759443639	0.0828583954405962	0.063441123410119	189	6998	0.000175220503092873	0.00023779925419747	neuron_Pou4_FoxL2_1
neuron_Pou4_FoxL2_1	Nvec_vc1.1_XM_032367023.2	1.47415233306189	0.0942569048662867	0.0639397318393212	215	7053	2.3621882989187e-08	4.98684196438393e-08	neuron_Pou4_FoxL2_1
neuron_Pou4_FoxL2_1	Nvec_vc1.1_XM_032372904.2	1.45008107660889	0.0828583954405962	0.0571405259865648	189	6303	5.03416286814128e-07	8.69537222678948e-07	neuron_Pou4_FoxL2_1
neuron_Pou4_FoxL2_1	Nvec_vc1.1_XM_032379457.2	2.12682208785974	0.133713283647523	0.0628699901184875	305	6935	9.82408513335691e-34	1.86657617533781e-32	neuron_Pou4_FoxL2_1
neuron_Pou4_FoxL2_1	Nvec_vc1.1_XM_032383663.2	0.991792200734181	0.0473476545374836	0.0477394906941536	108	5266	0.548692766236406	0.613244856381866	neuron_Pou4_FoxL2_1
neuron_Pou4_FoxL2_1	Nvec_vc1.1_XM_048727543.1	1.69270447489182	0.107847435335379	0.0637130916442293	246	7028	3.63254254481601e-15	1.38036616703008e-14	neuron_Pou4_FoxL2_1
neuron_Pou4_FoxL2_1	Nvec_vc1.1_XM_048730743.1	1.49344134409573	0.0828583954405962	0.0554815197584922	189	6120	7.52708051281485e-08	1.43014529743482e-07	neuron_Pou4_FoxL2_1
neuron_Pou4_FoxL2_1	Pou4	1.94372949292662	0.10916264796142	0.0561614403437678	249	6195	2.40707316260679e-22	2.28671950447645e-21	neuron_Pou4_FoxL2_1
neuron_Pou4_FoxL2_1	Shox2	1.49328791096848	0.100394563787812	0.0672305474720553	229	7416	2.81661823083537e-09	7.64510662655315e-09	neuron_Pou4_FoxL2_1
neuron_Pou4_FoxL2_1	Tesmin	1.2714594776456	0.0767207365190706	0.0603406855412621	175	6656	0.000980230351030857	0.00124162511130575	neuron_Pou4_FoxL2_1
neuron_Pou4_FoxL2_1	Ybx1/Ybx2/Ybx3	0.686138664116193	0.0328803156510303	0.0479208028502271	75	5286	0.999818020036581	0.999974350836655	neuron_Pou4_FoxL2_1
neuron_Pou4_FoxL2_2	Foxn3	1.17316621714527	0.0744618964514253	0.0634708836337081	128	7040	0.0380607867938729	0.0602629124236321	neuron_Pou4_FoxL2_2
neuron_Pou4_FoxL2_2	FoxQ2d	1.64614663802414	0.0796974985456661	0.0484145802717347	137	5370	2.29133142984022e-08	7.25588286116071e-08	neuron_Pou4_FoxL2_2
neuron_Pou4_FoxL2_2	Lbx	1.63352258083519	0.0418848167539267	0.0256407944679355	72	2844	6.39965051510168e-05	0.000121593359786932	neuron_Pou4_FoxL2_2
neuron_Pou4_FoxL2_2	Nanog	1.02934299614272	0.0535194880744619	0.051993833226647	92	5767	0.404031294229328	0.511772972690482	neuron_Pou4_FoxL2_2
neuron_Pou4_FoxL2_2	NOTO	1.45874768851134	0.100058173356603	0.0685918299268823	172	7608	8.73053756646889e-07	2.07350267203636e-06	neuron_Pou4_FoxL2_2
neuron_Pou4_FoxL2_2	Nvec_vc1.1_XM_001630676.3	0.758296539928303	0.0447934845840605	0.0590711973818261	77	6552	0.995844322284743	0.999987447512422	neuron_Pou4_FoxL2_2
neuron_Pou4_FoxL2_2	Nvec_vc1.1_XM_001634198.3	1.71832693983427	0.103548574752763	0.0602612764499581	178	6684	5.6082006647613e-12	4.71567055892334e-11	neuron_Pou4_FoxL2_2
neuron_Pou4_FoxL2_2	Nvec_vc1.1_XM_001641264.3	1.7518821659366	0.0965677719604421	0.0551222986557516	166	6114	7.44579561935264e-12	4.71567055892334e-11	neuron_Pou4_FoxL2_2
neuron_Pou4_FoxL2_2	Nvec_vc1.1_XM_032366665.2	1.16086783209516	0.0738801628853985	0.063642182893515	127	7059	0.0494154630114039	0.072222599785898	neuron_Pou4_FoxL2_2
neuron_Pou4_FoxL2_2	Nvec_vc1.1_XM_032367023.2	1.49739569909893	0.0959860383944154	0.0641019861698387	165	7110	3.26578625339906e-07	8.86427697351175e-07	neuron_Pou4_FoxL2_2
neuron_Pou4_FoxL2_2	Nvec_vc1.1_XM_032372904.2	0.917452643251891	0.0529377545084351	0.057700803303371	91	6400	0.813328621931843	0.965827738544063	neuron_Pou4_FoxL2_2
neuron_Pou4_FoxL2_2	Nvec_vc1.1_XM_032379457.2	1.96473625153669	0.124490983129727	0.0633626946275143	214	7028	2.81973904851952e-20	5.35750419218709e-19	neuron_Pou4_FoxL2_2
neuron_Pou4_FoxL2_2	Nvec_vc1.1_XM_032383663.2	0.62950382383405	0.0302501454333915	0.0480539502510887	52	5330	0.999899084229135	0.999987447512422	neuron_Pou4_FoxL2_2
neuron_Pou4_FoxL2_2	Nvec_vc1.1_XM_048727543.1	1.61810330598087	0.103548574752763	0.0639937971636449	178	7098	5.33221742535338e-10	2.08151120865969e-09	neuron_Pou4_FoxL2_2
neuron_Pou4_FoxL2_2	Nvec_vc1.1_XM_048730743.1	1.35598746404603	0.0756253635834788	0.0557714326929145	130	6186	0.000404935279805667	0.000699433665118879	neuron_Pou4_FoxL2_2
neuron_Pou4_FoxL2_2	Pou4	1.66288752700675	0.0942408376963351	0.0566730077445297	162	6286	5.47766107542023e-10	2.08151120865969e-09	neuron_Pou4_FoxL2_2
neuron_Pou4_FoxL2_2	Shox2	1.37908932819642	0.0930773705642816	0.0674919083639118	160	7486	3.93261204861167e-05	8.30218099151354e-05	neuron_Pou4_FoxL2_2
neuron_Pou4_FoxL2_2	Tesmin	1.04581880621352	0.0634089586969168	0.0606309222211203	109	6725	0.330104647285515	0.447999164173199	neuron_Pou4_FoxL2_2
neuron_Pou4_FoxL2_2	Ybx1/Ybx2/Ybx3	0.583049475388465	0.0279232111692845	0.0478916667417979	48	5312	0.999987447512422	0.999987447512422	neuron_Pou4_FoxL2_2
neuron_Pou4_FoxL2_3	Foxn3	1.12965918872964	0.0717339667458432	0.06350053844692	151	7017	0.0703095146914028	0.0890587186091102	neuron_Pou4_FoxL2_3
neuron_Pou4_FoxL2_3	FoxQ2d	1.36885233209562	0.0665083135391924	0.0485869161923206	140	5369	0.000185454811441661	0.000251688672670825	neuron_Pou4_FoxL2_3
neuron_Pou4_FoxL2_3	Lbx	2.09682401455674	0.0532066508313539	0.0253748767001801	112	2804	1.54156683398355e-12	2.92897698456875e-12	neuron_Pou4_FoxL2_3
neuron_Pou4_FoxL2_3	Nanog	0.791115081139863	0.0413301662707839	0.0522429255314335	87	5773	0.990598658680131	0.999947363431488	neuron_Pou4_FoxL2_3
neuron_Pou4_FoxL2_3	NOTO	1.93779982425842	0.131591448931116	0.0679076586156032	277	7504	6.96177270261678e-25	2.20456135582865e-24	neuron_Pou4_FoxL2_3
neuron_Pou4_FoxL2_3	Nvec_vc1.1_XM_001630676.3	0.681967964167613	0.0403800475059382	0.0592110621431092	85	6543	0.999947363431488	0.999947363431488	neuron_Pou4_FoxL2_3
neuron_Pou4_FoxL2_3	Nvec_vc1.1_XM_001634198.3	2.31679975824097	0.137767220902613	0.0594644489289884	290	6571	1.80828651052859e-38	3.43574437000431e-37	neuron_Pou4_FoxL2_3
neuron_Pou4_FoxL2_3	Nvec_vc1.1_XM_001641264.3	2.24943292301174	0.122565320665083	0.0544872084920771	258	6021	3.38298259457707e-32	1.60691673242411e-31	neuron_Pou4_FoxL2_3
neuron_Pou4_FoxL2_3	Nvec_vc1.1_XM_032366665.2	1.38797557283627	0.0878859857482185	0.0633195478855778	185	6997	8.07827090721493e-06	1.27905956030903e-05	neuron_Pou4_FoxL2_3
neuron_Pou4_FoxL2_3	Nvec_vc1.1_XM_032367023.2	1.64583665950158	0.104988123515439	0.0637901233450676	221	7049	1.18091800658829e-12	2.49304912501972e-12	neuron_Pou4_FoxL2_3
neuron_Pou4_FoxL2_3	Nvec_vc1.1_XM_032372904.2	1.50557489072919	0.0859857482185273	0.0571115716315394	181	6311	7.75480196670996e-08	1.3394657942499e-07	neuron_Pou4_FoxL2_3
neuron_Pou4_FoxL2_3	Nvec_vc1.1_XM_032379457.2	2.18919919634763	0.137767220902613	0.062930418178692	290	6954	2.37525285355084e-34	1.50432680724887e-33	neuron_Pou4_FoxL2_3
neuron_Pou4_FoxL2_3	Nvec_vc1.1_XM_032383663.2	0.995363802348635	0.0475059382422803	0.047727211025945	100	5274	0.533433068394881	0.633451768718921	neuron_Pou4_FoxL2_3
neuron_Pou4_FoxL2_3	Nvec_vc1.1_XM_048727543.1	2.21112795976288	0.139667458432304	0.0631657059084369	294	6980	1.45314309624511e-35	1.38048594143285e-34	neuron_Pou4_FoxL2_3
neuron_Pou4_FoxL2_3	Nvec_vc1.1_XM_048730743.1	1.77076638427847	0.0978622327790974	0.0552654679058487	206	6107	1.06834408323249e-14	2.53731719767716e-14	neuron_Pou4_FoxL2_3
neuron_Pou4_FoxL2_3	Pou4	2.19863051688059	0.123040380047506	0.0559622815670163	259	6184	7.28937288046565e-31	2.76996169457695e-30	neuron_Pou4_FoxL2_3
neuron_Pou4_FoxL2_3	Shox2	1.86441881214547	0.124465558194774	0.0667583685510801	262	7377	2.45280638062356e-21	6.65761731883538e-21	neuron_Pou4_FoxL2_3
neuron_Pou4_FoxL2_3	Tesmin	1.39703821795947	0.0840855106888361	0.0601884111743573	177	6651	8.98098013809935e-06	1.31260478941452e-05	neuron_Pou4_FoxL2_3
neuron_Pou4_FoxL2_3	Ybx1/Ybx2/Ybx3	0.825838782349689	0.0394299287410926	0.0477453100820792	83	5276	0.968944521806881	0.999947363431488	neuron_Pou4_FoxL2_3
neuronal_gastrula	Foxn3	1.01531597567463	0.064173018968268	0.0632049731371832	362	6741	0.393635920841764	0.999999997075072	neuronal_gastrula
neuronal_gastrula	FoxQ2d	0.876687966550974	0.0429001950008864	0.0489343947193234	242	5219	0.98281758244367	0.999999997075072	neuronal_gastrula
neuronal_gastrula	Lbx	1.00881773353053	0.0260592093600425	0.0258314346525649	147	2755	0.470418512603766	0.999999997075072	neuronal_gastrula
neuronal_gastrula	Nanog	0.683417216290377	0.0359865272114873	0.052656746645664	203	5616	0.999999997075072	0.999999997075072	neuronal_gastrula
neuronal_gastrula	NOTO	1.10274334242963	0.0756957986172664	0.0686431699061442	427	7321	0.0233158020238078	0.147666746150783	neuronal_gastrula
neuronal_gastrula	Nvec_vc1.1_XM_001630676.3	0.767984164573049	0.0455592979968091	0.0593232257883041	257	6327	0.999996062371194	0.999999997075072	neuronal_gastrula
neuronal_gastrula	Nvec_vc1.1_XM_001634198.3	0.821906960131201	0.05034568338947	0.0612547232614179	284	6533	0.999727310373495	0.999999997075072	neuronal_gastrula
neuronal_gastrula	Nvec_vc1.1_XM_001641264.3	0.887046104901257	0.0496365892572239	0.0559571695123438	280	5968	0.981003399415411	0.999999997075072	neuronal_gastrula
neuronal_gastrula	Nvec_vc1.1_XM_032366665.2	1.09206666282994	0.0691366778939904	0.063308111351767	390	6752	0.0439597919428903	0.167047209382983	neuronal_gastrula
neuronal_gastrula	Nvec_vc1.1_XM_032367023.2	1.50237388987249	0.0943095195887254	0.0627736678761966	532	6695	4.45208452611239e-19	8.45896059961355e-18	neuronal_gastrula
neuronal_gastrula	Nvec_vc1.1_XM_032372904.2	0.806492662482622	0.0468002127282397	0.0580293100053444	264	6189	0.999874162040738	0.999999997075072	neuronal_gastrula
neuronal_gastrula	Nvec_vc1.1_XM_032379457.2	1.19267011522046	0.0756957986172664	0.0634675067743055	427	6769	0.000196451892673072	0.00186629298039419	neuronal_gastrula
neuronal_gastrula	Nvec_vc1.1_XM_032383663.2	0.88846131243899	0.0423683744017018	0.0476873599429927	239	5086	0.970408750563552	0.999999997075072	neuronal_gastrula
neuronal_gastrula	Nvec_vc1.1_XM_048727543.1	0.932042395439652	0.0602730012409147	0.0646676605440072	340	6897	0.910501755482314	0.999999997075072	neuronal_gastrula
neuronal_gastrula	Nvec_vc1.1_XM_048730743.1	0.868876568088678	0.0487502215919163	0.0561071887335565	275	5984	0.992161508919214	0.999999997075072	neuronal_gastrula
neuronal_gastrula	Pou4	0.739696062225312	0.0427229214678249	0.0577574001668964	241	6160	0.999999663094237	0.999999997075072	neuronal_gastrula
neuronal_gastrula	Shox2	0.967565563623177	0.0655912072327601	0.0677899355854969	370	7230	0.746645273195036	0.999999997075072	neuronal_gastrula
neuronal_gastrula	Tesmin	1.10015838154838	0.0659457542988832	0.0599420550758066	372	6393	0.0358087367182488	0.167047209382983	neuronal_gastrula
neuronal_gastrula	Ybx1/Ybx2/Ybx3	0.79903324012281	0.038291083141287	0.0479217649761376	216	5111	0.999715630711098	0.999999997075072	neuronal_gastrula
gland	Foxn3	1.10680348925356	0.0703653585926928	0.0635752952316295	52	7117	0.2451132912929	0.373110271485771	gland
gland	FoxQ2d	1.21940280845497	0.0595399188092016	0.0488271130723742	44	5466	0.106057660045844	0.208688797679048	gland
gland	Lbx	1.30814408679049	0.03382949932341	0.0258606828292212	25	2895	0.109836209304762	0.208688797679048	gland
gland	Nanog	1.06641595042305	0.0554803788903924	0.0520250835224126	41	5824	0.359428818239729	0.487796253325346	gland
gland	NOTO	1.09741950504773	0.0757780784844384	0.0690511496614439	56	7730	0.255285975227107	0.373110271485771	gland
gland	Nvec_vc1.1_XM_001630676.3	0.757415426251692	0.0446549391069012	0.0589569971236132	33	6600	0.962209642233569	0.965457308026217	gland
gland	Nvec_vc1.1_XM_001634198.3	1.04394501565482	0.0635994587280108	0.0609222303610669	47	6820	0.402385315477623	0.509688066271656	gland
gland	Nvec_vc1.1_XM_001641264.3	1.31238353979116	0.0730717185385656	0.0556786307684062	54	6233	0.0278280180124897	0.0881220570395507	gland
gland	Nvec_vc1.1_XM_032366665.2	1.55443705696861	0.0987821380243572	0.0635484965965733	73	7114	0.000165624136119148	0.00157342929313191	gland
gland	Nvec_vc1.1_XM_032367023.2	1.59854408206411	0.102841677943166	0.0643345898915549	76	7202	5.09483010540974e-05	0.000968017720027851	gland
gland	Nvec_vc1.1_XM_032372904.2	0.749452493508167	0.0433017591339648	0.0577778571811409	32	6468	0.965457308026217	0.965457308026217	gland
gland	Nvec_vc1.1_XM_032379457.2	1.5198971764248	0.0974289580514208	0.0641023350544012	72	7176	0.000346308362162893	0.00219328629369832	gland
gland	Nvec_vc1.1_XM_032383663.2	1.02046988566845	0.0487144790257104	0.0477373019134226	36	5344	0.474722322731294	0.563732758243412	gland
gland	Nvec_vc1.1_XM_048727543.1	1.3437169031215	0.0866035182679296	0.0644507173101317	64	7215	0.0112740195479427	0.0428412742821822	gland
gland	Nvec_vc1.1_XM_048730743.1	1.23333929562057	0.0690121786197564	0.0559555499973201	51	6264	0.07566878923018	0.179713374421677	gland
gland	Pou4	1.27853807494815	0.0730717185385656	0.0571525556964965	54	6398	0.0415176884037682	0.112690868524514	gland
gland	Shox2	1.15727330670701	0.0784844384303112	0.0678184124488593	58	7592	0.141613289642249	0.24460477301843	gland
gland	Tesmin	1.3870848154661	0.0838971583220569	0.0604845193218159	62	6771	0.00670979061203779	0.0318715054071795	gland
gland	Ybx1/Ybx2/Ybx3	0.76606917058609	0.0365358592692828	0.0476926375216622	27	5339	0.938766475763476	0.965457308026217	gland
gland_mucin	Foxn3	1.03461592928662	0.0649025703237546	0.0627310758384571	856	6193	0.172194981194486	0.473016354331776	gland_mucin
gland_mucin	FoxQ2d	0.880345908205032	0.0432936538024111	0.0491780030995817	571	4855	0.998726781929166	0.999999999996374	gland_mucin
gland_mucin	Lbx	1.07911650184333	0.0274471150200925	0.0254348024269927	362	2511	0.09049913965943	0.343896730705834	gland_mucin
gland_mucin	Nanog	0.75610058509101	0.0401091818940026	0.0530474154958824	529	5237	0.999999999969825	0.999999999996374	gland_mucin
gland_mucin	NOTO	1.05217967352461	0.0718022594586398	0.0682414432300477	947	6737	0.0673763865582992	0.320037836151921	gland_mucin
gland_mucin	Nvec_vc1.1_XM_001630676.3	0.812699177304049	0.0482978239441959	0.0594289071442318	637	5867	0.999999933672095	0.999999999996374	gland_mucin
gland_mucin	Nvec_vc1.1_XM_001634198.3	0.834983718525655	0.0513306543331564	0.0614750362124328	677	6069	0.999998774463924	0.999999999996374	gland_mucin
gland_mucin	Nvec_vc1.1_XM_001641264.3	0.856689008526295	0.0482220031844719	0.056288808079171	636	5557	0.999950406336685	0.999999999996374	gland_mucin
gland_mucin	Nvec_vc1.1_XM_032366665.2	1.12017580571002	0.0699067404655395	0.0624069365801282	922	6161	0.000550596506871668	0.00523066681528085	gland_mucin
gland_mucin	Nvec_vc1.1_XM_032367023.2	1.3732027625399	0.0842368640533778	0.0613433546387367	1111	6056	1.56658354143997e-22	2.97650872873594e-21	gland_mucin
gland_mucin	Nvec_vc1.1_XM_032372904.2	0.821330964807226	0.0480703616650239	0.0585273948320047	634	5778	0.999999688379368	0.999999999996374	gland_mucin
gland_mucin	Nvec_vc1.1_XM_032379457.2	1.10329319723941	0.0693001743877474	0.0628121106530393	914	6201	0.00239873133467899	0.0151919651196336	gland_mucin
gland_mucin	Nvec_vc1.1_XM_032383663.2	0.859119066622889	0.0411706725301388	0.0479219634735573	543	4731	0.999781922392399	0.999999999996374	gland_mucin
gland_mucin	Nvec_vc1.1_XM_048727543.1	0.941969683902622	0.060808249298658	0.0645543591665569	802	6373	0.953152869377867	0.999999999996374	gland_mucin
gland_mucin	Nvec_vc1.1_XM_048730743.1	0.852614142051052	0.0480703616650239	0.056379972245576	634	5566	0.999969559260823	0.999999999996374	gland_mucin
gland_mucin	Pou4	0.807169127353065	0.0468572295094397	0.0580513152963342	618	5731	0.99999996059052	0.999999999996374	gland_mucin
gland_mucin	Shox2	1.03311199746324	0.0692243536280234	0.0670056623076689	913	6615	0.174269183174865	0.473016354331776	gland_mucin
gland_mucin	Tesmin	0.982835231995488	0.0588369095458337	0.0598644692726112	776	5910	0.685752509097545	0.999999999996374	gland_mucin
gland_mucin	Ybx1/Ybx2/Ybx3	0.734214328963902	0.0357873985897339	0.0487424409712023	472	4812	0.999999999996374	0.999999999996374	gland_mucin
