motif_ID	motif_ALT_ID	motif_P-value	seq_ID	seq_Score	seq_Class	is_holdout?
1-ACGCTATTKCGGCGRTK	STREME-1	1.0e+000	NC_064035.1:9391937-9392187	25.90	tp	0
1-ACGCTATTKCGGCGRTK	STREME-1	1.0e+000	NC_064047.1:11122556-11122805	25.31	tp	0
1-ACGCTATTKCGGCGRTK	STREME-1	1.0e+000	NC_064047.1:11122363-11122613	25.31	fp	0
1-ACGCTATTKCGGCGRTK	STREME-1	1.0e+000	NC_064037.1:11374942-11375191	22.47	fp	0
1-ACGCTATTKCGGCGRTK	STREME-1	1.0e+000	NC_064043.1:8283029-8283279	21.68	tp	0
1-ACGCTATTKCGGCGRTK	STREME-1	1.0e+000	NC_064034.1:12490323-12490573	21.49	fp	0
1-ACGCTATTKCGGCGRTK	STREME-1	1.0e+000	NC_064034.1:17148494-17148744	21.27	fp	0
1-ACGCTATTKCGGCGRTK	STREME-1	1.0e+000	NC_064038.1:87907-88156	20.93	fp	0
1-ACGCTATTKCGGCGRTK	STREME-1	1.0e+000	NC_064038.1:1404295-1404545	20.93	fp	0
1-ACGCTATTKCGGCGRTK	STREME-1	1.0e+000	NC_064034.1:2199498-2199748	20.87	tp	0
1-ACGCTATTKCGGCGRTK	STREME-1	1.0e+000	NC_064036.1:11902019-11902269	20.70	fp	0
1-ACGCTATTKCGGCGRTK	STREME-1	1.0e+000	NC_064038.1:15076987-15077237	20.25	fp	0
1-ACGCTATTKCGGCGRTK	STREME-1	1.0e+000	NC_064042.1:12590865-12591115	20.24	fp	0
1-ACGCTATTKCGGCGRTK	STREME-1	1.0e+000	NC_064047.1:14326366-14326615	19.94	fp	0
1-ACGCTATTKCGGCGRTK	STREME-1	1.0e+000	NC_064035.1:7835800-7836049	19.82	fp	0
1-ACGCTATTKCGGCGRTK	STREME-1	1.0e+000	NC_064045.1:15095913-15096162	19.75	fp	0
1-ACGCTATTKCGGCGRTK	STREME-1	1.0e+000	NC_064046.1:4296680-4296930	19.46	tp	0
1-ACGCTATTKCGGCGRTK	STREME-1	1.0e+000	NC_064045.1:2123730-2123980	19.35	fp	0
1-ACGCTATTKCGGCGRTK	STREME-1	1.0e+000	NC_064035.1:15690483-15690733	19.10	tp	0
1-ACGCTATTKCGGCGRTK	STREME-1	1.0e+000	NC_064035.1:15705092-15705342	19.10	fp	0
#
2-AAAAAAAAGCCCWAW	STREME-2	1.0e+000	NC_064036.1:3928715-3928965	22.43	tp	0
2-AAAAAAAAGCCCWAW	STREME-2	1.0e+000	NC_064043.1:620966-621215	22.09	fp	0
2-AAAAAAAAGCCCWAW	STREME-2	1.0e+000	NC_064038.1:14597328-14597578	21.91	fp	0
2-AAAAAAAAGCCCWAW	STREME-2	1.0e+000	NC_064040.1:6667245-6667495	21.61	fp	0
2-AAAAAAAAGCCCWAW	STREME-2	1.0e+000	NC_064034.1:6614014-6614263	21.42	fp	0
2-AAAAAAAAGCCCWAW	STREME-2	1.0e+000	NC_064036.1:9728580-9728830	21.40	tp	0
2-AAAAAAAAGCCCWAW	STREME-2	1.0e+000	NC_064039.1:9963723-9963973	20.82	fp	0
2-AAAAAAAAGCCCWAW	STREME-2	1.0e+000	NC_064035.1:1806780-1807030	20.82	fp	0
2-AAAAAAAAGCCCWAW	STREME-2	1.0e+000	NC_064042.1:11197613-11197862	20.79	fp	0
2-AAAAAAAAGCCCWAW	STREME-2	1.0e+000	NC_064043.1:5315391-5315641	20.32	tp	0
2-AAAAAAAAGCCCWAW	STREME-2	1.0e+000	NC_064037.1:8744504-8744754	20.32	fp	0
2-AAAAAAAAGCCCWAW	STREME-2	1.0e+000	NC_064034.1:21705510-21705760	20.15	tp	0
2-AAAAAAAAGCCCWAW	STREME-2	1.0e+000	NC_064039.1:4785895-4786144	20.15	fp	1
2-AAAAAAAAGCCCWAW	STREME-2	1.0e+000	NC_064042.1:1378271-1378521	20.11	tp	0
#
3-RGCAYAAAWHTGCTYTKK	STREME-3	1.0e+000	NC_064036.1:8607927-8608177	27.50	tp	0
3-RGCAYAAAWHTGCTYTKK	STREME-3	1.0e+000	NC_064036.1:20610953-20611203	27.25	tp	0
3-RGCAYAAAWHTGCTYTKK	STREME-3	1.0e+000	NC_064039.1:3765439-3765689	25.00	tp	0
#
4-TGAACAVAACMCRRWYYG	STREME-4	1.0e+000	NC_064035.1:19303249-19303499	27.76	tp	0
4-TGAACAVAACMCRRWYYG	STREME-4	1.0e+000	NC_064035.1:16658595-16658845	27.45	tp	0
4-TGAACAVAACMCRRWYYG	STREME-4	1.0e+000	NC_064036.1:8607927-8608177	27.40	tp	0
#
5-TGCMAACAAAGARVSB	STREME-5	1.0e+000	NC_064039.1:11978620-11978870	26.04	tp	0
5-TGCMAACAAAGARVSB	STREME-5	1.0e+000	NC_064039.1:11890041-11890291	25.90	tp	0
5-TGCMAACAAAGARVSB	STREME-5	1.0e+000	NC_064039.1:5633196-5633446	24.78	fp	0
5-TGCMAACAAAGARVSB	STREME-5	1.0e+000	NC_064042.1:5740185-5740435	23.17	tp	0
#
6-AGCACTAATA	STREME-6	1.0e+000	NC_064036.1:6243498-6243748	18.81	tp	0
6-AGCACTAATA	STREME-6	1.0e+000	NC_064035.1:9391937-9392187	18.81	tp	0
6-AGCACTAATA	STREME-6	1.0e+000	NC_064034.1:5272933-5273183	18.81	fp	0
6-AGCACTAATA	STREME-6	1.0e+000	NC_064034.1:2526923-2527173	18.81	fp	0
6-AGCACTAATA	STREME-6	1.0e+000	NC_064036.1:14955913-14956163	18.81	fp	0
6-AGCACTAATA	STREME-6	1.0e+000	NC_064036.1:1981546-1981796	18.81	fp	0
6-AGCACTAATA	STREME-6	1.0e+000	NC_064048.1:4511617-4511867	18.81	fp	0
6-AGCACTAATA	STREME-6	1.0e+000	NC_064039.1:10794048-10794298	18.81	fp	0
6-AGCACTAATA	STREME-6	1.0e+000	NC_064043.1:4600307-4600557	18.81	fp	0
6-AGCACTAATA	STREME-6	1.0e+000	NC_064048.1:9316731-9316981	18.81	fp	0
6-AGCACTAATA	STREME-6	1.0e+000	NC_064035.1:13748288-13748537	18.81	fp	0
6-AGCACTAATA	STREME-6	1.0e+000	NC_064035.1:8892726-8892976	18.81	fp	0
6-AGCACTAATA	STREME-6	1.0e+000	NC_064047.1:5549101-5549350	18.81	fp	0
6-AGCACTAATA	STREME-6	1.0e+000	NC_064046.1:4066365-4066615	18.81	fp	0
6-AGCACTAATA	STREME-6	1.0e+000	NC_064036.1:15148120-15148370	18.81	fp	0
6-AGCACTAATA	STREME-6	1.0e+000	NC_064038.1:14288806-14289056	18.81	fp	0
6-AGCACTAATA	STREME-6	1.0e+000	NC_064039.1:5825836-5826085	18.81	fp	0
6-AGCACTAATA	STREME-6	1.0e+000	NC_064040.1:13442017-13442266	18.81	fp	0
6-AGCACTAATA	STREME-6	1.0e+000	NC_064043.1:7146491-7146740	18.81	fp	0
6-AGCACTAATA	STREME-6	1.0e+000	NC_064046.1:3465891-3466141	18.81	fp	0
6-AGCACTAATA	STREME-6	1.0e+000	NC_064035.1:10662152-10662402	18.81	fp	0
6-AGCACTAATA	STREME-6	1.0e+000	NC_064036.1:17328746-17328996	18.81	fp	0
6-AGCACTAATA	STREME-6	1.0e+000	NC_064039.1:5689932-5690182	18.81	fp	0
6-AGCACTAATA	STREME-6	1.0e+000	NC_064043.1:14001986-14002236	18.81	fp	0
6-AGCACTAATA	STREME-6	1.0e+000	NC_064037.1:4316691-4316941	18.81	fp	0
6-AGCACTAATA	STREME-6	1.0e+000	NC_064036.1:13863439-13863689	18.81	fp	0
6-AGCACTAATA	STREME-6	1.0e+000	NC_064041.1:6239517-6239767	18.81	fp	0
6-AGCACTAATA	STREME-6	1.0e+000	NC_064036.1:15752438-15752688	18.81	fp	0
6-AGCACTAATA	STREME-6	1.0e+000	NC_064037.1:2140181-2140431	18.81	fp	0
6-AGCACTAATA	STREME-6	1.0e+000	NC_064037.1:13627217-13627467	18.81	fp	0
6-AGCACTAATA	STREME-6	1.0e+000	NC_064048.1:2768039-2768289	18.81	fp	0
6-AGCACTAATA	STREME-6	1.0e+000	NC_064040.1:9466105-9466354	18.81	fp	0
6-AGCACTAATA	STREME-6	1.0e+000	NC_064045.1:6967228-6967478	18.81	fp	0
6-AGCACTAATA	STREME-6	1.0e+000	NC_064038.1:4888319-4888569	18.81	fp	0
6-AGCACTAATA	STREME-6	1.0e+000	NC_064039.1:10795161-10795411	18.81	fp	0
6-AGCACTAATA	STREME-6	1.0e+000	NC_064037.1:11174297-11174546	18.81	fp	0
6-AGCACTAATA	STREME-6	1.0e+000	NC_064036.1:20562315-20562565	18.81	fp	0
6-AGCACTAATA	STREME-6	1.0e+000	NC_064036.1:19246268-19246518	18.81	fp	0
6-AGCACTAATA	STREME-6	1.0e+000	NC_064036.1:16597402-16597652	18.81	fp	0
6-AGCACTAATA	STREME-6	1.0e+000	NC_064038.1:12491494-12491744	18.81	fp	1
6-AGCACTAATA	STREME-6	1.0e+000	NC_064040.1:14665789-14666038	18.81	fp	1
6-AGCACTAATA	STREME-6	1.0e+000	NC_064039.1:12802040-12802290	18.81	fp	1
6-AGCACTAATA	STREME-6	1.0e+000	NC_064040.1:8739977-8740227	18.81	fp	1
6-AGCACTAATA	STREME-6	1.0e+000	NC_064043.1:10334775-10335025	18.81	fp	1
6-AGCACTAATA	STREME-6	1.0e+000	NC_064037.1:15966165-15966415	18.81	fp	1
6-AGCACTAATA	STREME-6	1.0e+000	NC_064036.1:2280096-2280345	16.80	tp	0
6-AGCACTAATA	STREME-6	1.0e+000	NC_064042.1:4633548-4633798	16.80	fp	0
6-AGCACTAATA	STREME-6	1.0e+000	NC_064043.1:7494105-7494355	16.80	fp	0
6-AGCACTAATA	STREME-6	1.0e+000	NC_064045.1:9172759-9173009	16.80	fp	0
6-AGCACTAATA	STREME-6	1.0e+000	NC_064037.1:12158418-12158668	16.80	fp	0
6-AGCACTAATA	STREME-6	1.0e+000	NC_064047.1:9024959-9025209	16.80	fp	0
6-AGCACTAATA	STREME-6	1.0e+000	NC_064036.1:12008300-12008550	16.80	fp	0
6-AGCACTAATA	STREME-6	1.0e+000	NC_064036.1:6063438-6063687	16.80	fp	0
6-AGCACTAATA	STREME-6	1.0e+000	NC_064048.1:5967200-5967450	16.80	fp	0
6-AGCACTAATA	STREME-6	1.0e+000	NC_064034.1:19906002-19906252	16.80	fp	0
6-AGCACTAATA	STREME-6	1.0e+000	NC_064043.1:5299699-5299949	16.80	fp	0
6-AGCACTAATA	STREME-6	1.0e+000	NC_064037.1:9423305-9423554	16.80	fp	0
6-AGCACTAATA	STREME-6	1.0e+000	NC_064039.1:6223789-6224039	16.80	fp	0
6-AGCACTAATA	STREME-6	1.0e+000	NC_064035.1:6759901-6760150	16.80	fp	0
6-AGCACTAATA	STREME-6	1.0e+000	NC_064045.1:3981563-3981813	16.80	fp	0
6-AGCACTAATA	STREME-6	1.0e+000	NC_064046.1:8203563-8203813	16.80	fp	0
6-AGCACTAATA	STREME-6	1.0e+000	NC_064036.1:16545749-16545999	16.80	fp	0
6-AGCACTAATA	STREME-6	1.0e+000	NC_064042.1:14924871-14925120	16.80	fp	0
6-AGCACTAATA	STREME-6	1.0e+000	NC_064038.1:3684790-3685040	16.80	fp	0
6-AGCACTAATA	STREME-6	1.0e+000	NC_064041.1:11480931-11481180	16.80	fp	0
6-AGCACTAATA	STREME-6	1.0e+000	NC_064038.1:3482850-3483100	16.80	fp	0
6-AGCACTAATA	STREME-6	1.0e+000	NC_064041.1:13178262-13178512	16.80	fp	0
6-AGCACTAATA	STREME-6	1.0e+000	NC_064048.1:6273090-6273340	16.80	fp	0
6-AGCACTAATA	STREME-6	1.0e+000	NC_064043.1:3153852-3154102	16.80	fp	0
6-AGCACTAATA	STREME-6	1.0e+000	NC_064037.1:4440646-4440896	16.80	fp	0
6-AGCACTAATA	STREME-6	1.0e+000	NC_064042.1:14553743-14553992	16.80	fp	0
6-AGCACTAATA	STREME-6	1.0e+000	NC_064037.1:9423537-9423787	16.80	fp	0
6-AGCACTAATA	STREME-6	1.0e+000	NC_064038.1:12519619-12519869	16.80	fp	0
6-AGCACTAATA	STREME-6	1.0e+000	NC_064040.1:17431066-17431316	16.80	fp	0
6-AGCACTAATA	STREME-6	1.0e+000	NC_064036.1:13809609-13809859	16.80	fp	0
6-AGCACTAATA	STREME-6	1.0e+000	NC_064038.1:13761152-13761401	16.80	fp	0
6-AGCACTAATA	STREME-6	1.0e+000	NC_064046.1:1770714-1770964	16.80	fp	0
6-AGCACTAATA	STREME-6	1.0e+000	NC_064036.1:2925402-2925652	16.80	fp	0
6-AGCACTAATA	STREME-6	1.0e+000	NC_064042.1:4543102-4543352	16.80	fp	0
6-AGCACTAATA	STREME-6	1.0e+000	NC_064034.1:1208284-1208534	16.80	fp	0
6-AGCACTAATA	STREME-6	1.0e+000	NC_064043.1:7867134-7867384	16.80	fp	0
6-AGCACTAATA	STREME-6	1.0e+000	NC_064041.1:10430505-10430754	16.80	fp	0
6-AGCACTAATA	STREME-6	1.0e+000	NC_064043.1:9528888-9529138	16.80	fp	0
6-AGCACTAATA	STREME-6	1.0e+000	NC_064040.1:14479107-14479357	16.63	tp	0
6-AGCACTAATA	STREME-6	1.0e+000	NC_064043.1:14812004-14812254	16.63	fp	0
6-AGCACTAATA	STREME-6	1.0e+000	NC_064038.1:11034257-11034507	16.63	fp	0
6-AGCACTAATA	STREME-6	1.0e+000	NC_064046.1:4822855-4823105	16.63	fp	0
6-AGCACTAATA	STREME-6	1.0e+000	NC_064041.1:5546699-5546949	16.63	fp	0
6-AGCACTAATA	STREME-6	1.0e+000	NC_064036.1:1454255-1454504	16.63	fp	0
6-AGCACTAATA	STREME-6	1.0e+000	NC_064045.1:6606611-6606861	16.63	fp	0
6-AGCACTAATA	STREME-6	1.0e+000	NC_064034.1:6484644-6484894	16.63	fp	0
6-AGCACTAATA	STREME-6	1.0e+000	NC_064034.1:10720743-10720992	16.63	fp	0
6-AGCACTAATA	STREME-6	1.0e+000	NC_064044.1:10057243-10057493	16.63	fp	0
6-AGCACTAATA	STREME-6	1.0e+000	NC_064047.1:4386116-4386366	16.63	fp	0
6-AGCACTAATA	STREME-6	1.0e+000	NC_064034.1:19071492-19071742	16.63	fp	0
6-AGCACTAATA	STREME-6	1.0e+000	NC_064043.1:2434828-2435077	16.63	fp	0
6-AGCACTAATA	STREME-6	1.0e+000	NC_064034.1:20343818-20344068	16.63	fp	0
6-AGCACTAATA	STREME-6	1.0e+000	NC_064041.1:14786790-14787040	16.63	fp	0
6-AGCACTAATA	STREME-6	1.0e+000	NC_064041.1:12885266-12885516	16.63	fp	0
6-AGCACTAATA	STREME-6	1.0e+000	NC_064035.1:20966863-20967113	16.63	fp	0
6-AGCACTAATA	STREME-6	1.0e+000	NC_064041.1:3915207-3915457	16.63	fp	0
6-AGCACTAATA	STREME-6	1.0e+000	NC_064040.1:6544763-6545013	16.63	fp	0
6-AGCACTAATA	STREME-6	1.0e+000	NC_064036.1:13339833-13340083	16.63	fp	0
6-AGCACTAATA	STREME-6	1.0e+000	NC_064039.1:5327988-5328238	16.63	fp	0
6-AGCACTAATA	STREME-6	1.0e+000	NC_064041.1:15136047-15136297	16.63	fp	0
6-AGCACTAATA	STREME-6	1.0e+000	NC_064034.1:19895943-19896193	16.63	fp	0
6-AGCACTAATA	STREME-6	1.0e+000	NC_064036.1:10530316-10530565	16.63	fp	0
6-AGCACTAATA	STREME-6	1.0e+000	NC_064040.1:15558291-15558541	16.63	fp	0
6-AGCACTAATA	STREME-6	1.0e+000	NC_064035.1:17479790-17480040	16.63	fp	0
6-AGCACTAATA	STREME-6	1.0e+000	NC_064041.1:15923355-15923604	16.63	fp	0
6-AGCACTAATA	STREME-6	1.0e+000	NC_064040.1:5620129-5620379	16.63	fp	0
6-AGCACTAATA	STREME-6	1.0e+000	NC_064047.1:4715203-4715453	16.63	fp	0
6-AGCACTAATA	STREME-6	1.0e+000	NC_064047.1:11402686-11402936	16.63	fp	1
6-AGCACTAATA	STREME-6	1.0e+000	NC_064034.1:17305022-17305271	16.63	fp	1
6-AGCACTAATA	STREME-6	1.0e+000	NC_064035.1:19303249-19303499	16.44	tp	0
6-AGCACTAATA	STREME-6	1.0e+000	NC_064036.1:19087657-19087906	16.44	fp	0
6-AGCACTAATA	STREME-6	1.0e+000	NC_064045.1:9867004-9867254	16.44	fp	0
6-AGCACTAATA	STREME-6	1.0e+000	NC_064044.1:9749375-9749625	16.44	fp	0
6-AGCACTAATA	STREME-6	1.0e+000	NC_064046.1:12449138-12449388	16.44	fp	0
6-AGCACTAATA	STREME-6	1.0e+000	NC_064038.1:12427352-12427602	16.44	fp	0
6-AGCACTAATA	STREME-6	1.0e+000	NC_064047.1:1451255-1451505	16.44	fp	0
6-AGCACTAATA	STREME-6	1.0e+000	NC_064034.1:16703512-16703762	16.44	fp	0
6-AGCACTAATA	STREME-6	1.0e+000	NC_064039.1:6705716-6705966	16.44	fp	0
6-AGCACTAATA	STREME-6	1.0e+000	NC_064036.1:5735770-5736020	16.44	fp	0
6-AGCACTAATA	STREME-6	1.0e+000	NC_064046.1:12451537-12451787	16.44	fp	0
6-AGCACTAATA	STREME-6	1.0e+000	NC_064038.1:17184674-17184923	16.44	fp	0
6-AGCACTAATA	STREME-6	1.0e+000	NC_064036.1:6651136-6651386	16.44	fp	0
6-AGCACTAATA	STREME-6	1.0e+000	NC_064034.1:10297784-10298034	16.44	fp	0
6-AGCACTAATA	STREME-6	1.0e+000	NC_064047.1:2001543-2001793	16.44	fp	0
6-AGCACTAATA	STREME-6	1.0e+000	NC_064035.1:16653860-16654110	16.44	fp	0
6-AGCACTAATA	STREME-6	1.0e+000	NC_064042.1:11055385-11055635	16.44	fp	0
6-AGCACTAATA	STREME-6	1.0e+000	NC_064040.1:4229233-4229482	16.44	fp	0
6-AGCACTAATA	STREME-6	1.0e+000	NC_064038.1:7601368-7601618	16.44	fp	0
6-AGCACTAATA	STREME-6	1.0e+000	NC_064034.1:9737303-9737553	16.44	fp	0
6-AGCACTAATA	STREME-6	1.0e+000	NC_064044.1:13203856-13204106	16.44	fp	0
6-AGCACTAATA	STREME-6	1.0e+000	NC_064039.1:1621419-1621669	16.44	fp	0
6-AGCACTAATA	STREME-6	1.0e+000	NC_064037.1:18428290-18428539	16.44	fp	0
6-AGCACTAATA	STREME-6	1.0e+000	NC_064047.1:4264354-4264604	16.44	fp	0
6-AGCACTAATA	STREME-6	1.0e+000	NC_064034.1:10297624-10297873	16.44	fp	0
6-AGCACTAATA	STREME-6	1.0e+000	NC_064042.1:1206301-1206551	16.44	fp	0
6-AGCACTAATA	STREME-6	1.0e+000	NC_064040.1:5520162-5520412	16.44	fp	0
6-AGCACTAATA	STREME-6	1.0e+000	NC_064036.1:10328829-10329079	16.44	fp	0
6-AGCACTAATA	STREME-6	1.0e+000	NC_064044.1:9169593-9169842	16.44	fp	0
6-AGCACTAATA	STREME-6	1.0e+000	NC_064040.1:16133434-16133684	16.44	fp	0
6-AGCACTAATA	STREME-6	1.0e+000	NC_064041.1:6539176-6539425	16.44	fp	0
6-AGCACTAATA	STREME-6	1.0e+000	NC_064043.1:11303415-11303665	16.44	fp	0
6-AGCACTAATA	STREME-6	1.0e+000	NC_064039.1:561671-561920	16.44	fp	0
6-AGCACTAATA	STREME-6	1.0e+000	NC_064046.1:6479101-6479351	16.44	fp	0
6-AGCACTAATA	STREME-6	1.0e+000	NC_064037.1:3142931-3143180	16.44	fp	0
6-AGCACTAATA	STREME-6	1.0e+000	NC_064040.1:15821306-15821556	16.44	fp	0
6-AGCACTAATA	STREME-6	1.0e+000	NC_064042.1:13987629-13987878	16.44	fp	0
6-AGCACTAATA	STREME-6	1.0e+000	NC_064037.1:6191350-6191599	16.44	fp	0
6-AGCACTAATA	STREME-6	1.0e+000	NC_064039.1:11787964-11788214	16.44	fp	0
6-AGCACTAATA	STREME-6	1.0e+000	NC_064039.1:6708453-6708703	16.44	fp	0
6-AGCACTAATA	STREME-6	1.0e+000	NC_064045.1:9544920-9545170	16.44	fp	0
6-AGCACTAATA	STREME-6	1.0e+000	NC_064048.1:4488715-4488965	16.44	fp	0
6-AGCACTAATA	STREME-6	1.0e+000	NC_064034.1:21107748-21107998	16.44	fp	1
6-AGCACTAATA	STREME-6	1.0e+000	NC_064034.1:11256880-11257130	16.44	fp	1
6-AGCACTAATA	STREME-6	1.0e+000	NC_064047.1:2751800-2752050	16.44	fp	1
6-AGCACTAATA	STREME-6	1.0e+000	NC_064042.1:8034557-8034806	16.44	fp	1
6-AGCACTAATA	STREME-6	1.0e+000	NC_064038.1:12031270-12031519	16.44	fp	1
6-AGCACTAATA	STREME-6	1.0e+000	NC_064036.1:20610953-20611203	16.39	tp	0
6-AGCACTAATA	STREME-6	1.0e+000	NC_064034.1:15782021-15782271	16.39	fp	0
6-AGCACTAATA	STREME-6	1.0e+000	NC_064048.1:3553328-3553577	16.39	fp	0
6-AGCACTAATA	STREME-6	1.0e+000	NC_064034.1:18341406-18341656	16.39	fp	0
6-AGCACTAATA	STREME-6	1.0e+000	NC_064037.1:15889627-15889877	16.39	fp	0
6-AGCACTAATA	STREME-6	1.0e+000	NC_064048.1:9685986-9686236	16.39	fp	0
6-AGCACTAATA	STREME-6	1.0e+000	NC_064048.1:10773270-10773520	16.39	fp	0
6-AGCACTAATA	STREME-6	1.0e+000	NC_064042.1:8788840-8789090	16.39	fp	0
6-AGCACTAATA	STREME-6	1.0e+000	NC_064034.1:5450133-5450383	16.39	fp	0
6-AGCACTAATA	STREME-6	1.0e+000	NC_064045.1:6200570-6200820	16.39	fp	0
6-AGCACTAATA	STREME-6	1.0e+000	NC_064043.1:1296882-1297132	16.39	fp	0
6-AGCACTAATA	STREME-6	1.0e+000	NC_064046.1:1100910-1101159	16.39	fp	0
6-AGCACTAATA	STREME-6	1.0e+000	NC_064037.1:4744329-4744579	16.39	fp	0
6-AGCACTAATA	STREME-6	1.0e+000	NC_064037.1:5093478-5093728	16.39	fp	0
6-AGCACTAATA	STREME-6	1.0e+000	NC_064042.1:14798908-14799158	16.39	fp	0
6-AGCACTAATA	STREME-6	1.0e+000	NC_064037.1:12175503-12175753	16.39	fp	0
6-AGCACTAATA	STREME-6	1.0e+000	NC_064042.1:7757485-7757734	16.39	fp	0
6-AGCACTAATA	STREME-6	1.0e+000	NC_064037.1:17119534-17119784	16.39	fp	0
6-AGCACTAATA	STREME-6	1.0e+000	NC_064044.1:15937363-15937613	16.39	fp	0
6-AGCACTAATA	STREME-6	1.0e+000	NC_064045.1:7387652-7387901	16.39	fp	0
6-AGCACTAATA	STREME-6	1.0e+000	NC_064045.1:6415670-6415920	16.39	fp	0
6-AGCACTAATA	STREME-6	1.0e+000	NC_064044.1:11452333-11452583	16.39	fp	0
6-AGCACTAATA	STREME-6	1.0e+000	NC_064039.1:2222322-2222572	16.39	fp	0
6-AGCACTAATA	STREME-6	1.0e+000	NC_064044.1:1010691-1010940	16.39	fp	0
6-AGCACTAATA	STREME-6	1.0e+000	NC_064043.1:13438521-13438771	16.39	fp	0
6-AGCACTAATA	STREME-6	1.0e+000	NC_064045.1:12700965-12701215	16.39	fp	0
6-AGCACTAATA	STREME-6	1.0e+000	NC_064037.1:1215612-1215862	16.39	fp	0
6-AGCACTAATA	STREME-6	1.0e+000	NC_064042.1:5667261-5667510	16.39	fp	0
6-AGCACTAATA	STREME-6	1.0e+000	NC_064048.1:3587929-3588179	16.39	fp	0
6-AGCACTAATA	STREME-6	1.0e+000	NC_064042.1:5619383-5619633	16.39	fp	0
6-AGCACTAATA	STREME-6	1.0e+000	NC_064034.1:6333772-6334021	16.39	fp	0
6-AGCACTAATA	STREME-6	1.0e+000	NC_064040.1:12179004-12179253	16.39	fp	0
6-AGCACTAATA	STREME-6	1.0e+000	NC_064044.1:10065092-10065341	16.39	fp	0
6-AGCACTAATA	STREME-6	1.0e+000	NC_064040.1:17005529-17005778	16.39	fp	0
6-AGCACTAATA	STREME-6	1.0e+000	NC_064044.1:12434189-12434438	16.39	fp	0
6-AGCACTAATA	STREME-6	1.0e+000	NC_064040.1:7576970-7577219	16.39	fp	0
6-AGCACTAATA	STREME-6	1.0e+000	NC_064039.1:13676491-13676741	16.39	fp	0
6-AGCACTAATA	STREME-6	1.0e+000	NC_064048.1:4232093-4232343	16.39	fp	0
6-AGCACTAATA	STREME-6	1.0e+000	NC_064046.1:10463367-10463617	16.39	fp	0
6-AGCACTAATA	STREME-6	1.0e+000	NC_064035.1:10814989-10815238	16.39	fp	0
6-AGCACTAATA	STREME-6	1.0e+000	NC_064036.1:7436222-7436472	16.39	fp	0
6-AGCACTAATA	STREME-6	1.0e+000	NC_064048.1:8436128-8436378	16.39	fp	0
6-AGCACTAATA	STREME-6	1.0e+000	NC_064046.1:11343161-11343410	16.39	fp	0
6-AGCACTAATA	STREME-6	1.0e+000	NC_064039.1:15984736-15984985	16.39	fp	0
6-AGCACTAATA	STREME-6	1.0e+000	NC_064040.1:13415925-13416174	16.39	fp	0
6-AGCACTAATA	STREME-6	1.0e+000	NC_064038.1:12593927-12594177	16.39	fp	0
6-AGCACTAATA	STREME-6	1.0e+000	NC_064044.1:3429720-3429970	16.39	fp	1
6-AGCACTAATA	STREME-6	1.0e+000	NC_064044.1:8444762-8445012	16.39	fp	1
6-AGCACTAATA	STREME-6	1.0e+000	NC_064037.1:12329224-12329473	16.39	fp	1
6-AGCACTAATA	STREME-6	1.0e+000	NC_064034.1:1956541-1956791	16.39	fp	1
#
7-AAAVTCGACGGGM	STREME-7	1.0e+000	NC_064043.1:8802383-8802632	22.78	fp	0
7-AAAVTCGACGGGM	STREME-7	1.0e+000	NC_064044.1:15775695-15775944	22.38	fp	0
7-AAAVTCGACGGGM	STREME-7	1.0e+000	NC_064046.1:7274865-7275115	22.06	tp	0
7-AAAVTCGACGGGM	STREME-7	1.0e+000	NC_064046.1:8372612-8372862	22.06	fp	0
7-AAAVTCGACGGGM	STREME-7	1.0e+000	NC_064035.1:3246709-3246959	21.82	tp	0
7-AAAVTCGACGGGM	STREME-7	1.0e+000	NC_064041.1:15136559-15136809	21.82	fp	0
7-AAAVTCGACGGGM	STREME-7	1.0e+000	NC_064036.1:6418380-6418630	21.66	tp	0
#
8-CGAGAAAGCKWHTH	STREME-8	1.0e+000	NC_064040.1:7277942-7278192	22.06	fp	0
8-CGAGAAAGCKWHTH	STREME-8	1.0e+000	NC_064035.1:12313657-12313906	21.74	fp	0
8-CGAGAAAGCKWHTH	STREME-8	1.0e+000	NC_064035.1:1806780-1807030	21.68	fp	0
8-CGAGAAAGCKWHTH	STREME-8	1.0e+000	NC_064037.1:12258380-12258630	21.68	fp	0
8-CGAGAAAGCKWHTH	STREME-8	1.0e+000	NC_064041.1:16220400-16220649	21.48	fp	0
8-CGAGAAAGCKWHTH	STREME-8	1.0e+000	NC_064043.1:7272634-7272884	21.26	fp	0
8-CGAGAAAGCKWHTH	STREME-8	1.0e+000	NC_064042.1:5740185-5740435	21.18	tp	0
8-CGAGAAAGCKWHTH	STREME-8	1.0e+000	NC_064036.1:9728580-9728830	21.07	tp	0
8-CGAGAAAGCKWHTH	STREME-8	1.0e+000	NC_064036.1:12163215-12163465	21.07	fp	0
8-CGAGAAAGCKWHTH	STREME-8	1.0e+000	NC_064042.1:6715575-6715825	20.83	fp	0
8-CGAGAAAGCKWHTH	STREME-8	1.0e+000	NC_064047.1:3038765-3039015	20.61	fp	0
8-CGAGAAAGCKWHTH	STREME-8	1.0e+000	NC_064044.1:9022014-9022264	20.53	fp	0
8-CGAGAAAGCKWHTH	STREME-8	1.0e+000	NC_064041.1:14843799-14844049	20.24	fp	0
8-CGAGAAAGCKWHTH	STREME-8	1.0e+000	NC_064034.1:4406270-4406520	20.22	tp	0
#
9-TACAGGAAACTAKCRTWT	STREME-9	1.0e+000	NC_064039.1:9604254-9604504	32.58	tp	0
9-TACAGGAAACTAKCRTWT	STREME-9	1.0e+000	NC_064039.1:11890041-11890291	32.26	tp	0
