NC_064034.1	1259563	1259813	peak181	.	*
NC_064034.1	1260486	1260736	peak182	.	*
NC_064034.1	1261554	1261804	peak184	.	*
NC_064034.1	1262305	1262555	peak185	.	*
NC_064034.1	1263064	1263314	peak186	.	*
NC_064034.1	1263776	1264026	peak187	.	*
NC_064034.1	1265001	1265251	peak189	.	*
NC_064034.1	1337645	1337895	peak209	.	*
NC_064034.1	2077630	2077880	peak504	.	*
NC_064034.1	2108181	2108431	peak516	.	*
NC_064034.1	2109131	2109381	peak517	.	*
NC_064034.1	2292493	2292743	peak632	.	*
NC_064034.1	2294094	2294344	peak634	.	*
NC_064034.1	2294914	2295164	peak635	.	*
NC_064034.1	2521764	2522014	peak719	.	*
NC_064034.1	2522619	2522869	peak720	.	*
NC_064034.1	2529752	2530002	peak726	.	*
NC_064034.1	2530366	2530616	peak727	.	*
NC_064034.1	2530769	2531019	peak728	.	*
NC_064034.1	2716012	2716262	peak800	.	*
NC_064034.1	2716523	2716773	peak801	.	*
NC_064034.1	2883716	2883966	peak852	.	*
NC_064034.1	3430746	3430996	peak1050	.	*
NC_064034.1	3487044	3487294	peak1087	.	*
NC_064034.1	3872262	3872512	peak1200	.	*
NC_064034.1	3897824	3898074	peak1210	.	*
NC_064034.1	3904445	3904695	peak1214	.	*
NC_064034.1	3904741	3904991	peak1215	.	*
NC_064034.1	4153817	4154067	peak1305	.	*
NC_064034.1	4154233	4154483	peak1306	.	*
NC_064034.1	4168371	4168621	peak1315	.	*
NC_064034.1	4173574	4173824	peak1325	.	*
NC_064034.1	4174602	4174852	peak1327	.	*
NC_064034.1	4229475	4229725	peak1350	.	*
NC_064034.1	4568621	4568871	peak1494	.	*
NC_064034.1	4581491	4581741	peak1507	.	*
NC_064034.1	4805885	4806135	peak1610	.	*
NC_064034.1	4806604	4806854	peak1611	.	*
NC_064034.1	5134955	5135205	peak1762	.	*
NC_064034.1	5135754	5136004	peak1764	.	*
NC_064034.1	5173150	5173400	peak1776	.	*
NC_064034.1	5450644	5450894	peak1878	.	*
NC_064034.1	5456368	5456618	peak1882	.	*
NC_064034.1	6461140	6461390	peak2191	.	*
NC_064034.1	6768576	6768826	peak2351	.	*
NC_064034.1	6847392	6847642	peak2397	.	*
NC_064034.1	7040641	7040891	peak2439	.	*
NC_064034.1	7041120	7041370	peak2440	.	*
NC_064034.1	7041498	7041748	peak2441	.	*
NC_064034.1	7062740	7062990	peak2452	.	*
NC_064034.1	7099790	7100040	peak2492	.	*
NC_064034.1	7835840	7836090	peak2716	.	*
NC_064034.1	8762055	8762305	peak3101	.	*
NC_064034.1	8762523	8762773	peak3102	.	*
NC_064034.1	9211702	9211952	peak3290	.	*
NC_064034.1	9214191	9214441	peak3294	.	*
NC_064034.1	9291514	9291764	peak3331	.	*
NC_064034.1	9326442	9326692	peak3347	.	*
NC_064034.1	9838469	9838719	peak3583	.	*
NC_064034.1	9862909	9863159	peak3590	.	*
NC_064034.1	10019021	10019271	peak3610	.	*
NC_064034.1	10048012	10048262	peak3620	.	*
NC_064034.1	10048265	10048515	peak3621	.	*
NC_064034.1	10052691	10052941	peak3629	.	*
NC_064034.1	10133717	10133967	peak3667	.	*
NC_064034.1	10135228	10135478	peak3669	.	*
NC_064034.1	10137431	10137681	peak3673	.	*
NC_064034.1	10137832	10138082	peak3674	.	*
NC_064034.1	10190961	10191211	peak3716	.	*
NC_064034.1	10330906	10331156	peak3789	.	*
NC_064034.1	10516478	10516728	peak3888	.	*
NC_064034.1	10519909	10520159	peak3893	.	*
NC_064034.1	11196541	11196791	peak4067	.	*
NC_064034.1	11345271	11345521	peak4155	.	*
NC_064034.1	11420920	11421170	peak4183	.	*
NC_064034.1	11549299	11549549	peak4218	.	*
NC_064034.1	11709502	11709752	peak4277	.	*
NC_064034.1	11710999	11711249	peak4279	.	*
NC_064034.1	11711262	11711512	peak4280	.	*
NC_064034.1	11824023	11824273	peak4326	.	*
NC_064034.1	11845489	11845739	peak4340	.	*
NC_064034.1	11932423	11932673	peak4362	.	*
NC_064034.1	11951261	11951511	peak4373	.	*
NC_064034.1	11951835	11952085	peak4374	.	*
NC_064034.1	11955017	11955267	peak4381	.	*
NC_064034.1	12178740	12178990	peak4426	.	*
NC_064034.1	12647984	12648234	peak4638	.	*
NC_064034.1	12706170	12706420	peak4665	.	*
NC_064034.1	12706473	12706723	peak4666	.	*
NC_064034.1	12708397	12708647	peak4669	.	*
NC_064034.1	12998612	12998862	peak4793	.	*
NC_064034.1	13196003	13196253	peak4876	.	*
NC_064034.1	13237322	13237572	peak4892	.	*
NC_064034.1	13239032	13239282	peak4895	.	*
NC_064034.1	13239615	13239865	peak4896	.	*
NC_064034.1	13239883	13240133	peak4897	.	*
NC_064034.1	13329619	13329869	peak4925	.	*
NC_064034.1	13814763	13815013	peak5141	.	*
NC_064034.1	14831837	14832087	peak5275	.	*
NC_064034.1	15260093	15260343	peak5361	.	*
NC_064034.1	15431072	15431322	peak5407	.	*
NC_064034.1	15431725	15431975	peak5409	.	*
NC_064034.1	15802131	15802381	peak5515	.	*
NC_064034.1	16060341	16060591	peak5602	.	*
NC_064034.1	16195949	16196199	peak5659	.	*
NC_064034.1	16860903	16861153	peak5870	.	*
NC_064034.1	16862092	16862342	peak5872	.	*
NC_064034.1	16881470	16881720	peak5880	.	*
NC_064034.1	16881926	16882176	peak5881	.	*
NC_064034.1	16882965	16883215	peak5883	.	*
NC_064034.1	16883344	16883594	peak5884	.	*
NC_064034.1	16884522	16884772	peak5887	.	*
NC_064034.1	16884860	16885110	peak5888	.	*
NC_064034.1	16891039	16891289	peak5896	.	*
NC_064034.1	17114681	17114931	peak5978	.	*
NC_064034.1	17119336	17119586	peak5980	.	*
NC_064034.1	17120000	17120250	peak5981	.	*
NC_064034.1	17441570	17441820	peak6068	.	*
NC_064034.1	17441879	17442129	peak6069	.	*
NC_064034.1	17443112	17443362	peak6071	.	*
NC_064034.1	17456248	17456498	peak6082	.	*
NC_064034.1	17456809	17457059	peak6083	.	*
NC_064034.1	17773708	17773958	peak6175	.	*
NC_064034.1	17862994	17863244	peak6186	.	*
NC_064034.1	18188329	18188579	peak6299	.	*
NC_064034.1	18188736	18188986	peak6300	.	*
NC_064034.1	18692166	18692416	peak6524	.	*
NC_064034.1	18693703	18693953	peak6527	.	*
NC_064034.1	18694021	18694271	peak6528	.	*
NC_064034.1	18694979	18695229	peak6530	.	*
NC_064034.1	19018753	19019003	peak6635	.	*
NC_064034.1	19454011	19454261	peak6800	.	*
NC_064034.1	19735587	19735837	peak6907	.	*
NC_064034.1	19904056	19904306	peak6966	.	*
NC_064034.1	19998043	19998293	peak7014	.	*
NC_064034.1	19998564	19998814	peak7015	.	*
NC_064034.1	19999185	19999435	peak7016	.	*
NC_064034.1	20006990	20007240	peak7017	.	*
NC_064034.1	20144574	20144824	peak7066	.	*
NC_064034.1	20406962	20407212	peak7162	.	*
NC_064034.1	20414204	20414454	peak7165	.	*
NC_064034.1	20414802	20415052	peak7166	.	*
NC_064034.1	20645102	20645352	peak7219	.	*
NC_064034.1	20655377	20655627	peak7226	.	*
NC_064034.1	20967347	20967597	peak7316	.	*
NC_064034.1	20970346	20970596	peak7317	.	*
NC_064034.1	21108050	21108300	peak7387	.	*
NC_064034.1	21109994	21110244	peak7389	.	*
NC_064034.1	21214765	21215015	peak7453	.	*
NC_064034.1	21258618	21258868	peak7482	.	*
NC_064035.1	903505	903755	peak7825	.	*
NC_064035.1	1137658	1137908	peak7885	.	*
NC_064035.1	1393567	1393817	peak7982	.	*
NC_064035.1	1399127	1399377	peak7988	.	*
NC_064035.1	1737554	1737804	peak8137	.	*
NC_064035.1	1997952	1998202	peak8211	.	*
NC_064035.1	2067648	2067898	peak8251	.	*
NC_064035.1	2067830	2068079	peak8252	.	*
NC_064035.1	2068035	2068285	peak8253	.	*
NC_064035.1	2074472	2074722	peak8255	.	*
NC_064035.1	2074838	2075088	peak8256	.	*
NC_064035.1	2076553	2076803	peak8258	.	*
NC_064035.1	2077802	2078052	peak8262	.	*
NC_064035.1	2122070	2122320	peak8274	.	*
NC_064035.1	2122710	2122960	peak8275	.	*
NC_064035.1	2132482	2132732	peak8279	.	*
NC_064035.1	2304592	2304842	peak8330	.	*
NC_064035.1	2520141	2520391	peak8440	.	*
NC_064035.1	2520676	2520926	peak8441	.	*
NC_064035.1	2520945	2521195	peak8442	.	*
NC_064035.1	2521330	2521580	peak8443	.	*
NC_064035.1	2602628	2602878	peak8477	.	*
NC_064035.1	2603294	2603544	peak8479	.	*
NC_064035.1	2603578	2603828	peak8480	.	*
NC_064035.1	2604481	2604731	peak8482	.	*
NC_064035.1	3013566	3013816	peak8605	.	*
NC_064035.1	3395231	3395481	peak8764	.	*
NC_064035.1	3421390	3421640	peak8773	.	*
NC_064035.1	3459411	3459661	peak8796	.	*
NC_064035.1	3481627	3481877	peak8802	.	*
NC_064035.1	3860435	3860685	peak8967	.	*
NC_064035.1	3861225	3861475	peak8968	.	*
NC_064035.1	4019742	4019992	peak9024	.	*
NC_064035.1	4273898	4274148	peak9127	.	*
NC_064035.1	4443605	4443855	peak9192	.	*
NC_064035.1	4547292	4547542	peak9233	.	*
NC_064035.1	4863261	4863511	peak9317	.	*
NC_064035.1	4864303	4864553	peak9318	.	*
NC_064035.1	5430438	5430688	peak9623	.	*
NC_064035.1	5645058	5645308	peak9728	.	*
NC_064035.1	5958832	5959082	peak9865	.	*
NC_064035.1	6063402	6063652	peak9890	.	*
NC_064035.1	6101040	6101290	peak9901	.	*
NC_064035.1	6562740	6562990	peak10053	.	*
NC_064035.1	6606683	6606933	peak10066	.	*
NC_064035.1	6608424	6608674	peak10068	.	*
NC_064035.1	6691921	6692171	peak10107	.	*
NC_064035.1	6693429	6693679	peak10110	.	*
NC_064035.1	6794903	6795153	peak10151	.	*
NC_064035.1	7092034	7092284	peak10256	.	*
NC_064035.1	8162692	8162942	peak10644	.	*
NC_064035.1	8343468	8343718	peak10705	.	*
NC_064035.1	8343905	8344155	peak10706	.	*
NC_064035.1	8344423	8344673	peak10707	.	*
NC_064035.1	8469263	8469513	peak10733	.	*
NC_064035.1	8579208	8579458	peak10771	.	*
NC_064035.1	8595802	8596052	peak10782	.	*
NC_064035.1	8811013	8811263	peak10856	.	*
NC_064035.1	8811461	8811711	peak10857	.	*
NC_064035.1	8860440	8860690	peak10878	.	*
NC_064035.1	8892450	8892700	peak10888	.	*
NC_064035.1	8893402	8893652	peak10891	.	*
NC_064035.1	8936776	8937026	peak10915	.	*
NC_064035.1	8937599	8937849	peak10916	.	*
NC_064035.1	8937866	8938116	peak10917	.	*
NC_064035.1	8938367	8938617	peak10918	.	*
NC_064035.1	8964109	8964359	peak10924	.	*
NC_064035.1	9329740	9329990	peak11073	.	*
NC_064035.1	9330197	9330447	peak11074	.	*
NC_064035.1	9330462	9330712	peak11075	.	*
NC_064035.1	9331075	9331325	peak11076	.	*
NC_064035.1	9331364	9331614	peak11077	.	*
NC_064035.1	9503898	9504148	peak11162	.	*
NC_064035.1	9504571	9504821	peak11164	.	*
NC_064035.1	9507382	9507632	peak11169	.	*
NC_064035.1	9507670	9507920	peak11170	.	*
NC_064035.1	9508348	9508598	peak11172	.	*
NC_064035.1	9624155	9624405	peak11227	.	*
NC_064035.1	9625236	9625486	peak11228	.	*
NC_064035.1	9692169	9692419	peak11250	.	*
NC_064035.1	9773840	9774090	peak11280	.	*
NC_064035.1	9774448	9774698	peak11281	.	*
NC_064035.1	9774852	9775102	peak11282	.	*
NC_064035.1	10059447	10059697	peak11356	.	*
NC_064035.1	10099180	10099430	peak11374	.	*
NC_064035.1	10099793	10100043	peak11375	.	*
NC_064035.1	10246481	10246731	peak11445	.	*
NC_064035.1	10773742	10773992	peak11648	.	*
NC_064035.1	10806744	10806994	peak11665	.	*
NC_064035.1	10848414	10848664	peak11694	.	*
NC_064035.1	10865021	10865271	peak11712	.	*
NC_064035.1	10881559	10881809	peak11719	.	*
NC_064035.1	10888587	10888837	peak11724	.	*
NC_064035.1	10890365	10890615	peak11728	.	*
NC_064035.1	10968214	10968464	peak11753	.	*
NC_064035.1	10968987	10969237	peak11754	.	*
NC_064035.1	10970097	10970347	peak11755	.	*
NC_064035.1	11508501	11508751	peak11917	.	*
NC_064035.1	11510452	11510702	peak11921	.	*
NC_064035.1	11511420	11511670	peak11922	.	*
NC_064035.1	11642360	11642610	peak11971	.	*
NC_064035.1	11643650	11643900	peak11973	.	*
NC_064035.1	11643927	11644177	peak11974	.	*
NC_064035.1	11815575	11815825	peak12041	.	*
NC_064035.1	11816449	11816699	peak12043	.	*
NC_064035.1	11817134	11817384	peak12045	.	*
NC_064035.1	12140999	12141249	peak12174	.	*
NC_064035.1	12141294	12141544	peak12175	.	*
NC_064035.1	12873210	12873460	peak12447	.	*
NC_064035.1	13106242	13106492	peak12570	.	*
NC_064035.1	13207144	13207394	peak12617	.	*
NC_064035.1	13385779	13386029	peak12661	.	*
NC_064035.1	13632533	13632783	peak12730	.	*
NC_064035.1	13941721	13941971	peak12818	.	*
NC_064035.1	14132211	14132461	peak12885	.	*
NC_064035.1	14632375	14632625	peak13050	.	*
NC_064035.1	14747289	14747539	peak13101	.	*
NC_064035.1	14748029	14748279	peak13103	.	*
NC_064035.1	14753536	14753786	peak13113	.	*
NC_064035.1	14755670	14755920	peak13116	.	*
NC_064035.1	14757665	14757915	peak13120	.	*
NC_064035.1	15004829	15005079	peak13206	.	*
NC_064035.1	15041432	15041682	peak13215	.	*
NC_064035.1	15044225	15044475	peak13218	.	*
NC_064035.1	15232649	15232899	peak13287	.	*
NC_064035.1	15609470	15609720	peak13409	.	*
NC_064035.1	15610173	15610423	peak13410	.	*
NC_064035.1	15735805	15736055	peak13460	.	*
NC_064035.1	15740266	15740516	peak13466	.	*
NC_064035.1	15925454	15925704	peak13534	.	*
NC_064035.1	16333195	16333445	peak13683	.	*
NC_064035.1	16333680	16333930	peak13684	.	*
NC_064035.1	16334912	16335162	peak13686	.	*
NC_064035.1	16335385	16335635	peak13687	.	*
NC_064035.1	16336951	16337201	peak13690	.	*
NC_064035.1	16337517	16337767	peak13691	.	*
NC_064035.1	16352568	16352818	peak13707	.	*
NC_064035.1	16511013	16511263	peak13794	.	*
NC_064035.1	16541632	16541882	peak13806	.	*
NC_064035.1	17051709	17051959	peak14015	.	*
NC_064035.1	17051997	17052247	peak14016	.	*
NC_064035.1	17299672	17299922	peak14133	.	*
NC_064035.1	17300886	17301136	peak14136	.	*
NC_064035.1	17693723	17693973	peak14313	.	*
NC_064035.1	18028007	18028257	peak14411	.	*
NC_064035.1	18031618	18031868	peak14419	.	*
NC_064035.1	18073977	18074227	peak14438	.	*
NC_064035.1	18095511	18095761	peak14447	.	*
NC_064035.1	18331329	18331579	peak14508	.	*
NC_064035.1	18524898	18525148	peak14628	.	*
NC_064035.1	18527581	18527831	peak14631	.	*
NC_064035.1	18528286	18528536	peak14632	.	*
NC_064035.1	18587485	18587735	peak14666	.	*
NC_064035.1	18669112	18669362	peak14698	.	*
NC_064035.1	19034137	19034387	peak14834	.	*
NC_064035.1	19297030	19297280	peak14993	.	*
NC_064035.1	19299689	19299939	peak14999	.	*
NC_064035.1	19301660	19301910	peak15000	.	*
NC_064035.1	19646444	19646694	peak15142	.	*
NC_064035.1	20676317	20676567	peak15442	.	*
NC_064035.1	20677397	20677647	peak15444	.	*
NC_064035.1	20677752	20678002	peak15445	.	*
NC_064035.1	20678456	20678706	peak15446	.	*
NC_064035.1	20678716	20678966	peak15447	.	*
NC_064036.1	617012	617262	peak15820	.	*
NC_064036.1	757165	757415	peak15880	.	*
NC_064036.1	1017418	1017668	peak16006	.	*
NC_064036.1	1230727	1230976	peak16058	.	*
NC_064036.1	1231598	1231848	peak16059	.	*
NC_064036.1	1453466	1453716	peak16153	.	*
NC_064036.1	1454003	1454253	peak16154	.	*
NC_064036.1	1454494	1454744	peak16155	.	*
NC_064036.1	1456856	1457106	peak16157	.	*
NC_064036.1	1680746	1680996	peak16271	.	*
NC_064036.1	1699256	1699506	peak16296	.	*
NC_064036.1	1701663	1701913	peak16300	.	*
NC_064036.1	1747944	1748194	peak16323	.	*
NC_064036.1	1748760	1749010	peak16324	.	*
NC_064036.1	1766214	1766464	peak16329	.	*
NC_064036.1	1803435	1803685	peak16349	.	*
NC_064036.1	1804291	1804541	peak16351	.	*
NC_064036.1	1884262	1884512	peak16382	.	*
NC_064036.1	1937885	1938135	peak16401	.	*
NC_064036.1	1938658	1938908	peak16402	.	*
NC_064036.1	1942697	1942947	peak16406	.	*
NC_064036.1	2808567	2808817	peak16730	.	*
NC_064036.1	2808958	2809208	peak16731	.	*
NC_064036.1	2809576	2809826	peak16732	.	*
NC_064036.1	2810276	2810526	peak16733	.	*
NC_064036.1	3074658	3074908	peak16828	.	*
NC_064036.1	3614881	3615131	peak16990	.	*
NC_064036.1	4050878	4051128	peak17156	.	*
NC_064036.1	4625810	4626060	peak17317	.	*
NC_064036.1	4800472	4800722	peak17380	.	*
NC_064036.1	4828007	4828257	peak17402	.	*
NC_064036.1	4829727	4829977	peak17405	.	*
NC_064036.1	5202755	5203005	peak17546	.	*
NC_064036.1	5769222	5769472	peak17772	.	*
NC_064036.1	5982300	5982550	peak17833	.	*
NC_064036.1	5982762	5983012	peak17834	.	*
NC_064036.1	5983663	5983913	peak17836	.	*
NC_064036.1	6103480	6103730	peak17891	.	*
NC_064036.1	6348229	6348479	peak18028	.	*
NC_064036.1	6355097	6355347	peak18036	.	*
NC_064036.1	6657759	6658009	peak18139	.	*
NC_064036.1	6658257	6658507	peak18140	.	*
NC_064036.1	6658873	6659123	peak18141	.	*
NC_064036.1	6662047	6662297	peak18142	.	*
NC_064036.1	6663646	6663896	peak18143	.	*
NC_064036.1	6803350	6803600	peak18201	.	*
NC_064036.1	7104967	7105217	peak18329	.	*
NC_064036.1	7190786	7191036	peak18375	.	*
NC_064036.1	7190942	7191191	peak18376	.	*
NC_064036.1	7275496	7275746	peak18438	.	*
NC_064036.1	7276059	7276309	peak18439	.	*
NC_064036.1	7280479	7280729	peak18445	.	*
NC_064036.1	7343555	7343805	peak18486	.	*
NC_064036.1	7579492	7579742	peak18596	.	*
NC_064036.1	7717365	7717615	peak18655	.	*
NC_064036.1	7912316	7912566	peak18726	.	*
NC_064036.1	8040882	8041132	peak18801	.	*
NC_064036.1	8871566	8871816	peak19068	.	*
NC_064036.1	9025488	9025738	peak19094	.	*
NC_064036.1	9056846	9057096	peak19109	.	*
NC_064036.1	9057348	9057598	peak19110	.	*
NC_064036.1	9466562	9466812	peak19251	.	*
NC_064036.1	9547426	9547676	peak19284	.	*
NC_064036.1	9979560	9979810	peak19472	.	*
NC_064036.1	10064278	10064528	peak19508	.	*
NC_064036.1	10177973	10178223	peak19575	.	*
NC_064036.1	10196530	10196780	peak19581	.	*
NC_064036.1	10392292	10392542	peak19672	.	*
NC_064036.1	10392585	10392835	peak19673	.	*
NC_064036.1	10599926	10600176	peak19765	.	*
NC_064036.1	10604307	10604557	peak19775	.	*
NC_064036.1	11051680	11051930	peak19974	.	*
NC_064036.1	11152066	11152316	peak20020	.	*
NC_064036.1	11240282	11240532	peak20073	.	*
NC_064036.1	11654588	11654838	peak20215	.	*
NC_064036.1	11658739	11658989	peak20218	.	*
NC_064036.1	11659797	11660047	peak20220	.	*
NC_064036.1	11660474	11660724	peak20221	.	*
NC_064036.1	11661328	11661578	peak20222	.	*
NC_064036.1	11670553	11670803	peak20224	.	*
NC_064036.1	11837781	11838031	peak20285	.	*
NC_064036.1	11958841	11959091	peak20334	.	*
NC_064036.1	11992431	11992681	peak20360	.	*
NC_064036.1	12128699	12128949	peak20418	.	*
NC_064036.1	12129675	12129925	peak20419	.	*
NC_064036.1	12136788	12137038	peak20427	.	*
NC_064036.1	12138739	12138989	peak20430	.	*
NC_064036.1	12139594	12139844	peak20431	.	*
NC_064036.1	12140345	12140595	peak20432	.	*
NC_064036.1	12143396	12143646	peak20436	.	*
NC_064036.1	12156261	12156511	peak20456	.	*
NC_064036.1	12156781	12157031	peak20457	.	*
NC_064036.1	12157251	12157501	peak20458	.	*
NC_064036.1	12159752	12160002	peak20462	.	*
NC_064036.1	12171144	12171394	peak20472	.	*
NC_064036.1	12196715	12196965	peak20485	.	*
NC_064036.1	12273600	12273850	peak20514	.	*
NC_064036.1	12274213	12274463	peak20516	.	*
NC_064036.1	12912266	12912516	peak20757	.	*
NC_064036.1	13162331	13162581	peak20866	.	*
NC_064036.1	13163494	13163744	peak20869	.	*
NC_064036.1	13266708	13266958	peak20899	.	*
NC_064036.1	13690608	13690858	peak21072	.	*
NC_064036.1	13690902	13691152	peak21073	.	*
NC_064036.1	13698613	13698863	peak21080	.	*
NC_064036.1	13699961	13700211	peak21082	.	*
NC_064036.1	13700354	13700604	peak21084	.	*
NC_064036.1	13701554	13701804	peak21086	.	*
NC_064036.1	13733555	13733805	peak21097	.	*
NC_064036.1	13734071	13734321	peak21098	.	*
NC_064036.1	13734385	13734635	peak21099	.	*
NC_064036.1	13766339	13766589	peak21131	.	*
NC_064036.1	13862788	13863038	peak21174	.	*
NC_064036.1	13977538	13977788	peak21218	.	*
NC_064036.1	13978323	13978573	peak21220	.	*
NC_064036.1	14286443	14286693	peak21340	.	*
NC_064036.1	14515664	14515914	peak21422	.	*
NC_064036.1	14556128	14556378	peak21436	.	*
NC_064036.1	14556415	14556665	peak21437	.	*
NC_064036.1	14591299	14591549	peak21443	.	*
NC_064036.1	14631143	14631393	peak21462	.	*
NC_064036.1	14896210	14896460	peak21571	.	*
NC_064036.1	15084966	15085216	peak21634	.	*
NC_064036.1	15361690	15361940	peak21801	.	*
NC_064036.1	15362112	15362362	peak21802	.	*
NC_064036.1	15405027	15405277	peak21824	.	*
NC_064036.1	15406671	15406921	peak21826	.	*
NC_064036.1	15407227	15407477	peak21827	.	*
NC_064036.1	15497970	15498220	peak21854	.	*
NC_064036.1	15501077	15501327	peak21856	.	*
NC_064036.1	15582792	15583042	peak21886	.	*
NC_064036.1	15604522	15604772	peak21898	.	*
NC_064036.1	16090797	16091047	peak22038	.	*
NC_064036.1	16457626	16457876	peak22128	.	*
NC_064036.1	16467627	16467877	peak22134	.	*
NC_064036.1	16512427	16512677	peak22147	.	*
NC_064036.1	16512713	16512963	peak22148	.	*
NC_064036.1	16513694	16513944	peak22149	.	*
NC_064036.1	16545370	16545620	peak22161	.	*
NC_064036.1	16736411	16736661	peak22235	.	*
NC_064036.1	17750561	17750811	peak22557	.	*
NC_064036.1	17826312	17826562	peak22577	.	*
NC_064036.1	18214322	18214572	peak22700	.	*
NC_064036.1	19008343	19008593	peak22880	.	*
NC_064036.1	19009838	19010088	peak22882	.	*
NC_064036.1	19205061	19205311	peak22948	.	*
NC_064036.1	19443975	19444225	peak23046	.	*
NC_064036.1	19487274	19487524	peak23064	.	*
NC_064036.1	19488001	19488251	peak23065	.	*
NC_064036.1	19488444	19488694	peak23066	.	*
NC_064036.1	20158615	20158865	peak23192	.	*
NC_064036.1	20210328	20210578	peak23209	.	*
NC_064036.1	20210706	20210956	peak23210	.	*
NC_064036.1	20298108	20298358	peak23249	.	*
NC_064036.1	20298989	20299239	peak23250	.	*
NC_064036.1	20303660	20303910	peak23252	.	*
NC_064036.1	20562315	20562565	peak23307	.	*
NC_064037.1	1013820	1014070	peak23408	.	*
NC_064037.1	1014417	1014667	peak23409	.	*
NC_064037.1	1016749	1016999	peak23413	.	*
NC_064037.1	1211797	1212047	peak23496	.	*
NC_064037.1	1213262	1213512	peak23498	.	*
NC_064037.1	1214524	1214774	peak23501	.	*
NC_064037.1	1215612	1215862	peak23502	.	*
NC_064037.1	1216094	1216344	peak23503	.	*
NC_064037.1	1216537	1216787	peak23504	.	*
NC_064037.1	1226279	1226529	peak23508	.	*
NC_064037.1	1265280	1265530	peak23534	.	*
NC_064037.1	1519620	1519870	peak23625	.	*
NC_064037.1	1519896	1520146	peak23626	.	*
NC_064037.1	1583122	1583372	peak23660	.	*
NC_064037.1	1584297	1584547	peak23663	.	*
NC_064037.1	1627733	1627983	peak23685	.	*
NC_064037.1	1628956	1629206	peak23687	.	*
NC_064037.1	1629135	1629384	peak23688	.	*
NC_064037.1	1666434	1666684	peak23693	.	*
NC_064037.1	1678791	1679041	peak23696	.	*
NC_064037.1	1679308	1679558	peak23697	.	*
NC_064037.1	1679772	1680022	peak23698	.	*
NC_064037.1	2055072	2055322	peak23847	.	*
NC_064037.1	2055430	2055680	peak23848	.	*
NC_064037.1	2447785	2448035	peak23981	.	*
NC_064037.1	2796036	2796285	peak24122	.	*
NC_064037.1	3728957	3729207	peak24473	.	*
NC_064037.1	4283044	4283294	peak24657	.	*
NC_064037.1	4283661	4283911	peak24658	.	*
NC_064037.1	4287070	4287320	peak24665	.	*
NC_064037.1	4297660	4297910	peak24684	.	*
NC_064037.1	4342769	4343019	peak24701	.	*
NC_064037.1	4344856	4345106	peak24703	.	*
NC_064037.1	4348405	4348655	peak24706	.	*
NC_064037.1	4350259	4350509	peak24708	.	*
NC_064037.1	4801182	4801432	peak24870	.	*
NC_064037.1	4903981	4904231	peak24913	.	*
NC_064037.1	4910937	4911187	peak24917	.	*
NC_064037.1	5041124	5041374	peak24974	.	*
NC_064037.1	5041735	5041985	peak24975	.	*
NC_064037.1	5619790	5620040	peak25187	.	*
NC_064037.1	5620310	5620560	peak25188	.	*
NC_064037.1	5722371	5722621	peak25237	.	*
NC_064037.1	5722798	5723048	peak25238	.	*
NC_064037.1	5836935	5837185	peak25273	.	*
NC_064037.1	5930119	5930369	peak25338	.	*
NC_064037.1	5930426	5930676	peak25339	.	*
NC_064037.1	5930681	5930931	peak25340	.	*
NC_064037.1	5930868	5931117	peak25341	.	*
NC_064037.1	5931556	5931806	peak25342	.	*
NC_064037.1	5931916	5932166	peak25343	.	*
NC_064037.1	5935025	5935275	peak25344	.	*
NC_064037.1	5936887	5937137	peak25345	.	*
NC_064037.1	6178029	6178279	peak25410	.	*
NC_064037.1	6283124	6283374	peak25476	.	*
NC_064037.1	6427819	6428069	peak25536	.	*
NC_064037.1	6535766	6536016	peak25580	.	*
NC_064037.1	6791610	6791860	peak25683	.	*
NC_064037.1	6907449	6907699	peak25721	.	*
NC_064037.1	7011374	7011624	peak25747	.	*
NC_064037.1	7022023	7022273	peak25753	.	*
NC_064037.1	7372094	7372344	peak25907	.	*
NC_064037.1	8021418	8021668	peak26135	.	*
NC_064037.1	8070956	8071206	peak26150	.	*
NC_064037.1	8071469	8071719	peak26151	.	*
NC_064037.1	8073210	8073460	peak26154	.	*
NC_064037.1	8073593	8073843	peak26155	.	*
NC_064037.1	8074043	8074293	peak26156	.	*
NC_064037.1	8074350	8074600	peak26157	.	*
NC_064037.1	8076390	8076640	peak26159	.	*
NC_064037.1	8140182	8140432	peak26185	.	*
NC_064037.1	8215212	8215462	peak26219	.	*
NC_064037.1	8216253	8216503	peak26220	.	*
NC_064037.1	8750950	8751200	peak26399	.	*
NC_064037.1	8751127	8751376	peak26400	.	*
NC_064037.1	9318036	9318286	peak26575	.	*
NC_064037.1	9319338	9319588	peak26577	.	*
NC_064037.1	9407152	9407402	peak26609	.	*
NC_064037.1	9407307	9407556	peak26610	.	*
NC_064037.1	9407463	9407713	peak26611	.	*
NC_064037.1	9486477	9486727	peak26660	.	*
NC_064037.1	9526780	9527030	peak26680	.	*
NC_064037.1	9527464	9527714	peak26681	.	*
NC_064037.1	9609510	9609760	peak26725	.	*
NC_064037.1	9612374	9612624	peak26728	.	*
NC_064037.1	10917277	10917527	peak27187	.	*
NC_064037.1	11476601	11476851	peak27385	.	*
NC_064037.1	11682992	11683242	peak27429	.	*
NC_064037.1	11683255	11683505	peak27430	.	*
NC_064037.1	11949579	11949828	peak27532	.	*
NC_064037.1	12318760	12319010	peak27671	.	*
NC_064037.1	12319637	12319887	peak27672	.	*
NC_064037.1	12840523	12840773	peak27831	.	*
NC_064037.1	12841792	12842042	peak27833	.	*
NC_064037.1	12843363	12843613	peak27835	.	*
NC_064037.1	13178789	13179039	peak27913	.	*
NC_064037.1	13336106	13336356	peak27964	.	*
NC_064037.1	14165175	14165425	peak28260	.	*
NC_064037.1	14195263	14195513	peak28275	.	*
NC_064037.1	14616427	14616677	peak28361	.	*
NC_064037.1	14620046	14620296	peak28365	.	*
NC_064037.1	14797681	14797931	peak28415	.	*
NC_064037.1	14798425	14798675	peak28416	.	*
NC_064037.1	15405761	15406011	peak28679	.	*
NC_064037.1	15675083	15675333	peak28761	.	*
NC_064037.1	16040301	16040551	peak28926	.	*
NC_064037.1	16041085	16041335	peak28927	.	*
NC_064037.1	16042088	16042338	peak28928	.	*
NC_064037.1	16042807	16043057	peak28930	.	*
NC_064037.1	16043834	16044084	peak28931	.	*
NC_064037.1	16586741	16586991	peak29089	.	*
NC_064037.1	16810565	16810815	peak29145	.	*
NC_064037.1	16991537	16991787	peak29185	.	*
NC_064037.1	17402931	17403181	peak29325	.	*
NC_064037.1	17411745	17411995	peak29331	.	*
NC_064037.1	17418896	17419146	peak29340	.	*
NC_064037.1	17535709	17535959	peak29375	.	*
NC_064037.1	17536234	17536484	peak29376	.	*
NC_064037.1	17626105	17626355	peak29419	.	*
NC_064037.1	17627347	17627597	peak29421	.	*
NC_064037.1	17633288	17633538	peak29427	.	*
NC_064038.1	1051290	1051540	peak29891	.	*
NC_064038.1	1051545	1051795	peak29892	.	*
NC_064038.1	1051824	1052074	peak29893	.	*
NC_064038.1	1052109	1052359	peak29894	.	*
NC_064038.1	1572752	1573002	peak30039	.	*
NC_064038.1	3505663	3505913	peak30334	.	*
NC_064038.1	3506608	3506858	peak30335	.	*
NC_064038.1	3668178	3668428	peak30383	.	*
NC_064038.1	3675273	3675523	peak30390	.	*
NC_064038.1	3684790	3685040	peak30395	.	*
NC_064038.1	3686416	3686666	peak30397	.	*
NC_064038.1	3686694	3686944	peak30398	.	*
NC_064038.1	3687099	3687349	peak30399	.	*
NC_064038.1	3687978	3688228	peak30401	.	*
NC_064038.1	3688257	3688507	peak30402	.	*
NC_064038.1	3978764	3979014	peak30520	.	*
NC_064038.1	4332251	4332501	peak30656	.	*
NC_064038.1	4332571	4332821	peak30657	.	*
NC_064038.1	4424351	4424601	peak30682	.	*
NC_064038.1	4655027	4655277	peak30791	.	*
NC_064038.1	4655310	4655560	peak30792	.	*
NC_064038.1	4655654	4655904	peak30793	.	*
NC_064038.1	5478387	5478637	peak31016	.	*
NC_064038.1	5527623	5527873	peak31039	.	*
NC_064038.1	5528674	5528924	peak31041	.	*
NC_064038.1	5529816	5530066	peak31043	.	*
NC_064038.1	5592538	5592788	peak31069	.	*
NC_064038.1	5593345	5593595	peak31070	.	*
NC_064038.1	5877607	5877857	peak31184	.	*
NC_064038.1	5877859	5878109	peak31185	.	*
NC_064038.1	5882108	5882358	peak31191	.	*
NC_064038.1	5896784	5897034	peak31208	.	*
NC_064038.1	5897235	5897485	peak31209	.	*
NC_064038.1	5898640	5898890	peak31211	.	*
NC_064038.1	5902100	5902350	peak31216	.	*
NC_064038.1	5910263	5910513	peak31229	.	*
NC_064038.1	6446820	6447070	peak31469	.	*
NC_064038.1	6448295	6448545	peak31470	.	*
NC_064038.1	6450278	6450528	peak31475	.	*
NC_064038.1	6450441	6450690	peak31476	.	*
NC_064038.1	6459622	6459872	peak31479	.	*
NC_064038.1	6798580	6798830	peak31572	.	*
NC_064038.1	7068041	7068291	peak31646	.	*
NC_064038.1	7072544	7072794	peak31656	.	*
NC_064038.1	7072904	7073154	peak31657	.	*
NC_064038.1	7995423	7995673	peak31914	.	*
NC_064038.1	8257315	8257565	peak32006	.	*
NC_064038.1	8343011	8343261	peak32041	.	*
NC_064038.1	8343502	8343752	peak32042	.	*
NC_064038.1	8657710	8657960	peak32113	.	*
NC_064038.1	8723109	8723359	peak32152	.	*
NC_064038.1	9313049	9313299	peak32340	.	*
NC_064038.1	9323745	9323995	peak32354	.	*
NC_064038.1	10025663	10025913	peak32651	.	*
NC_064038.1	10025817	10026066	peak32652	.	*
NC_064038.1	10111456	10111706	peak32687	.	*
NC_064038.1	10237140	10237390	peak32736	.	*
NC_064038.1	10833276	10833526	peak32953	.	*
NC_064038.1	10859086	10859336	peak32959	.	*
NC_064038.1	10859516	10859766	peak32960	.	*
NC_064038.1	10863324	10863574	peak32965	.	*
NC_064038.1	11355094	11355344	peak33136	.	*
NC_064038.1	11400528	11400778	peak33159	.	*
NC_064038.1	12414446	12414696	peak33409	.	*
NC_064038.1	12416391	12416641	peak33414	.	*
NC_064038.1	12421185	12421435	peak33425	.	*
NC_064038.1	12428121	12428371	peak33437	.	*
NC_064038.1	13547650	13547900	peak33821	.	*
NC_064038.1	13579836	13580086	peak33850	.	*
NC_064038.1	13580900	13581150	peak33852	.	*
NC_064038.1	13813570	13813820	peak33931	.	*
NC_064038.1	15076987	15077237	peak34263	.	*
NC_064038.1	15078579	15078829	peak34265	.	*
NC_064038.1	15078961	15079211	peak34266	.	*
NC_064038.1	15079286	15079536	peak34267	.	*
NC_064038.1	15895992	15896242	peak34437	.	*
NC_064038.1	15903591	15903841	peak34440	.	*
NC_064038.1	15904840	15905090	peak34443	.	*
NC_064038.1	15905729	15905979	peak34444	.	*
NC_064038.1	17225571	17225821	peak34678	.	*
NC_064039.1	412194	412444	peak35145	.	*
NC_064039.1	552286	552536	peak35203	.	*
NC_064039.1	552563	552813	peak35204	.	*
NC_064039.1	601838	602088	peak35227	.	*
NC_064039.1	1011597	1011847	peak35383	.	*
NC_064039.1	1012398	1012648	peak35385	.	*
NC_064039.1	1095953	1096203	peak35429	.	*
NC_064039.1	1317607	1317857	peak35474	.	*
NC_064039.1	1322581	1322831	peak35477	.	*
NC_064039.1	1322905	1323155	peak35478	.	*
NC_064039.1	1323448	1323698	peak35479	.	*
NC_064039.1	1335796	1336046	peak35482	.	*
NC_064039.1	1336398	1336648	peak35483	.	*
NC_064039.1	1458698	1458948	peak35525	.	*
NC_064039.1	1523839	1524089	peak35544	.	*
NC_064039.1	1547554	1547804	peak35559	.	*
NC_064039.1	1904824	1905074	peak35670	.	*
NC_064039.1	2555381	2555631	peak35902	.	*
NC_064039.1	2676144	2676394	peak35962	.	*
NC_064039.1	2677646	2677896	peak35964	.	*
NC_064039.1	2819923	2820173	peak36030	.	*
NC_064039.1	2821479	2821729	peak36032	.	*
NC_064039.1	3019897	3020147	peak36104	.	*
NC_064039.1	3096768	3097018	peak36147	.	*
NC_064039.1	3482364	3482614	peak36279	.	*
NC_064039.1	3523658	3523908	peak36304	.	*
NC_064039.1	3600117	3600367	peak36341	.	*
NC_064039.1	3601625	3601875	peak36342	.	*
NC_064039.1	3617130	3617380	peak36355	.	*
NC_064039.1	3628033	3628283	peak36364	.	*
NC_064039.1	3629331	3629581	peak36366	.	*
NC_064039.1	3713434	3713684	peak36407	.	*
NC_064039.1	3717281	3717531	peak36413	.	*
NC_064039.1	3737657	3737907	peak36432	.	*
NC_064039.1	3741185	3741435	peak36438	.	*
NC_064039.1	3742691	3742941	peak36443	.	*
NC_064039.1	3743345	3743595	peak36445	.	*
NC_064039.1	3839566	3839816	peak36515	.	*
NC_064039.1	3841601	3841851	peak36520	.	*
NC_064039.1	3844244	3844494	peak36524	.	*
NC_064039.1	3845108	3845358	peak36526	.	*
NC_064039.1	4134627	4134877	peak36633	.	*
NC_064039.1	4135282	4135532	peak36634	.	*
NC_064039.1	4135582	4135832	peak36635	.	*
NC_064039.1	4135848	4136098	peak36636	.	*
NC_064039.1	4394966	4395216	peak36738	.	*
NC_064039.1	4646055	4646305	peak36826	.	*
NC_064039.1	4719881	4720131	peak36859	.	*
NC_064039.1	4720567	4720817	peak36860	.	*
NC_064039.1	4720970	4721220	peak36861	.	*
NC_064039.1	4725059	4725309	peak36869	.	*
NC_064039.1	4824046	4824296	peak36898	.	*
NC_064039.1	4825935	4826185	peak36901	.	*
NC_064039.1	4844457	4844707	peak36920	.	*
NC_064039.1	5018458	5018708	peak37009	.	*
NC_064039.1	5018753	5019003	peak37010	.	*
NC_064039.1	5020225	5020475	peak37012	.	*
NC_064039.1	5147616	5147866	peak37045	.	*
NC_064039.1	5155201	5155451	peak37050	.	*
NC_064039.1	5157280	5157530	peak37052	.	*
NC_064039.1	5790136	5790386	peak37298	.	*
NC_064039.1	6254737	6254987	peak37489	.	*
NC_064039.1	6274491	6274741	peak37506	.	*
NC_064039.1	6441123	6441373	peak37557	.	*
NC_064039.1	6821043	6821293	peak37793	.	*
NC_064039.1	6855797	6856047	peak37812	.	*
NC_064039.1	6900160	6900410	peak37835	.	*
NC_064039.1	6969978	6970228	peak37861	.	*
NC_064039.1	6986712	6986962	peak37871	.	*
NC_064039.1	6987821	6988071	peak37873	.	*
NC_064039.1	7088178	7088428	peak37931	.	*
NC_064039.1	7266058	7266308	peak38035	.	*
NC_064039.1	7317159	7317409	peak38058	.	*
NC_064039.1	7317481	7317731	peak38059	.	*
NC_064039.1	7319444	7319694	peak38062	.	*
NC_064039.1	7320886	7321136	peak38064	.	*
NC_064039.1	7322049	7322299	peak38066	.	*
NC_064039.1	7330648	7330898	peak38070	.	*
NC_064039.1	7331129	7331379	peak38071	.	*
NC_064039.1	7331394	7331644	peak38072	.	*
NC_064039.1	7332214	7332464	peak38073	.	*
NC_064039.1	7333468	7333718	peak38076	.	*
NC_064039.1	7334339	7334589	peak38077	.	*
NC_064039.1	7384318	7384568	peak38094	.	*
NC_064039.1	7385821	7386071	peak38096	.	*
NC_064039.1	7396907	7397157	peak38103	.	*
NC_064039.1	7397250	7397500	peak38104	.	*
NC_064039.1	7398127	7398377	peak38105	.	*
NC_064039.1	7694250	7694500	peak38215	.	*
NC_064039.1	7695730	7695980	peak38218	.	*
NC_064039.1	8165417	8165667	peak38379	.	*
NC_064039.1	8165687	8165937	peak38380	.	*
NC_064039.1	8167133	8167383	peak38383	.	*
NC_064039.1	8169171	8169421	peak38387	.	*
NC_064039.1	8169522	8169772	peak38388	.	*
NC_064039.1	8171173	8171423	peak38392	.	*
NC_064039.1	8359953	8360203	peak38439	.	*
NC_064039.1	8360796	8361046	peak38441	.	*
NC_064039.1	8361096	8361346	peak38442	.	*
NC_064039.1	8670451	8670701	peak38565	.	*
NC_064039.1	8969094	8969344	peak38679	.	*
NC_064039.1	8970792	8971042	peak38681	.	*
NC_064039.1	8993172	8993422	peak38691	.	*
NC_064039.1	9172712	9172962	peak38758	.	*
NC_064039.1	9175175	9175425	peak38762	.	*
NC_064039.1	9368810	9369060	peak38846	.	*
NC_064039.1	9370492	9370742	peak38848	.	*
NC_064039.1	9370965	9371215	peak38849	.	*
NC_064039.1	9536990	9537240	peak38917	.	*
NC_064039.1	9539255	9539505	peak38922	.	*
NC_064039.1	9597979	9598229	peak38945	.	*
NC_064039.1	9599291	9599541	peak38946	.	*
NC_064039.1	9732746	9732996	peak39021	.	*
NC_064039.1	9765882	9766132	peak39037	.	*
NC_064039.1	9773125	9773375	peak39047	.	*
NC_064039.1	9778115	9778365	peak39052	.	*
NC_064039.1	9794606	9794856	peak39056	.	*
NC_064039.1	9795264	9795514	peak39057	.	*
NC_064039.1	9795886	9796136	peak39058	.	*
NC_064039.1	10193725	10193975	peak39278	.	*
NC_064039.1	10197146	10197396	peak39283	.	*
NC_064039.1	10197510	10197760	peak39284	.	*
NC_064039.1	10354671	10354921	peak39350	.	*
NC_064039.1	10598463	10598713	peak39449	.	*
NC_064039.1	10928315	10928565	peak39570	.	*
NC_064039.1	11140934	11141184	peak39677	.	*
NC_064039.1	11142678	11142928	peak39680	.	*
NC_064039.1	11713321	11713571	peak39862	.	*
NC_064039.1	11713722	11713972	peak39863	.	*
NC_064039.1	11715674	11715924	peak39867	.	*
NC_064039.1	11839830	11840080	peak39980	.	*
NC_064039.1	11849250	11849500	peak39994	.	*
NC_064039.1	11849531	11849781	peak39995	.	*
NC_064039.1	11941702	11941952	peak40044	.	*
NC_064039.1	11945877	11946127	peak40054	.	*
NC_064039.1	11991351	11991601	peak40092	.	*
NC_064039.1	11991750	11992000	peak40093	.	*
NC_064039.1	11994033	11994283	peak40095	.	*
NC_064039.1	11994914	11995164	peak40097	.	*
NC_064039.1	11996660	11996910	peak40099	.	*
NC_064039.1	12005630	12005880	peak40102	.	*
NC_064039.1	12008035	12008285	peak40106	.	*
NC_064039.1	12008658	12008908	peak40108	.	*
NC_064039.1	12183021	12183271	peak40185	.	*
NC_064039.1	12183627	12183877	peak40186	.	*
NC_064039.1	12362360	12362610	peak40248	.	*
NC_064039.1	12363521	12363771	peak40251	.	*
NC_064039.1	12392061	12392311	peak40260	.	*
NC_064039.1	12591062	12591312	peak40331	.	*
NC_064039.1	12604379	12604629	peak40344	.	*
NC_064039.1	12744387	12744637	peak40437	.	*
NC_064039.1	12833353	12833603	peak40473	.	*
NC_064039.1	12834170	12834420	peak40475	.	*
NC_064039.1	12926630	12926880	peak40501	.	*
NC_064039.1	12987659	12987909	peak40525	.	*
NC_064039.1	13112270	13112520	peak40580	.	*
NC_064039.1	13484265	13484515	peak40696	.	*
NC_064039.1	13484534	13484784	peak40697	.	*
NC_064039.1	13485091	13485341	peak40699	.	*
NC_064039.1	13495919	13496169	peak40702	.	*
NC_064039.1	13863380	13863630	peak40797	.	*
NC_064039.1	14565838	14566088	peak41072	.	*
NC_064039.1	14566494	14566744	peak41073	.	*
NC_064039.1	14811987	14812237	peak41157	.	*
NC_064039.1	14849123	14849373	peak41169	.	*
NC_064039.1	14995838	14996088	peak41204	.	*
NC_064039.1	14996360	14996610	peak41205	.	*
NC_064039.1	14998116	14998366	peak41208	.	*
NC_064039.1	15077134	15077384	peak41233	.	*
NC_064039.1	15079132	15079382	peak41237	.	*
NC_064039.1	15445186	15445436	peak41389	.	*
NC_064039.1	15447486	15447736	peak41390	.	*
NC_064039.1	15869987	15870237	peak41493	.	*
NC_064039.1	16964341	16964591	peak41735	.	*
NC_064039.1	16968395	16968645	peak41743	.	*
NC_064039.1	16969590	16969840	peak41744	.	*
NC_064039.1	17139670	17139920	peak41796	.	*
NC_064040.1	1282615	1282865	peak41983	.	*
NC_064040.1	1283639	1283889	peak41984	.	*
NC_064040.1	1284468	1284718	peak41985	.	*
NC_064040.1	1287093	1287343	peak41990	.	*
NC_064040.1	1669578	1669828	peak42127	.	*
NC_064040.1	1712545	1712795	peak42151	.	*
NC_064040.1	1783680	1783930	peak42179	.	*
NC_064040.1	1784555	1784805	peak42180	.	*
NC_064040.1	1785421	1785671	peak42181	.	*
NC_064040.1	1786589	1786839	peak42183	.	*
NC_064040.1	3626173	3626423	peak42664	.	*
NC_064040.1	3713786	3714036	peak42687	.	*
NC_064040.1	4129132	4129382	peak42828	.	*
NC_064040.1	4375330	4375580	peak42917	.	*
NC_064040.1	4376184	4376434	peak42919	.	*
NC_064040.1	4376827	4377077	peak42920	.	*
NC_064040.1	4786246	4786496	peak43101	.	*
NC_064040.1	4877772	4878022	peak43157	.	*
NC_064040.1	5040470	5040720	peak43207	.	*
NC_064040.1	5473863	5474113	peak43365	.	*
NC_064040.1	5475380	5475630	peak43368	.	*
NC_064040.1	5475790	5476040	peak43369	.	*
NC_064040.1	5616190	5616440	peak43456	.	*
NC_064040.1	5618734	5618984	peak43460	.	*
NC_064040.1	5621525	5621775	peak43465	.	*
NC_064040.1	5621928	5622178	peak43466	.	*
NC_064040.1	5750814	5751064	peak43518	.	*
NC_064040.1	5910400	5910650	peak43564	.	*
NC_064040.1	5910740	5910990	peak43565	.	*
NC_064040.1	6061163	6061413	peak43635	.	*
NC_064040.1	6407854	6408104	peak43768	.	*
NC_064040.1	6408722	6408972	peak43770	.	*
NC_064040.1	6414082	6414332	peak43780	.	*
NC_064040.1	6481440	6481690	peak43800	.	*
NC_064040.1	6482036	6482286	peak43801	.	*
NC_064040.1	6567295	6567545	peak43819	.	*
NC_064040.1	6570159	6570409	peak43821	.	*
NC_064040.1	6571175	6571425	peak43822	.	*
NC_064040.1	6588776	6589026	peak43841	.	*
NC_064040.1	6591892	6592142	peak43842	.	*
NC_064040.1	6592919	6593169	peak43843	.	*
NC_064040.1	6593860	6594110	peak43845	.	*
NC_064040.1	6667245	6667495	peak43865	.	*
NC_064040.1	7170156	7170406	peak44043	.	*
NC_064040.1	7177638	7177888	peak44048	.	*
NC_064040.1	7178423	7178673	peak44049	.	*
NC_064040.1	7178842	7179092	peak44050	.	*
NC_064040.1	7244101	7244351	peak44099	.	*
NC_064040.1	7496772	7497022	peak44177	.	*
NC_064040.1	7497333	7497583	peak44178	.	*
NC_064040.1	7602260	7602510	peak44228	.	*
NC_064040.1	7603068	7603318	peak44230	.	*
NC_064040.1	7923142	7923392	peak44365	.	*
NC_064040.1	8006287	8006537	peak44407	.	*
NC_064040.1	8289486	8289736	peak44552	.	*
NC_064040.1	8424356	8424606	peak44608	.	*
NC_064040.1	8798551	8798801	peak44755	.	*
NC_064040.1	8881280	8881530	peak44816	.	*
NC_064040.1	8927663	8927913	peak44838	.	*
NC_064040.1	9308690	9308940	peak44963	.	*
NC_064040.1	9308963	9309213	peak44964	.	*
NC_064040.1	9309616	9309866	peak44965	.	*
NC_064040.1	9361715	9361965	peak44975	.	*
NC_064040.1	9368239	9368489	peak44977	.	*
NC_064040.1	9412638	9412888	peak44992	.	*
NC_064040.1	9674300	9674550	peak45096	.	*
NC_064040.1	9757958	9758208	peak45112	.	*
NC_064040.1	9758870	9759120	peak45113	.	*
NC_064040.1	9764567	9764817	peak45119	.	*
NC_064040.1	9765541	9765791	peak45121	.	*
NC_064040.1	9767634	9767884	peak45125	.	*
NC_064040.1	9768038	9768288	peak45126	.	*
NC_064040.1	9867481	9867731	peak45171	.	*
NC_064040.1	9869451	9869701	peak45175	.	*
NC_064040.1	9872399	9872649	peak45182	.	*
NC_064040.1	9873831	9874081	peak45186	.	*
NC_064040.1	9951227	9951477	peak45218	.	*
NC_064040.1	9953540	9953790	peak45221	.	*
NC_064040.1	10828413	10828663	peak45480	.	*
NC_064040.1	11081220	11081470	peak45574	.	*
NC_064040.1	11188012	11188262	peak45641	.	*
NC_064040.1	11801878	11802128	peak45867	.	*
NC_064040.1	11859342	11859592	peak45884	.	*
NC_064040.1	12074310	12074560	peak45979	.	*
NC_064040.1	13015153	13015403	peak46306	.	*
NC_064040.1	13016286	13016536	peak46307	.	*
NC_064040.1	13016575	13016825	peak46308	.	*
NC_064040.1	13117903	13118153	peak46333	.	*
NC_064040.1	13147915	13148165	peak46346	.	*
NC_064040.1	13441864	13442114	peak46456	.	*
NC_064040.1	13790042	13790292	peak46537	.	*
NC_064040.1	13791096	13791346	peak46540	.	*
NC_064040.1	13798686	13798936	peak46543	.	*
NC_064040.1	13799063	13799313	peak46544	.	*
NC_064040.1	14263721	14263971	peak46769	.	*
NC_064040.1	14524166	14524416	peak46828	.	*
NC_064040.1	14525485	14525735	peak46830	.	*
NC_064040.1	14529052	14529302	peak46835	.	*
NC_064040.1	14562360	14562610	peak46854	.	*
NC_064040.1	14563109	14563359	peak46856	.	*
NC_064040.1	15109674	15109924	peak47021	.	*
NC_064040.1	15157141	15157390	peak47028	.	*
NC_064040.1	15270043	15270293	peak47063	.	*
NC_064040.1	15330249	15330499	peak47074	.	*
NC_064040.1	15381296	15381546	peak47096	.	*
NC_064040.1	15385011	15385261	peak47099	.	*
NC_064040.1	15385489	15385739	peak47100	.	*
NC_064040.1	15398192	15398442	peak47104	.	*
NC_064040.1	15400516	15400766	peak47105	.	*
NC_064040.1	15417063	15417313	peak47110	.	*
NC_064040.1	15417813	15418063	peak47111	.	*
NC_064040.1	15418983	15419233	peak47113	.	*
NC_064040.1	16448644	16448894	peak47385	.	*
NC_064040.1	16449391	16449641	peak47386	.	*
NC_064040.1	17131842	17132092	peak47626	.	*
NC_064040.1	17307575	17307825	peak47656	.	*
NC_064041.1	400268	400518	peak47927	.	*
NC_064041.1	401505	401755	peak47930	.	*
NC_064041.1	646834	647084	peak48030	.	*
NC_064041.1	652604	652854	peak48036	.	*
NC_064041.1	1424094	1424344	peak48208	.	*
NC_064041.1	1482925	1483175	peak48232	.	*
NC_064041.1	2001743	2001993	peak48387	.	*
NC_064041.1	2003409	2003659	peak48389	.	*
NC_064041.1	2003872	2004122	peak48390	.	*
NC_064041.1	2307646	2307896	peak48478	.	*
NC_064041.1	3431775	3432025	peak48785	.	*
NC_064041.1	3432954	3433204	peak48786	.	*
NC_064041.1	3433243	3433493	peak48787	.	*
NC_064041.1	3434596	3434846	peak48788	.	*
NC_064041.1	3435365	3435615	peak48789	.	*
NC_064041.1	3577449	3577699	peak48855	.	*
NC_064041.1	3577758	3578008	peak48856	.	*
NC_064041.1	3600115	3600365	peak48871	.	*
NC_064041.1	3607576	3607826	peak48873	.	*
NC_064041.1	3643135	3643385	peak48889	.	*
NC_064041.1	3643832	3644082	peak48890	.	*
NC_064041.1	3645429	3645679	peak48893	.	*
NC_064041.1	3716252	3716502	peak48917	.	*
NC_064041.1	3725139	3725389	peak48919	.	*
NC_064041.1	3729587	3729836	peak48926	.	*
NC_064041.1	3729877	3730127	peak48927	.	*
NC_064041.1	3730412	3730662	peak48928	.	*
NC_064041.1	3730725	3730975	peak48929	.	*
NC_064041.1	3731071	3731321	peak48930	.	*
NC_064041.1	3731771	3732021	peak48931	.	*
NC_064041.1	3769743	3769993	peak48945	.	*
NC_064041.1	3770827	3771077	peak48947	.	*
NC_064041.1	3965610	3965860	peak49009	.	*
NC_064041.1	4282725	4282975	peak49088	.	*
NC_064041.1	4287447	4287697	peak49094	.	*
NC_064041.1	4288216	4288466	peak49096	.	*
NC_064041.1	4761140	4761390	peak49215	.	*
NC_064041.1	4948561	4948811	peak49302	.	*
NC_064041.1	5223372	5223622	peak49399	.	*
NC_064041.1	5281368	5281618	peak49422	.	*
NC_064041.1	5443507	5443757	peak49466	.	*
NC_064041.1	5449492	5449742	peak49468	.	*
NC_064041.1	6418469	6418719	peak49796	.	*
NC_064041.1	6495994	6496244	peak49813	.	*
NC_064041.1	7330201	7330451	peak50064	.	*
NC_064041.1	7340650	7340900	peak50071	.	*
NC_064041.1	7353201	7353451	peak50077	.	*
NC_064041.1	7356645	7356895	peak50081	.	*
NC_064041.1	7379178	7379428	peak50092	.	*
NC_064041.1	7379900	7380150	peak50094	.	*
NC_064041.1	7381137	7381387	peak50096	.	*
NC_064041.1	7485466	7485716	peak50130	.	*
NC_064041.1	8554926	8555176	peak50387	.	*
NC_064041.1	8585974	8586224	peak50399	.	*
NC_064041.1	8586284	8586534	peak50400	.	*
NC_064041.1	8586951	8587201	peak50401	.	*
NC_064041.1	8676937	8677187	peak50429	.	*
NC_064041.1	8734080	8734330	peak50449	.	*
NC_064041.1	8734954	8735204	peak50450	.	*
NC_064041.1	8736211	8736461	peak50452	.	*
NC_064041.1	8738706	8738956	peak50456	.	*
NC_064041.1	9012795	9013045	peak50546	.	*
NC_064041.1	9013231	9013481	peak50547	.	*
NC_064041.1	9030675	9030925	peak50557	.	*
NC_064041.1	9059475	9059725	peak50564	.	*
NC_064041.1	9060012	9060262	peak50565	.	*
NC_064041.1	9060952	9061202	peak50568	.	*
NC_064041.1	9516377	9516627	peak50668	.	*
NC_064041.1	9564852	9565102	peak50686	.	*
NC_064041.1	9720061	9720311	peak50731	.	*
NC_064041.1	10311277	10311527	peak50823	.	*
NC_064041.1	10311598	10311848	peak50824	.	*
NC_064041.1	10397498	10397748	peak50857	.	*
NC_064041.1	10403629	10403879	peak50864	.	*
NC_064041.1	10813917	10814167	peak50990	.	*
NC_064041.1	10818384	10818634	peak50992	.	*
NC_064041.1	10819310	10819560	peak50994	.	*
NC_064041.1	10821092	10821342	peak50996	.	*
NC_064041.1	10879076	10879326	peak51021	.	*
NC_064041.1	10881501	10881751	peak51023	.	*
NC_064041.1	10881753	10882003	peak51024	.	*
NC_064041.1	10882248	10882498	peak51025	.	*
NC_064041.1	10882514	10882764	peak51026	.	*
NC_064041.1	10883830	10884080	peak51027	.	*
NC_064041.1	10884376	10884626	peak51028	.	*
NC_064041.1	11095435	11095685	peak51132	.	*
NC_064041.1	11096052	11096302	peak51133	.	*
NC_064041.1	11330524	11330774	peak51233	.	*
NC_064041.1	11498662	11498912	peak51295	.	*
NC_064041.1	11499459	11499709	peak51296	.	*
NC_064041.1	11653920	11654170	peak51353	.	*
NC_064041.1	11663785	11664035	peak51356	.	*
NC_064041.1	12690758	12691008	peak51456	.	*
NC_064041.1	12692597	12692847	peak51459	.	*
NC_064041.1	13536468	13536717	peak51752	.	*
NC_064041.1	13708134	13708384	peak51829	.	*
NC_064041.1	14352977	14353227	peak52011	.	*
NC_064041.1	14366618	14366868	peak52019	.	*
NC_064041.1	14402198	14402448	peak52038	.	*
NC_064041.1	14547149	14547399	peak52105	.	*
NC_064041.1	14649448	14649698	peak52156	.	*
NC_064041.1	14758639	14758889	peak52197	.	*
NC_064041.1	14759413	14759663	peak52199	.	*
NC_064041.1	14852878	14853128	peak52239	.	*
NC_064041.1	14980425	14980675	peak52271	.	*
NC_064041.1	15177880	15178130	peak52329	.	*
NC_064041.1	16002731	16002981	peak52503	.	*
NC_064041.1	16003366	16003616	peak52504	.	*
NC_064041.1	16003638	16003888	peak52505	.	*
NC_064041.1	16004658	16004908	peak52507	.	*
NC_064041.1	16162588	16162838	peak52569	.	*
NC_064041.1	16320424	16320674	peak52617	.	*
NC_064041.1	16320717	16320967	peak52618	.	*
NC_064041.1	16320880	16321129	peak52619	.	*
NC_064042.1	1018624	1018874	peak53102	.	*
NC_064042.1	1020341	1020591	peak53104	.	*
NC_064042.1	1021463	1021713	peak53106	.	*
NC_064042.1	1338346	1338596	peak53251	.	*
NC_064042.1	1751260	1751510	peak53429	.	*
NC_064042.1	2382512	2382762	peak53632	.	*
NC_064042.1	2384061	2384311	peak53634	.	*
NC_064042.1	2507032	2507282	peak53671	.	*
NC_064042.1	2508286	2508536	peak53672	.	*
NC_064042.1	2635287	2635537	peak53720	.	*
NC_064042.1	2635577	2635827	peak53721	.	*
NC_064042.1	2635986	2636236	peak53722	.	*
NC_064042.1	2653663	2653913	peak53730	.	*
NC_064042.1	2654599	2654849	peak53731	.	*
NC_064042.1	2676260	2676510	peak53739	.	*
NC_064042.1	2677782	2678032	peak53741	.	*
NC_064042.1	2737283	2737533	peak53750	.	*
NC_064042.1	2753063	2753313	peak53754	.	*
NC_064042.1	2764087	2764337	peak53759	.	*
NC_064042.1	2764449	2764699	peak53760	.	*
NC_064042.1	3130407	3130657	peak53918	.	*
NC_064042.1	3130780	3131030	peak53919	.	*
NC_064042.1	3131798	3132048	peak53920	.	*
NC_064042.1	3132387	3132637	peak53921	.	*
NC_064042.1	3134073	3134323	peak53923	.	*
NC_064042.1	4666562	4666812	peak54415	.	*
NC_064042.1	4690737	4690987	peak54428	.	*
NC_064042.1	5266805	5267055	peak54629	.	*
NC_064042.1	5267962	5268212	peak54631	.	*
NC_064042.1	5276108	5276358	peak54638	.	*
NC_064042.1	5287729	5287979	peak54647	.	*
NC_064042.1	5365066	5365316	peak54685	.	*
NC_064042.1	5377139	5377389	peak54695	.	*
NC_064042.1	5488679	5488929	peak54730	.	*
NC_064042.1	5757693	5757943	peak54861	.	*
NC_064042.1	5764845	5765095	peak54865	.	*
NC_064042.1	5765185	5765435	peak54866	.	*
NC_064042.1	5796968	5797218	peak54878	.	*
NC_064042.1	5800459	5800708	peak54882	.	*
NC_064042.1	6722706	6722956	peak55144	.	*
NC_064042.1	6723583	6723833	peak55145	.	*
NC_064042.1	6727769	6728019	peak55150	.	*
NC_064042.1	6729104	6729354	peak55153	.	*
NC_064042.1	6732367	6732617	peak55161	.	*
NC_064042.1	7213725	7213975	peak55332	.	*
NC_064042.1	7214108	7214358	peak55333	.	*
NC_064042.1	7677732	7677982	peak55498	.	*
NC_064042.1	7678332	7678582	peak55499	.	*
NC_064042.1	7678632	7678882	peak55500	.	*
NC_064042.1	7682909	7683159	peak55507	.	*
NC_064042.1	7863139	7863389	peak55601	.	*
NC_064042.1	7889435	7889685	peak55613	.	*
NC_064042.1	8360284	8360534	peak55774	.	*
NC_064042.1	8930021	8930271	peak55997	.	*
NC_064042.1	8930295	8930545	peak55998	.	*
NC_064042.1	8931693	8931943	peak56001	.	*
NC_064042.1	9090929	9091179	peak56052	.	*
NC_064042.1	9092261	9092511	peak56053	.	*
NC_064042.1	9240392	9240642	peak56115	.	*
NC_064042.1	9615026	9615276	peak56244	.	*
NC_064042.1	9968986	9969236	peak56339	.	*
NC_064042.1	9969415	9969665	peak56340	.	*
NC_064042.1	10162300	10162550	peak56427	.	*
NC_064042.1	10164219	10164469	peak56430	.	*
NC_064042.1	10344414	10344664	peak56460	.	*
NC_064042.1	10787227	10787477	peak56638	.	*
NC_064042.1	10789997	10790247	peak56640	.	*
NC_064042.1	11085866	11086116	peak56739	.	*
NC_064042.1	11086133	11086383	peak56740	.	*
NC_064042.1	11086640	11086890	peak56741	.	*
NC_064042.1	11087964	11088214	peak56742	.	*
NC_064042.1	11088565	11088815	peak56743	.	*
NC_064042.1	11088816	11089066	peak56744	.	*
NC_064042.1	11110630	11110880	peak56751	.	*
NC_064042.1	11110812	11111061	peak56752	.	*
NC_064042.1	11305731	11305981	peak56801	.	*
NC_064042.1	11998038	11998288	peak57018	.	*
NC_064042.1	11999823	12000073	peak57023	.	*
NC_064042.1	12012850	12013100	peak57038	.	*
NC_064042.1	12399201	12399451	peak57135	.	*
NC_064042.1	12696088	12696338	peak57223	.	*
NC_064042.1	12819296	12819546	peak57293	.	*
NC_064042.1	12833568	12833818	peak57302	.	*
NC_064042.1	13022107	13022357	peak57369	.	*
NC_064042.1	14724878	14725128	peak57956	.	*
NC_064042.1	15437713	15437963	peak58208	.	*
NC_064042.1	16523827	16524077	peak58546	.	*
NC_064042.1	16527138	16527388	peak58550	.	*
NC_064043.1	1563309	1563559	peak58750	.	*
NC_064043.1	1563763	1564013	peak58752	.	*
NC_064043.1	1881607	1881857	peak58878	.	*
NC_064043.1	1931829	1932079	peak58899	.	*
NC_064043.1	2232384	2232634	peak59038	.	*
NC_064043.1	2393937	2394187	peak59084	.	*
NC_064043.1	2394396	2394646	peak59085	.	*
NC_064043.1	2827896	2828146	peak59283	.	*
NC_064043.1	3936185	3936435	peak59683	.	*
NC_064043.1	3940211	3940461	peak59693	.	*
NC_064043.1	3995348	3995598	peak59736	.	*
NC_064043.1	3996002	3996252	peak59737	.	*
NC_064043.1	4043152	4043402	peak59760	.	*
NC_064043.1	4044079	4044329	peak59762	.	*
NC_064043.1	4046680	4046930	peak59764	.	*
NC_064043.1	4046992	4047242	peak59765	.	*
NC_064043.1	4047803	4048053	peak59766	.	*
NC_064043.1	4048441	4048691	peak59767	.	*
NC_064043.1	4048820	4049070	peak59768	.	*
NC_064043.1	4112061	4112311	peak59795	.	*
NC_064043.1	4112633	4112883	peak59797	.	*
NC_064043.1	4113760	4114010	peak59799	.	*
NC_064043.1	4155085	4155335	peak59809	.	*
NC_064043.1	5533073	5533323	peak60409	.	*
NC_064043.1	5749306	5749556	peak60496	.	*
NC_064043.1	5821986	5822236	peak60529	.	*
NC_064043.1	5822664	5822914	peak60530	.	*
NC_064043.1	5990059	5990309	peak60687	.	*
NC_064043.1	6061420	6061670	peak60715	.	*
NC_064043.1	6403468	6403718	peak60877	.	*
NC_064043.1	6405599	6405849	peak60878	.	*
NC_064043.1	6502025	6502275	peak60968	.	*
NC_064043.1	6569456	6569706	peak60991	.	*
NC_064043.1	6787580	6787830	peak61102	.	*
NC_064043.1	6807876	6808126	peak61110	.	*
NC_064043.1	7075288	7075538	peak61188	.	*
NC_064043.1	7303904	7304154	peak61291	.	*
NC_064043.1	7498628	7498878	peak61348	.	*
NC_064043.1	7707368	7707618	peak61440	.	*
NC_064043.1	7709166	7709416	peak61442	.	*
NC_064043.1	7709727	7709977	peak61443	.	*
NC_064043.1	7710389	7710639	peak61444	.	*
NC_064043.1	8175687	8175937	peak61654	.	*
NC_064043.1	8176705	8176955	peak61656	.	*
NC_064043.1	8234344	8234594	peak61696	.	*
NC_064043.1	8235130	8235380	peak61698	.	*
NC_064043.1	8235459	8235709	peak61699	.	*
NC_064043.1	8259747	8259997	peak61702	.	*
NC_064043.1	8334510	8334760	peak61728	.	*
NC_064043.1	8346828	8347078	peak61734	.	*
NC_064043.1	8504577	8504827	peak61793	.	*
NC_064043.1	8757042	8757292	peak61875	.	*
NC_064043.1	8757352	8757602	peak61876	.	*
NC_064043.1	9012206	9012456	peak61982	.	*
NC_064043.1	9023429	9023679	peak61990	.	*
NC_064043.1	9107002	9107252	peak62016	.	*
NC_064043.1	9168732	9168982	peak62036	.	*
NC_064043.1	9379374	9379624	peak62134	.	*
NC_064043.1	9381284	9381534	peak62139	.	*
NC_064043.1	9441501	9441751	peak62157	.	*
NC_064043.1	9543401	9543651	peak62183	.	*
NC_064043.1	9623252	9623502	peak62204	.	*
NC_064043.1	9718805	9719055	peak62248	.	*
NC_064043.1	10381561	10381811	peak62464	.	*
NC_064043.1	10382045	10382295	peak62466	.	*
NC_064043.1	10382349	10382599	peak62467	.	*
NC_064043.1	10383876	10384126	peak62470	.	*
NC_064043.1	10395532	10395782	peak62484	.	*
NC_064043.1	10396446	10396696	peak62486	.	*
NC_064043.1	10399502	10399752	peak62492	.	*
NC_064043.1	10399839	10400089	peak62493	.	*
NC_064043.1	10659191	10659441	peak62590	.	*
NC_064043.1	10659785	10660035	peak62591	.	*
NC_064043.1	10660573	10660823	peak62592	.	*
NC_064043.1	10661021	10661271	peak62593	.	*
NC_064043.1	10751040	10751290	peak62641	.	*
NC_064043.1	10753207	10753457	peak62647	.	*
NC_064043.1	11161660	11161910	peak62838	.	*
NC_064043.1	11445988	11446238	peak62946	.	*
NC_064043.1	11692910	11693160	peak63010	.	*
NC_064043.1	11756051	11756301	peak63058	.	*
NC_064043.1	11758310	11758560	peak63062	.	*
NC_064043.1	11767088	11767338	peak63067	.	*
NC_064043.1	11768278	11768528	peak63069	.	*
NC_064043.1	12138465	12138715	peak63181	.	*
NC_064043.1	12146998	12147248	peak63183	.	*
NC_064043.1	12147869	12148119	peak63184	.	*
NC_064043.1	12242622	12242872	peak63230	.	*
NC_064043.1	12244371	12244621	peak63232	.	*
NC_064043.1	12244764	12245014	peak63233	.	*
NC_064043.1	12310939	12311189	peak63254	.	*
NC_064043.1	12321677	12321927	peak63259	.	*
NC_064043.1	12321968	12322218	peak63260	.	*
NC_064043.1	12325052	12325302	peak63261	.	*
NC_064043.1	12412445	12412695	peak63288	.	*
NC_064043.1	12668102	12668352	peak63428	.	*
NC_064043.1	12863358	12863608	peak63517	.	*
NC_064043.1	12864011	12864261	peak63518	.	*
NC_064043.1	13110167	13110417	peak63598	.	*
NC_064043.1	13533043	13533293	peak63734	.	*
NC_064043.1	13533308	13533558	peak63735	.	*
NC_064043.1	13533934	13534184	peak63737	.	*
NC_064043.1	13542776	13543026	peak63746	.	*
NC_064043.1	13543092	13543342	peak63747	.	*
NC_064043.1	13543731	13543981	peak63748	.	*
NC_064043.1	13715565	13715815	peak63842	.	*
NC_064043.1	13728210	13728460	peak63848	.	*
NC_064043.1	13761521	13761771	peak63885	.	*
NC_064043.1	13762956	13763206	peak63888	.	*
NC_064043.1	14429931	14430181	peak64162	.	*
NC_064043.1	14490247	14490497	peak64174	.	*
NC_064043.1	14491357	14491607	peak64175	.	*
NC_064043.1	14904442	14904692	peak64314	.	*
NC_064043.1	15761254	15761504	peak64613	.	*
NC_064044.1	1072410	1072660	peak64878	.	*
NC_064044.1	2909697	2909947	peak65059	.	*
NC_064044.1	3175159	3175409	peak65139	.	*
NC_064044.1	3175715	3175965	peak65140	.	*
NC_064044.1	3208007	3208257	peak65151	.	*
NC_064044.1	3208666	3208916	peak65152	.	*
NC_064044.1	3209199	3209449	peak65153	.	*
NC_064044.1	3210737	3210987	peak65155	.	*
NC_064044.1	4181211	4181461	peak65512	.	*
NC_064044.1	4215357	4215607	peak65519	.	*
NC_064044.1	4217612	4217862	peak65522	.	*
NC_064044.1	4218433	4218683	peak65523	.	*
NC_064044.1	4344745	4344995	peak65580	.	*
NC_064044.1	4761210	4761460	peak65695	.	*
NC_064044.1	4813519	4813769	peak65725	.	*
NC_064044.1	4813876	4814126	peak65726	.	*
NC_064044.1	6527180	6527430	peak66189	.	*
NC_064044.1	6619166	6619416	peak66222	.	*
NC_064044.1	6640235	6640485	peak66233	.	*
NC_064044.1	6858989	6859239	peak66322	.	*
NC_064044.1	7002200	7002450	peak66367	.	*
NC_064044.1	7052044	7052294	peak66381	.	*
NC_064044.1	7052606	7052856	peak66382	.	*
NC_064044.1	7386210	7386460	peak66507	.	*
NC_064044.1	7399211	7399461	peak66515	.	*
NC_064044.1	7402998	7403248	peak66520	.	*
NC_064044.1	7611084	7611334	peak66600	.	*
NC_064044.1	7611386	7611636	peak66601	.	*
NC_064044.1	7612117	7612367	peak66602	.	*
NC_064044.1	7612548	7612798	peak66603	.	*
NC_064044.1	7615822	7616072	peak66608	.	*
NC_064044.1	7733083	7733333	peak66654	.	*
NC_064044.1	7736308	7736558	peak66660	.	*
NC_064044.1	8206260	8206510	peak66831	.	*
NC_064044.1	8206980	8207230	peak66832	.	*
NC_064044.1	8207282	8207532	peak66833	.	*
NC_064044.1	8207958	8208208	peak66834	.	*
NC_064044.1	8212701	8212951	peak66835	.	*
NC_064044.1	8420473	8420723	peak66923	.	*
NC_064044.1	8421311	8421561	peak66925	.	*
NC_064044.1	8444299	8444549	peak66947	.	*
NC_064044.1	8449722	8449972	peak66949	.	*
NC_064044.1	8621321	8621571	peak67011	.	*
NC_064044.1	8622758	8623008	peak67015	.	*
NC_064044.1	8802838	8803088	peak67069	.	*
NC_064044.1	9297865	9298115	peak67215	.	*
NC_064044.1	9298186	9298436	peak67216	.	*
NC_064044.1	9749375	9749625	peak67391	.	*
NC_064044.1	9750550	9750800	peak67393	.	*
NC_064044.1	9881697	9881947	peak67432	.	*
NC_064044.1	9882197	9882447	peak67433	.	*
NC_064044.1	10557849	10558099	peak67607	.	*
NC_064044.1	10611071	10611321	peak67626	.	*
NC_064044.1	10636107	10636357	peak67635	.	*
NC_064044.1	10836198	10836448	peak67688	.	*
NC_064044.1	12059011	12059261	peak68119	.	*
NC_064044.1	12059532	12059782	peak68120	.	*
NC_064044.1	12113728	12113978	peak68149	.	*
NC_064044.1	12363528	12363778	peak68267	.	*
NC_064044.1	12364264	12364514	peak68268	.	*
NC_064044.1	12612180	12612430	peak68368	.	*
NC_064044.1	12792168	12792418	peak68446	.	*
NC_064044.1	12792905	12793154	peak68448	.	*
NC_064044.1	12793072	12793322	peak68449	.	*
NC_064044.1	12843610	12843860	peak68462	.	*
NC_064044.1	12844654	12844904	peak68464	.	*
NC_064044.1	12845930	12846180	peak68467	.	*
NC_064044.1	12870728	12870978	peak68479	.	*
NC_064044.1	12874258	12874508	peak68485	.	*
NC_064044.1	12875390	12875640	peak68486	.	*
NC_064044.1	13097710	13097960	peak68554	.	*
NC_064044.1	13106565	13106815	peak68557	.	*
NC_064044.1	13107319	13107569	peak68558	.	*
NC_064044.1	13259051	13259301	peak68620	.	*
NC_064044.1	13270572	13270822	peak68623	.	*
NC_064044.1	14710015	14710265	peak68998	.	*
NC_064044.1	14710364	14710614	peak68999	.	*
NC_064044.1	14713765	14714015	peak69001	.	*
NC_064044.1	14714346	14714596	peak69003	.	*
NC_064044.1	14714632	14714882	peak69004	.	*
NC_064044.1	14715406	14715656	peak69005	.	*
NC_064044.1	14717438	14717688	peak69010	.	*
NC_064044.1	14717718	14717968	peak69011	.	*
NC_064044.1	14719568	14719818	peak69013	.	*
NC_064044.1	14720457	14720707	peak69015	.	*
NC_064044.1	15844513	15844763	peak69243	.	*
NC_064044.1	15868966	15869216	peak69247	.	*
NC_064044.1	15884910	15885160	peak69259	.	*
NC_064044.1	15885753	15886003	peak69261	.	*
NC_064044.1	15931857	15932107	peak69282	.	*
NC_064044.1	15937750	15938000	peak69287	.	*
NC_064044.1	15938973	15939223	peak69288	.	*
NC_064045.1	1714639	1714889	peak69572	.	*
NC_064045.1	1769206	1769456	peak69594	.	*
NC_064045.1	1769951	1770201	peak69596	.	*
NC_064045.1	1770241	1770491	peak69597	.	*
NC_064045.1	3038107	3038357	peak69873	.	*
NC_064045.1	3397447	3397697	peak70018	.	*
NC_064045.1	3459180	3459430	peak70077	.	*
NC_064045.1	3459578	3459828	peak70078	.	*
NC_064045.1	3732021	3732271	peak70153	.	*
NC_064045.1	3732450	3732700	peak70154	.	*
NC_064045.1	3733376	3733626	peak70156	.	*
NC_064045.1	3735315	3735565	peak70159	.	*
NC_064045.1	3735595	3735845	peak70160	.	*
NC_064045.1	4060119	4060369	peak70291	.	*
NC_064045.1	4063617	4063867	peak70298	.	*
NC_064045.1	4212529	4212779	peak70367	.	*
NC_064045.1	4874646	4874896	peak70629	.	*
NC_064045.1	5448966	5449216	peak70845	.	*
NC_064045.1	5821102	5821352	peak70967	.	*
NC_064045.1	6226242	6226492	peak71113	.	*
NC_064045.1	6227338	6227588	peak71115	.	*
NC_064045.1	6725290	6725540	peak71275	.	*
NC_064045.1	6726080	6726330	peak71276	.	*
NC_064045.1	6726898	6727148	peak71277	.	*
NC_064045.1	6727409	6727659	peak71278	.	*
NC_064045.1	6965065	6965315	peak71372	.	*
NC_064045.1	7096116	7096366	peak71423	.	*
NC_064045.1	7096538	7096788	peak71424	.	*
NC_064045.1	8163877	8164127	peak71622	.	*
NC_064045.1	8246706	8246956	peak71653	.	*
NC_064045.1	8249884	8250134	peak71661	.	*
NC_064045.1	8252348	8252598	peak71665	.	*
NC_064045.1	8321699	8321949	peak71688	.	*
NC_064045.1	8866151	8866401	peak71851	.	*
NC_064045.1	8868256	8868506	peak71853	.	*
NC_064045.1	8868902	8869152	peak71854	.	*
NC_064045.1	9007382	9007632	peak71905	.	*
NC_064045.1	9183857	9184106	peak71960	.	*
NC_064045.1	9184024	9184274	peak71961	.	*
NC_064045.1	9408680	9408930	peak72023	.	*
NC_064045.1	9589496	9589746	peak72109	.	*
NC_064045.1	9908726	9908976	peak72224	.	*
NC_064045.1	10266941	10267191	peak72345	.	*
NC_064045.1	10267317	10267567	peak72346	.	*
NC_064045.1	10870807	10871057	peak72525	.	*
NC_064045.1	11882646	11882896	peak72833	.	*
NC_064045.1	11882920	11883170	peak72834	.	*
NC_064045.1	11883516	11883766	peak72835	.	*
NC_064045.1	11996458	11996708	peak72875	.	*
NC_064045.1	11996856	11997106	peak72876	.	*
NC_064045.1	12106978	12107228	peak72917	.	*
NC_064045.1	12299308	12299558	peak72978	.	*
NC_064045.1	12301544	12301794	peak72982	.	*
NC_064045.1	12329302	12329552	peak72992	.	*
NC_064045.1	12330166	12330416	peak72994	.	*
NC_064045.1	12331086	12331336	peak72996	.	*
NC_064045.1	12332618	12332868	peak72998	.	*
NC_064045.1	12333012	12333262	peak72999	.	*
NC_064045.1	12476161	12476411	peak73066	.	*
NC_064045.1	12704394	12704644	peak73162	.	*
NC_064045.1	12923778	12924028	peak73235	.	*
NC_064045.1	13268704	13268954	peak73343	.	*
NC_064045.1	13504965	13505215	peak73416	.	*
NC_064045.1	13605033	13605283	peak73427	.	*
NC_064045.1	13776533	13776783	peak73477	.	*
NC_064045.1	14067089	14067339	peak73561	.	*
NC_064045.1	14067636	14067886	peak73562	.	*
NC_064045.1	14067933	14068183	peak73563	.	*
NC_064045.1	14068475	14068725	peak73564	.	*
NC_064045.1	14906128	14906378	peak73821	.	*
NC_064046.1	28076	28326	peak74015	.	*
NC_064046.1	565807	566057	peak74207	.	*
NC_064046.1	579165	579415	peak74210	.	*
NC_064046.1	581836	582086	peak74213	.	*
NC_064046.1	583313	583563	peak74215	.	*
NC_064046.1	585275	585525	peak74219	.	*
NC_064046.1	590288	590538	peak74224	.	*
NC_064046.1	591549	591799	peak74225	.	*
NC_064046.1	742483	742733	peak74268	.	*
NC_064046.1	763647	763897	peak74305	.	*
NC_064046.1	765877	766127	peak74308	.	*
NC_064046.1	1380721	1380971	peak74558	.	*
NC_064046.1	1381124	1381374	peak74559	.	*
NC_064046.1	1432837	1433087	peak74581	.	*
NC_064046.1	1615410	1615660	peak74648	.	*
NC_064046.1	1615997	1616247	peak74649	.	*
NC_064046.1	1641126	1641376	peak74658	.	*
NC_064046.1	1846801	1847051	peak74750	.	*
NC_064046.1	1932568	1932818	peak74794	.	*
NC_064046.1	1962771	1963021	peak74800	.	*
NC_064046.1	1979600	1979850	peak74807	.	*
NC_064046.1	1980535	1980785	peak74808	.	*
NC_064046.1	1984361	1984611	peak74809	.	*
NC_064046.1	2179683	2179933	peak74887	.	*
NC_064046.1	2249078	2249328	peak74916	.	*
NC_064046.1	2249973	2250223	peak74919	.	*
NC_064046.1	2283865	2284115	peak74933	.	*
NC_064046.1	2312144	2312394	peak74945	.	*
NC_064046.1	2313145	2313395	peak74947	.	*
NC_064046.1	2314558	2314808	peak74949	.	*
NC_064046.1	2711813	2712063	peak75086	.	*
NC_064046.1	2982755	2983005	peak75191	.	*
NC_064046.1	2983131	2983381	peak75192	.	*
NC_064046.1	2987839	2988089	peak75195	.	*
NC_064046.1	2988333	2988583	peak75196	.	*
NC_064046.1	2988998	2989248	peak75197	.	*
NC_064046.1	3075724	3075974	peak75229	.	*
NC_064046.1	3076188	3076438	peak75230	.	*
NC_064046.1	3077442	3077692	peak75232	.	*
NC_064046.1	3100024	3100274	peak75249	.	*
NC_064046.1	3100295	3100545	peak75250	.	*
NC_064046.1	3103805	3104055	peak75253	.	*
NC_064046.1	3130368	3130618	peak75268	.	*
NC_064046.1	3130833	3131083	peak75269	.	*
NC_064046.1	3164622	3164872	peak75281	.	*
NC_064046.1	3357218	3357468	peak75365	.	*
NC_064046.1	3391488	3391738	peak75370	.	*
NC_064046.1	4042992	4043242	peak75568	.	*
NC_064046.1	4050750	4051000	peak75581	.	*
NC_064046.1	4069458	4069708	peak75591	.	*
NC_064046.1	4348106	4348356	peak75713	.	*
NC_064046.1	4754061	4754311	peak75843	.	*
NC_064046.1	4754721	4754971	peak75844	.	*
NC_064046.1	4755876	4756126	peak75846	.	*
NC_064046.1	4756170	4756420	peak75847	.	*
NC_064046.1	4773214	4773464	peak75869	.	*
NC_064046.1	4773877	4774127	peak75870	.	*
NC_064046.1	4791652	4791902	peak75880	.	*
NC_064046.1	4791993	4792243	peak75881	.	*
NC_064046.1	5120758	5121008	peak75973	.	*
NC_064046.1	5140225	5140475	peak75983	.	*
NC_064046.1	6439264	6439514	peak76290	.	*
NC_064046.1	6440710	6440960	peak76292	.	*
NC_064046.1	6441010	6441260	peak76293	.	*
NC_064046.1	7326653	7326903	peak76568	.	*
NC_064046.1	7327458	7327708	peak76570	.	*
NC_064046.1	7327845	7328095	peak76571	.	*
NC_064046.1	8024747	8024997	peak76705	.	*
NC_064046.1	8216061	8216311	peak76794	.	*
NC_064046.1	8535126	8535376	peak76868	.	*
NC_064046.1	8621136	8621386	peak76898	.	*
NC_064046.1	8760828	8761078	peak76932	.	*
NC_064046.1	8761094	8761344	peak76933	.	*
NC_064046.1	8761570	8761820	peak76934	.	*
NC_064046.1	8878166	8878416	peak76965	.	*
NC_064046.1	8878967	8879217	peak76966	.	*
NC_064046.1	8879534	8879784	peak76967	.	*
NC_064046.1	8957175	8957425	peak77003	.	*
NC_064046.1	9890221	9890471	peak77253	.	*
NC_064046.1	10128372	10128622	peak77319	.	*
NC_064046.1	11130723	11130973	peak77670	.	*
NC_064046.1	11132525	11132775	peak77671	.	*
NC_064046.1	11189731	11189981	peak77682	.	*
NC_064046.1	11190152	11190402	peak77683	.	*
NC_064046.1	11191480	11191730	peak77686	.	*
NC_064046.1	11323369	11323619	peak77734	.	*
NC_064046.1	11323521	11323770	peak77735	.	*
NC_064046.1	11676558	11676808	peak77872	.	*
NC_064046.1	11682841	11683091	peak77875	.	*
NC_064046.1	11723701	11723951	peak77906	.	*
NC_064046.1	11733678	11733928	peak77921	.	*
NC_064046.1	11734180	11734430	peak77922	.	*
NC_064046.1	11735342	11735592	peak77924	.	*
NC_064046.1	11916863	11917113	peak78015	.	*
NC_064046.1	11961300	11961550	peak78045	.	*
NC_064046.1	12174936	12175186	peak78174	.	*
NC_064046.1	12178713	12178963	peak78178	.	*
NC_064046.1	12179541	12179791	peak78179	.	*
NC_064046.1	12301727	12301977	peak78212	.	*
NC_064046.1	12858804	12859054	peak78442	.	*
NC_064046.1	13145081	13145331	peak78583	.	*
NC_064046.1	13145748	13145998	peak78584	.	*
NC_064046.1	13352921	13353171	peak78680	.	*
NC_064046.1	13366687	13366937	peak78701	.	*
NC_064046.1	13367645	13367895	peak78703	.	*
NC_064046.1	13427407	13427657	peak78740	.	*
NC_064046.1	13427993	13428243	peak78741	.	*
NC_064046.1	13672372	13672622	peak78825	.	*
NC_064046.1	13966422	13966672	peak78932	.	*
NC_064046.1	14517505	14517755	peak79098	.	*
NC_064046.1	14564133	14564383	peak79109	.	*
NC_064046.1	14564547	14564797	peak79110	.	*
NC_064046.1	14566801	14567051	peak79113	.	*
NC_064046.1	14619602	14619852	peak79128	.	*
NC_064046.1	14620173	14620423	peak79129	.	*
NC_064047.1	1105397	1105647	peak79463	.	*
NC_064047.1	1106036	1106286	peak79465	.	*
NC_064047.1	1108120	1108370	peak79467	.	*
NC_064047.1	1298046	1298296	peak79535	.	*
NC_064047.1	1300211	1300461	peak79539	.	*
NC_064047.1	1301593	1301843	peak79542	.	*
NC_064047.1	1302085	1302335	peak79543	.	*
NC_064047.1	1303182	1303432	peak79545	.	*
NC_064047.1	1325727	1325977	peak79552	.	*
NC_064047.1	1564845	1565095	peak79609	.	*
NC_064047.1	1667135	1667385	peak79650	.	*
NC_064047.1	2336773	2337023	peak79885	.	*
NC_064047.1	2898864	2899114	peak80105	.	*
NC_064047.1	2900350	2900600	peak80108	.	*
NC_064047.1	2902573	2902823	peak80110	.	*
NC_064047.1	2905359	2905609	peak80115	.	*
NC_064047.1	2905656	2905906	peak80116	.	*
NC_064047.1	2906909	2907159	peak80118	.	*
NC_064047.1	2908118	2908368	peak80120	.	*
NC_064047.1	2909478	2909728	peak80122	.	*
NC_064047.1	2983356	2983606	peak80163	.	*
NC_064047.1	3024806	3025056	peak80204	.	*
NC_064047.1	4027230	4027480	peak80464	.	*
NC_064047.1	4062773	4063023	peak80474	.	*
NC_064047.1	4159559	4159809	peak80496	.	*
NC_064047.1	4160478	4160728	peak80497	.	*
NC_064047.1	4269215	4269465	peak80538	.	*
NC_064047.1	4276225	4276475	peak80543	.	*
NC_064047.1	4276595	4276845	peak80544	.	*
NC_064047.1	4276872	4277122	peak80545	.	*
NC_064047.1	4277512	4277762	peak80546	.	*
NC_064047.1	4277918	4278168	peak80547	.	*
NC_064047.1	4451030	4451280	peak80612	.	*
NC_064047.1	4456780	4457030	peak80616	.	*
NC_064047.1	4457187	4457437	peak80617	.	*
NC_064047.1	4457576	4457826	peak80618	.	*
NC_064047.1	4491352	4491602	peak80630	.	*
NC_064047.1	5009378	5009628	peak80741	.	*
NC_064047.1	5009830	5010080	peak80742	.	*
NC_064047.1	5087051	5087301	peak80763	.	*
NC_064047.1	5110367	5110617	peak80769	.	*
NC_064047.1	5111556	5111806	peak80771	.	*
NC_064047.1	5117905	5118155	peak80774	.	*
NC_064047.1	5119493	5119743	peak80777	.	*
NC_064047.1	6046545	6046795	peak81087	.	*
NC_064047.1	6185463	6185713	peak81131	.	*
NC_064047.1	6185948	6186198	peak81132	.	*
NC_064047.1	6186587	6186837	peak81133	.	*
NC_064047.1	6394774	6395024	peak81211	.	*
NC_064047.1	6476490	6476740	peak81260	.	*
NC_064047.1	6477532	6477782	peak81261	.	*
NC_064047.1	6477847	6478097	peak81262	.	*
NC_064047.1	6604673	6604923	peak81296	.	*
NC_064047.1	6980435	6980685	peak81446	.	*
NC_064047.1	6980718	6980968	peak81447	.	*
NC_064047.1	7704544	7704794	peak81534	.	*
NC_064047.1	7705087	7705337	peak81535	.	*
NC_064047.1	8406708	8406958	peak81725	.	*
NC_064047.1	8407430	8407680	peak81727	.	*
NC_064047.1	8407693	8407943	peak81728	.	*
NC_064047.1	8408982	8409232	peak81731	.	*
NC_064047.1	8441347	8441597	peak81749	.	*
NC_064047.1	8514829	8515079	peak81788	.	*
NC_064047.1	8515112	8515362	peak81789	.	*
NC_064047.1	8733837	8734087	peak81856	.	*
NC_064047.1	8846919	8847169	peak81899	.	*
NC_064047.1	8899278	8899528	peak81921	.	*
NC_064047.1	9101432	9101682	peak82019	.	*
NC_064047.1	9135478	9135728	peak82032	.	*
NC_064047.1	9408620	9408870	peak82109	.	*
NC_064047.1	9640608	9640858	peak82164	.	*
NC_064047.1	9813975	9814225	peak82235	.	*
NC_064047.1	9824672	9824922	peak82248	.	*
NC_064047.1	9824962	9825212	peak82249	.	*
NC_064047.1	9826110	9826360	peak82250	.	*
NC_064047.1	9828835	9829085	peak82253	.	*
NC_064047.1	9845205	9845455	peak82269	.	*
NC_064047.1	9845885	9846135	peak82270	.	*
NC_064047.1	9847410	9847660	peak82272	.	*
NC_064047.1	9973829	9974079	peak82316	.	*
NC_064047.1	9975081	9975331	peak82318	.	*
NC_064047.1	9975499	9975749	peak82319	.	*
NC_064047.1	9978074	9978324	peak82322	.	*
NC_064047.1	10242641	10242891	peak82431	.	*
NC_064047.1	10315679	10315929	peak82469	.	*
NC_064047.1	10316524	10316774	peak82470	.	*
NC_064047.1	10526407	10526657	peak82551	.	*
NC_064047.1	10527249	10527499	peak82553	.	*
NC_064047.1	10535177	10535427	peak82555	.	*
NC_064047.1	10581636	10581886	peak82578	.	*
NC_064047.1	11134227	11134477	peak82736	.	*
NC_064047.1	11135185	11135435	peak82737	.	*
NC_064047.1	11137012	11137262	peak82739	.	*
NC_064047.1	11207070	11207320	peak82764	.	*
NC_064047.1	11207519	11207769	peak82765	.	*
NC_064047.1	11807978	11808228	peak82918	.	*
NC_064047.1	12902530	12902780	peak83024	.	*
NC_064047.1	13016160	13016410	peak83073	.	*
NC_064048.1	725900	726150	peak83742	.	*
NC_064048.1	847030	847280	peak83782	.	*
NC_064048.1	847359	847609	peak83783	.	*
NC_064048.1	847674	847924	peak83784	.	*
NC_064048.1	877702	877952	peak83800	.	*
NC_064048.1	1039713	1039963	peak83861	.	*
NC_064048.1	1178247	1178497	peak83906	.	*
NC_064048.1	1179019	1179269	peak83907	.	*
NC_064048.1	1291454	1291704	peak83962	.	*
NC_064048.1	1298775	1299025	peak83965	.	*
NC_064048.1	1510310	1510560	peak84034	.	*
NC_064048.1	1692254	1692503	peak84091	.	*
NC_064048.1	1693129	1693379	peak84093	.	*
NC_064048.1	1693810	1694060	peak84095	.	*
NC_064048.1	1694870	1695120	peak84096	.	*
NC_064048.1	2482834	2483084	peak84398	.	*
NC_064048.1	3533893	3534143	peak84748	.	*
NC_064048.1	4255434	4255684	peak85046	.	*
NC_064048.1	4255871	4256121	peak85047	.	*
NC_064048.1	4256964	4257214	peak85048	.	*
NC_064048.1	5068191	5068441	peak85369	.	*
NC_064048.1	5069569	5069819	peak85371	.	*
NC_064048.1	5216416	5216666	peak85434	.	*
NC_064048.1	5953881	5954131	peak85691	.	*
NC_064048.1	6210465	6210715	peak85820	.	*
NC_064048.1	6301808	6302058	peak85869	.	*
NC_064048.1	6302393	6302643	peak85870	.	*
NC_064048.1	6378848	6379098	peak85889	.	*
NC_064048.1	7460966	7461216	peak86237	.	*
NC_064048.1	8426759	8427009	peak86576	.	*
NC_064048.1	8430318	8430568	peak86578	.	*
NC_064048.1	8434485	8434735	peak86582	.	*
NC_064048.1	8437695	8437945	peak86584	.	*
NC_064048.1	8445278	8445528	peak86590	.	*
NC_064048.1	8445895	8446145	peak86591	.	*
NC_064048.1	8446293	8446543	peak86592	.	*
NC_064048.1	8447470	8447720	peak86594	.	*
NC_064048.1	8448414	8448664	peak86595	.	*
NC_064048.1	8847254	8847504	peak86738	.	*
NC_064048.1	8848049	8848299	peak86739	.	*
NC_064048.1	8913879	8914129	peak86763	.	*
NC_064048.1	8989911	8990161	peak86806	.	*
NC_064048.1	9714891	9715141	peak87047	.	*
NC_064048.1	9807078	9807328	peak87104	.	*
NC_064048.1	9959352	9959602	peak87153	.	*
NC_064048.1	9961629	9961879	peak87155	.	*
NC_064048.1	9964860	9965110	peak87160	.	*
NC_064048.1	10365781	10366031	peak87297	.	*
NC_064048.1	10367244	10367494	peak87299	.	*
NC_064048.1	10450259	10450509	peak87328	.	*
NC_064048.1	10451098	10451348	peak87329	.	*
NC_064048.1	10492229	10492479	peak87341	.	*
NC_064048.1	10492580	10492830	peak87342	.	*
NC_064048.1	10587086	10587336	peak87370	.	*
NC_064048.1	10587634	10587884	peak87372	.	*
NC_064048.1	10588481	10588731	peak87373	.	*
NC_064048.1	10588832	10589082	peak87374	.	*
NC_064048.1	10786523	10786773	peak87464	.	*
NC_064048.1	10983458	10983708	peak87536	.	*
NC_064048.1	12256266	12256516	peak87595	.	*
NC_064048.1	12740089	12740339	peak87738	.	*
NC_064048.1	12747966	12748216	peak87748	.	*
NC_064048.1	12749198	12749448	peak87749	.	*
