NC_064034.1	1041128	1041378	peak123	.	*
NC_064034.1	1263064	1263314	peak186	.	*
NC_064034.1	1625224	1625474	peak334	.	*
NC_064034.1	1625722	1625972	peak335	.	*
NC_064034.1	1927250	1927500	peak436	.	*
NC_064034.1	1932635	1932885	peak439	.	*
NC_064034.1	1934013	1934263	peak440	.	*
NC_064034.1	1935323	1935573	peak443	.	*
NC_064034.1	1936336	1936586	peak446	.	*
NC_064034.1	2014540	2014790	peak469	.	*
NC_064034.1	2292493	2292743	peak632	.	*
NC_064034.1	2948716	2948966	peak873	.	*
NC_064034.1	2953756	2954006	peak876	.	*
NC_064034.1	3327311	3327561	peak1018	.	*
NC_064034.1	3487044	3487294	peak1087	.	*
NC_064034.1	3884152	3884402	peak1204	.	*
NC_064034.1	3904445	3904695	peak1214	.	*
NC_064034.1	4170980	4171230	peak1319	.	*
NC_064034.1	4184393	4184643	peak1330	.	*
NC_064034.1	4186364	4186614	peak1331	.	*
NC_064034.1	4187116	4187366	peak1332	.	*
NC_064034.1	4206373	4206623	peak1342	.	*
NC_064034.1	4568621	4568871	peak1494	.	*
NC_064034.1	4573218	4573468	peak1499	.	*
NC_064034.1	4573734	4573984	peak1500	.	*
NC_064034.1	4575654	4575904	peak1504	.	*
NC_064034.1	4711188	4711438	peak1559	.	*
NC_064034.1	4937536	4937786	peak1688	.	*
NC_064034.1	5127760	5128010	peak1751	.	*
NC_064034.1	5128106	5128356	peak1752	.	*
NC_064034.1	5129864	5130114	peak1755	.	*
NC_064034.1	6768576	6768826	peak2351	.	*
NC_064034.1	6823574	6823824	peak2379	.	*
NC_064034.1	6825048	6825298	peak2381	.	*
NC_064034.1	6846491	6846741	peak2395	.	*
NC_064034.1	6846953	6847203	peak2396	.	*
NC_064034.1	7055695	7055945	peak2444	.	*
NC_064034.1	7591414	7591664	peak2642	.	*
NC_064034.1	7642323	7642573	peak2651	.	*
NC_064034.1	8110125	8110375	peak2861	.	*
NC_064034.1	8203541	8203791	peak2897	.	*
NC_064034.1	8204024	8204274	peak2898	.	*
NC_064034.1	8210401	8210651	peak2904	.	*
NC_064034.1	8339280	8339530	peak2974	.	*
NC_064034.1	8756900	8757150	peak3097	.	*
NC_064034.1	8801053	8801303	peak3143	.	*
NC_064034.1	9189390	9189640	peak3273	.	*
NC_064034.1	9209613	9209863	peak3285	.	*
NC_064034.1	9210230	9210480	peak3287	.	*
NC_064034.1	9211702	9211952	peak3290	.	*
NC_064034.1	9214191	9214441	peak3294	.	*
NC_064034.1	9235912	9236162	peak3309	.	*
NC_064034.1	9290378	9290628	peak3329	.	*
NC_064034.1	9291514	9291764	peak3331	.	*
NC_064034.1	9298710	9298960	peak3332	.	*
NC_064034.1	9299276	9299526	peak3333	.	*
NC_064034.1	9303725	9303975	peak3338	.	*
NC_064034.1	9304178	9304428	peak3339	.	*
NC_064034.1	9304741	9304991	peak3340	.	*
NC_064034.1	9305047	9305297	peak3341	.	*
NC_064034.1	9391554	9391804	peak3386	.	*
NC_064034.1	9425318	9425568	peak3394	.	*
NC_064034.1	9441369	9441619	peak3399	.	*
NC_064034.1	9442108	9442358	peak3400	.	*
NC_064034.1	9442409	9442659	peak3401	.	*
NC_064034.1	9442712	9442962	peak3402	.	*
NC_064034.1	9687345	9687595	peak3501	.	*
NC_064034.1	10000714	10000964	peak3602	.	*
NC_064034.1	10002014	10002264	peak3604	.	*
NC_064034.1	10019021	10019271	peak3610	.	*
NC_064034.1	10051647	10051897	peak3627	.	*
NC_064034.1	10061069	10061319	peak3630	.	*
NC_064034.1	10236332	10236582	peak3735	.	*
NC_064034.1	10475372	10475622	peak3860	.	*
NC_064034.1	10920620	10920870	peak3984	.	*
NC_064034.1	11322835	11323085	peak4143	.	*
NC_064034.1	11616101	11616351	peak4234	.	*
NC_064034.1	11710999	11711249	peak4279	.	*
NC_064034.1	11845489	11845739	peak4340	.	*
NC_064034.1	11913988	11914238	peak4355	.	*
NC_064034.1	12090911	12091161	peak4422	.	*
NC_064034.1	12092160	12092410	peak4423	.	*
NC_064034.1	12193956	12194206	peak4428	.	*
NC_064034.1	12232089	12232339	peak4447	.	*
NC_064034.1	12284932	12285182	peak4478	.	*
NC_064034.1	12285464	12285714	peak4479	.	*
NC_064034.1	12307062	12307312	peak4485	.	*
NC_064034.1	12307644	12307894	peak4486	.	*
NC_064034.1	12702210	12702460	peak4662	.	*
NC_064034.1	13013989	13014239	peak4805	.	*
NC_064034.1	13218722	13218972	peak4882	.	*
NC_064034.1	13223979	13224229	peak4884	.	*
NC_064034.1	13248214	13248464	peak4902	.	*
NC_064034.1	13757378	13757628	peak5116	.	*
NC_064034.1	13758098	13758348	peak5117	.	*
NC_064034.1	13814763	13815013	peak5141	.	*
NC_064034.1	15431725	15431975	peak5409	.	*
NC_064034.1	15870068	15870318	peak5533	.	*
NC_064034.1	16858061	16858311	peak5865	.	*
NC_064034.1	17119336	17119586	peak5980	.	*
NC_064034.1	17457651	17457901	peak6084	.	*
NC_064034.1	17672848	17673098	peak6129	.	*
NC_064034.1	17676583	17676833	peak6131	.	*
NC_064034.1	17678202	17678452	peak6134	.	*
NC_064034.1	17804475	17804725	peak6182	.	*
NC_064034.1	17862994	17863244	peak6186	.	*
NC_064034.1	18333215	18333465	peak6342	.	*
NC_064034.1	19427637	19427887	peak6791	.	*
NC_064034.1	19500763	19501013	peak6810	.	*
NC_064034.1	19613985	19614235	peak6870	.	*
NC_064034.1	20765627	20765877	peak7248	.	*
NC_064034.1	20956526	20956776	peak7311	.	*
NC_064034.1	20967347	20967597	peak7316	.	*
NC_064034.1	20970346	20970596	peak7317	.	*
NC_064034.1	20974724	20974974	peak7321	.	*
NC_064034.1	21109994	21110244	peak7389	.	*
NC_064035.1	887363	887613	peak7818	.	*
NC_064035.1	1066201	1066451	peak7864	.	*
NC_064035.1	1115400	1115650	peak7881	.	*
NC_064035.1	1135852	1136102	peak7882	.	*
NC_064035.1	1136257	1136507	peak7883	.	*
NC_064035.1	1137200	1137450	peak7884	.	*
NC_064035.1	1137658	1137908	peak7885	.	*
NC_064035.1	1151999	1152249	peak7893	.	*
NC_064035.1	1152289	1152539	peak7894	.	*
NC_064035.1	1643763	1644013	peak8099	.	*
NC_064035.1	1646543	1646793	peak8100	.	*
NC_064035.1	1646887	1647137	peak8101	.	*
NC_064035.1	1647786	1648036	peak8102	.	*
NC_064035.1	1648556	1648806	peak8103	.	*
NC_064035.1	1649234	1649484	peak8104	.	*
NC_064035.1	1806489	1806739	peak8163	.	*
NC_064035.1	2122070	2122320	peak8274	.	*
NC_064035.1	2485878	2486128	peak8421	.	*
NC_064035.1	2486545	2486795	peak8422	.	*
NC_064035.1	2607200	2607450	peak8485	.	*
NC_064035.1	3012488	3012738	peak8604	.	*
NC_064035.1	3016984	3017234	peak8610	.	*
NC_064035.1	3049845	3050095	peak8619	.	*
NC_064035.1	3397543	3397793	peak8766	.	*
NC_064035.1	3420223	3420473	peak8770	.	*
NC_064035.1	3425870	3426120	peak8781	.	*
NC_064035.1	3457254	3457504	peak8793	.	*
NC_064035.1	3497553	3497803	peak8810	.	*
NC_064035.1	3706268	3706518	peak8924	.	*
NC_064035.1	3860435	3860685	peak8967	.	*
NC_064035.1	4007241	4007491	peak9020	.	*
NC_064035.1	4039908	4040158	peak9035	.	*
NC_064035.1	4122255	4122505	peak9066	.	*
NC_064035.1	4240266	4240516	peak9113	.	*
NC_064035.1	4244869	4245119	peak9116	.	*
NC_064035.1	4245725	4245975	peak9118	.	*
NC_064035.1	4253701	4253951	peak9121	.	*
NC_064035.1	4293586	4293836	peak9138	.	*
NC_064035.1	4311783	4312033	peak9152	.	*
NC_064035.1	4476274	4476524	peak9206	.	*
NC_064035.1	4478527	4478777	peak9210	.	*
NC_064035.1	4547292	4547542	peak9233	.	*
NC_064035.1	4548588	4548838	peak9234	.	*
NC_064035.1	4559890	4560140	peak9238	.	*
NC_064035.1	4798134	4798384	peak9304	.	*
NC_064035.1	4923836	4924086	peak9357	.	*
NC_064035.1	4925399	4925649	peak9359	.	*
NC_064035.1	4926152	4926402	peak9360	.	*
NC_064035.1	4928360	4928610	peak9361	.	*
NC_064035.1	4929004	4929254	peak9362	.	*
NC_064035.1	4936227	4936477	peak9365	.	*
NC_064035.1	4938560	4938810	peak9367	.	*
NC_064035.1	5348198	5348448	peak9560	.	*
NC_064035.1	5572846	5573096	peak9691	.	*
NC_064035.1	5645058	5645308	peak9728	.	*
NC_064035.1	5691585	5691835	peak9742	.	*
NC_064035.1	5692080	5692330	peak9743	.	*
NC_064035.1	6126398	6126648	peak9910	.	*
NC_064035.1	6562740	6562990	peak10053	.	*
NC_064035.1	6563039	6563289	peak10054	.	*
NC_064035.1	6665309	6665559	peak10098	.	*
NC_064035.1	6781560	6781810	peak10139	.	*
NC_064035.1	7496208	7496458	peak10370	.	*
NC_064035.1	7880050	7880300	peak10506	.	*
NC_064035.1	8329966	8330216	peak10703	.	*
NC_064035.1	8595802	8596052	peak10782	.	*
NC_064035.1	8682340	8682590	peak10813	.	*
NC_064035.1	8937599	8937849	peak10916	.	*
NC_064035.1	9009690	9009940	peak10961	.	*
NC_064035.1	9129842	9130092	peak11013	.	*
NC_064035.1	9200579	9200829	peak11036	.	*
NC_064035.1	9330197	9330447	peak11074	.	*
NC_064035.1	9331075	9331325	peak11076	.	*
NC_064035.1	9331364	9331614	peak11077	.	*
NC_064035.1	9503898	9504148	peak11162	.	*
NC_064035.1	9624155	9624405	peak11227	.	*
NC_064035.1	9692169	9692419	peak11250	.	*
NC_064035.1	9765670	9765920	peak11273	.	*
NC_064035.1	9767651	9767901	peak11275	.	*
NC_064035.1	9768418	9768668	peak11277	.	*
NC_064035.1	9768860	9769110	peak11278	.	*
NC_064035.1	9857589	9857839	peak11301	.	*
NC_064035.1	10085922	10086172	peak11367	.	*
NC_064035.1	10086776	10087026	peak11368	.	*
NC_064035.1	10090897	10091147	peak11369	.	*
NC_064035.1	10091412	10091662	peak11370	.	*
NC_064035.1	10094102	10094352	peak11372	.	*
NC_064035.1	10099180	10099430	peak11374	.	*
NC_064035.1	10099793	10100043	peak11375	.	*
NC_064035.1	10100075	10100325	peak11376	.	*
NC_064035.1	10100912	10101162	peak11377	.	*
NC_064035.1	10101263	10101513	peak11378	.	*
NC_064035.1	10102818	10103068	peak11381	.	*
NC_064035.1	10103129	10103379	peak11382	.	*
NC_064035.1	10103524	10103774	peak11383	.	*
NC_064035.1	10105755	10106005	peak11386	.	*
NC_064035.1	10106077	10106327	peak11387	.	*
NC_064035.1	10106622	10106872	peak11388	.	*
NC_064035.1	10107181	10107431	peak11389	.	*
NC_064035.1	10108019	10108269	peak11390	.	*
NC_064035.1	10109240	10109490	peak11391	.	*
NC_064035.1	10110680	10110930	peak11392	.	*
NC_064035.1	10111026	10111276	peak11393	.	*
NC_064035.1	10111326	10111576	peak11394	.	*
NC_064035.1	10111641	10111891	peak11395	.	*
NC_064035.1	10114284	10114534	peak11396	.	*
NC_064035.1	10114917	10115167	peak11397	.	*
NC_064035.1	10261276	10261526	peak11449	.	*
NC_064035.1	10502190	10502440	peak11531	.	*
NC_064035.1	10717459	10717709	peak11615	.	*
NC_064035.1	10717740	10717990	peak11616	.	*
NC_064035.1	10718004	10718254	peak11617	.	*
NC_064035.1	10718502	10718752	peak11618	.	*
NC_064035.1	10719453	10719703	peak11619	.	*
NC_064035.1	10719836	10720086	peak11620	.	*
NC_064035.1	10720540	10720790	peak11621	.	*
NC_064035.1	10720874	10721124	peak11622	.	*
NC_064035.1	10721219	10721469	peak11623	.	*
NC_064035.1	10721474	10721724	peak11624	.	*
NC_064035.1	10723654	10723904	peak11625	.	*
NC_064035.1	10724780	10725030	peak11627	.	*
NC_064035.1	10725082	10725332	peak11628	.	*
NC_064035.1	10725597	10725847	peak11629	.	*
NC_064035.1	10773078	10773328	peak11647	.	*
NC_064035.1	10820285	10820535	peak11675	.	*
NC_064035.1	10820902	10821152	peak11677	.	*
NC_064035.1	10825901	10826151	peak11679	.	*
NC_064035.1	10827832	10828082	peak11681	.	*
NC_064035.1	10828149	10828399	peak11682	.	*
NC_064035.1	10829581	10829831	peak11684	.	*
NC_064035.1	10830226	10830476	peak11685	.	*
NC_064035.1	10843959	10844209	peak11690	.	*
NC_064035.1	10845280	10845530	peak11692	.	*
NC_064035.1	10845596	10845846	peak11693	.	*
NC_064035.1	10849185	10849435	peak11695	.	*
NC_064035.1	10849621	10849871	peak11696	.	*
NC_064035.1	10850195	10850445	peak11697	.	*
NC_064035.1	10850932	10851182	peak11698	.	*
NC_064035.1	10851971	10852221	peak11700	.	*
NC_064035.1	10852963	10853213	peak11701	.	*
NC_064035.1	10853701	10853951	peak11702	.	*
NC_064035.1	10855192	10855442	peak11703	.	*
NC_064035.1	10855678	10855928	peak11704	.	*
NC_064035.1	10856278	10856528	peak11705	.	*
NC_064035.1	10860819	10861069	peak11707	.	*
NC_064035.1	10861122	10861372	peak11708	.	*
NC_064035.1	10861412	10861662	peak11709	.	*
NC_064035.1	10863317	10863567	peak11710	.	*
NC_064035.1	10863711	10863961	peak11711	.	*
NC_064035.1	10865021	10865271	peak11712	.	*
NC_064035.1	10870136	10870386	peak11713	.	*
NC_064035.1	10870481	10870731	peak11714	.	*
NC_064035.1	10876631	10876881	peak11716	.	*
NC_064035.1	10877803	10878053	peak11717	.	*
NC_064035.1	10882200	10882450	peak11720	.	*
NC_064035.1	11109654	11109904	peak11806	.	*
NC_064035.1	11110480	11110730	peak11807	.	*
NC_064035.1	11111117	11111367	peak11808	.	*
NC_064035.1	11755635	11755885	peak12017	.	*
NC_064035.1	12064061	12064311	peak12130	.	*
NC_064035.1	12136688	12136938	peak12172	.	*
NC_064035.1	12187065	12187315	peak12189	.	*
NC_064035.1	12780882	12781132	peak12404	.	*
NC_064035.1	13510830	13511080	peak12692	.	*
NC_064035.1	13511154	13511404	peak12693	.	*
NC_064035.1	14091791	14092041	peak12882	.	*
NC_064035.1	14322175	14322425	peak12950	.	*
NC_064035.1	14659624	14659874	peak13057	.	*
NC_064035.1	15418503	15418753	peak13340	.	*
NC_064035.1	15548187	15548437	peak13381	.	*
NC_064035.1	15735805	15736055	peak13460	.	*
NC_064035.1	15778173	15778423	peak13495	.	*
NC_064035.1	15779911	15780161	peak13497	.	*
NC_064035.1	15780869	15781119	peak13499	.	*
NC_064035.1	15845920	15846170	peak13509	.	*
NC_064035.1	15925454	15925704	peak13534	.	*
NC_064035.1	16277255	16277505	peak13626	.	*
NC_064035.1	16298335	16298585	peak13636	.	*
NC_064035.1	16298718	16298968	peak13637	.	*
NC_064035.1	16352568	16352818	peak13707	.	*
NC_064035.1	16396437	16396687	peak13752	.	*
NC_064035.1	16465655	16465905	peak13780	.	*
NC_064035.1	16893616	16893866	peak13956	.	*
NC_064035.1	16894295	16894545	peak13957	.	*
NC_064035.1	16966247	16966497	peak13980	.	*
NC_064035.1	16970757	16971007	peak13984	.	*
NC_064035.1	16972588	16972838	peak13987	.	*
NC_064035.1	16990290	16990540	peak13996	.	*
NC_064035.1	17140570	17140820	peak14058	.	*
NC_064035.1	17154101	17154351	peak14062	.	*
NC_064035.1	17163384	17163634	peak14068	.	*
NC_064035.1	17163812	17164062	peak14069	.	*
NC_064035.1	17169933	17170183	peak14070	.	*
NC_064035.1	17241071	17241321	peak14095	.	*
NC_064035.1	17241783	17242033	peak14096	.	*
NC_064035.1	17245319	17245569	peak14097	.	*
NC_064035.1	17255028	17255278	peak14101	.	*
NC_064035.1	17255250	17255499	peak14102	.	*
NC_064035.1	17255573	17255823	peak14103	.	*
NC_064035.1	17406289	17406539	peak14181	.	*
NC_064035.1	17407350	17407600	peak14182	.	*
NC_064035.1	17417986	17418236	peak14191	.	*
NC_064035.1	17418800	17419050	peak14192	.	*
NC_064035.1	17419234	17419484	peak14193	.	*
NC_064035.1	17420113	17420363	peak14195	.	*
NC_064035.1	17450016	17450266	peak14209	.	*
NC_064035.1	17496132	17496382	peak14224	.	*
NC_064035.1	17588544	17588794	peak14263	.	*
NC_064035.1	17589037	17589287	peak14264	.	*
NC_064035.1	17634948	17635198	peak14273	.	*
NC_064035.1	17693723	17693973	peak14313	.	*
NC_064035.1	17818828	17819078	peak14352	.	*
NC_064035.1	17865942	17866192	peak14363	.	*
NC_064035.1	17866275	17866525	peak14364	.	*
NC_064035.1	18031917	18032167	peak14420	.	*
NC_064035.1	18073977	18074227	peak14438	.	*
NC_064035.1	18500163	18500413	peak14612	.	*
NC_064035.1	18503213	18503463	peak14614	.	*
NC_064035.1	18503466	18503716	peak14615	.	*
NC_064035.1	18504163	18504413	peak14616	.	*
NC_064035.1	18504732	18504982	peak14617	.	*
NC_064035.1	18508870	18509120	peak14618	.	*
NC_064035.1	18509552	18509802	peak14619	.	*
NC_064035.1	18510576	18510826	peak14620	.	*
NC_064035.1	18528286	18528536	peak14632	.	*
NC_064035.1	18571263	18571513	peak14658	.	*
NC_064035.1	18571424	18571673	peak14659	.	*
NC_064035.1	18571707	18571957	peak14660	.	*
NC_064035.1	18669112	18669362	peak14698	.	*
NC_064035.1	18670120	18670370	peak14700	.	*
NC_064035.1	18672610	18672860	peak14703	.	*
NC_064035.1	18672774	18673023	peak14704	.	*
NC_064035.1	19165001	19165251	peak14904	.	*
NC_064035.1	19166461	19166711	peak14905	.	*
NC_064035.1	19174351	19174601	peak14908	.	*
NC_064035.1	19176599	19176849	peak14909	.	*
NC_064035.1	19200323	19200573	peak14918	.	*
NC_064035.1	19342456	19342706	peak15027	.	*
NC_064035.1	19418718	19418968	peak15063	.	*
NC_064035.1	19422011	19422261	peak15064	.	*
NC_064035.1	19895432	19895682	peak15230	.	*
NC_064035.1	20403363	20403613	peak15365	.	*
NC_064035.1	20404002	20404252	peak15366	.	*
NC_064035.1	20409439	20409689	peak15368	.	*
NC_064035.1	20409772	20410022	peak15369	.	*
NC_064035.1	20410515	20410765	peak15370	.	*
NC_064035.1	20411620	20411870	peak15371	.	*
NC_064035.1	20412922	20413172	peak15373	.	*
NC_064035.1	20414428	20414678	peak15375	.	*
NC_064035.1	20523891	20524141	peak15402	.	*
NC_064035.1	20677752	20678002	peak15445	.	*
NC_064035.1	21795637	21795887	peak15738	.	*
NC_064036.1	591767	592017	peak15806	.	*
NC_064036.1	592054	592304	peak15807	.	*
NC_064036.1	592566	592816	peak15808	.	*
NC_064036.1	592937	593187	peak15809	.	*
NC_064036.1	593901	594151	peak15811	.	*
NC_064036.1	617012	617262	peak15820	.	*
NC_064036.1	618051	618301	peak15823	.	*
NC_064036.1	654989	655239	peak15843	.	*
NC_064036.1	664920	665170	peak15845	.	*
NC_064036.1	665443	665693	peak15846	.	*
NC_064036.1	666279	666529	peak15847	.	*
NC_064036.1	667049	667299	peak15848	.	*
NC_064036.1	667403	667653	peak15849	.	*
NC_064036.1	681702	681952	peak15854	.	*
NC_064036.1	690737	690986	peak15859	.	*
NC_064036.1	849437	849687	peak15931	.	*
NC_064036.1	850375	850625	peak15933	.	*
NC_064036.1	850760	851010	peak15934	.	*
NC_064036.1	1017418	1017668	peak16006	.	*
NC_064036.1	1225296	1225546	peak16055	.	*
NC_064036.1	1454949	1455199	peak16156	.	*
NC_064036.1	2242780	2243030	peak16486	.	*
NC_064036.1	2246073	2246323	peak16489	.	*
NC_064036.1	2368309	2368559	peak16548	.	*
NC_064036.1	2754844	2755094	peak16715	.	*
NC_064036.1	2809576	2809826	peak16732	.	*
NC_064036.1	2810276	2810526	peak16733	.	*
NC_064036.1	3074658	3074908	peak16828	.	*
NC_064036.1	3078229	3078479	peak16833	.	*
NC_064036.1	3307059	3307309	peak16904	.	*
NC_064036.1	3315471	3315721	peak16906	.	*
NC_064036.1	3316628	3316878	peak16907	.	*
NC_064036.1	3693950	3694200	peak17016	.	*
NC_064036.1	3844005	3844255	peak17061	.	*
NC_064036.1	3844494	3844744	peak17062	.	*
NC_064036.1	4244807	4245057	peak17206	.	*
NC_064036.1	4531929	4532179	peak17286	.	*
NC_064036.1	4534843	4535093	peak17288	.	*
NC_064036.1	4535895	4536145	peak17289	.	*
NC_064036.1	4828007	4828257	peak17402	.	*
NC_064036.1	4828627	4828877	peak17403	.	*
NC_064036.1	4839128	4839378	peak17417	.	*
NC_064036.1	5016719	5016969	peak17469	.	*
NC_064036.1	5017591	5017841	peak17471	.	*
NC_064036.1	5018484	5018734	peak17472	.	*
NC_064036.1	5676174	5676424	peak17704	.	*
NC_064036.1	5768745	5768995	peak17771	.	*
NC_064036.1	5907374	5907624	peak17810	.	*
NC_064036.1	5908380	5908630	peak17811	.	*
NC_064036.1	5912282	5912532	peak17813	.	*
NC_064036.1	5993184	5993434	peak17840	.	*
NC_064036.1	5994385	5994635	peak17841	.	*
NC_064036.1	6107466	6107716	peak17894	.	*
NC_064036.1	6247966	6248216	peak17973	.	*
NC_064036.1	6268036	6268286	peak17992	.	*
NC_064036.1	6591069	6591319	peak18121	.	*
NC_064036.1	6764584	6764834	peak18187	.	*
NC_064036.1	6803350	6803600	peak18201	.	*
NC_064036.1	6804009	6804259	peak18202	.	*
NC_064036.1	6864988	6865238	peak18228	.	*
NC_064036.1	7097177	7097427	peak18312	.	*
NC_064036.1	7104967	7105217	peak18329	.	*
NC_064036.1	7276059	7276309	peak18439	.	*
NC_064036.1	7436814	7437064	peak18535	.	*
NC_064036.1	7677820	7678070	peak18633	.	*
NC_064036.1	7679779	7680029	peak18635	.	*
NC_064036.1	7680272	7680522	peak18636	.	*
NC_064036.1	7795365	7795615	peak18679	.	*
NC_064036.1	7845118	7845368	peak18703	.	*
NC_064036.1	8284980	8285230	peak18890	.	*
NC_064036.1	8288830	8289080	peak18891	.	*
NC_064036.1	8289621	8289871	peak18892	.	*
NC_064036.1	8291142	8291392	peak18893	.	*
NC_064036.1	8298098	8298348	peak18898	.	*
NC_064036.1	8299948	8300198	peak18899	.	*
NC_064036.1	8300929	8301179	peak18901	.	*
NC_064036.1	8302767	8303017	peak18902	.	*
NC_064036.1	8309079	8309329	peak18904	.	*
NC_064036.1	8309705	8309955	peak18905	.	*
NC_064036.1	8320461	8320711	peak18909	.	*
NC_064036.1	8320689	8320938	peak18910	.	*
NC_064036.1	8608867	8609117	peak19000	.	*
NC_064036.1	9025488	9025738	peak19094	.	*
NC_064036.1	9056846	9057096	peak19109	.	*
NC_064036.1	9345532	9345782	peak19209	.	*
NC_064036.1	9711956	9712206	peak19345	.	*
NC_064036.1	9729489	9729739	peak19356	.	*
NC_064036.1	9729938	9730188	peak19357	.	*
NC_064036.1	9732011	9732261	peak19361	.	*
NC_064036.1	9734597	9734847	peak19367	.	*
NC_064036.1	9735459	9735709	peak19369	.	*
NC_064036.1	9817869	9818119	peak19408	.	*
NC_064036.1	9889145	9889395	peak19439	.	*
NC_064036.1	9889596	9889846	peak19440	.	*
NC_064036.1	10082604	10082854	peak19520	.	*
NC_064036.1	10085268	10085518	peak19524	.	*
NC_064036.1	10182161	10182411	peak19576	.	*
NC_064036.1	10183815	10184065	peak19577	.	*
NC_064036.1	10196530	10196780	peak19581	.	*
NC_064036.1	10391816	10392066	peak19671	.	*
NC_064036.1	10392292	10392542	peak19672	.	*
NC_064036.1	10392585	10392835	peak19673	.	*
NC_064036.1	10695310	10695560	peak19820	.	*
NC_064036.1	10876772	10877022	peak19887	.	*
NC_064036.1	11058676	11058926	peak19981	.	*
NC_064036.1	11150947	11151197	peak20019	.	*
NC_064036.1	11166185	11166435	peak20022	.	*
NC_064036.1	11326634	11326884	peak20103	.	*
NC_064036.1	11454036	11454286	peak20171	.	*
NC_064036.1	11900995	11901245	peak20306	.	*
NC_064036.1	11902019	11902269	peak20307	.	*
NC_064036.1	11987851	11988101	peak20357	.	*
NC_064036.1	11992431	11992681	peak20360	.	*
NC_064036.1	12122179	12122429	peak20413	.	*
NC_064036.1	12123355	12123605	peak20415	.	*
NC_064036.1	12128699	12128949	peak20418	.	*
NC_064036.1	12129675	12129925	peak20419	.	*
NC_064036.1	12137787	12138037	peak20428	.	*
NC_064036.1	12138091	12138341	peak20429	.	*
NC_064036.1	12139594	12139844	peak20431	.	*
NC_064036.1	12140345	12140595	peak20432	.	*
NC_064036.1	12141287	12141537	peak20433	.	*
NC_064036.1	12159752	12160002	peak20462	.	*
NC_064036.1	12275568	12275818	peak20517	.	*
NC_064036.1	12646420	12646670	peak20633	.	*
NC_064036.1	12674224	12674474	peak20648	.	*
NC_064036.1	12693677	12693927	peak20651	.	*
NC_064036.1	12740014	12740264	peak20676	.	*
NC_064036.1	12994674	12994924	peak20797	.	*
NC_064036.1	12995527	12995777	peak20799	.	*
NC_064036.1	13136203	13136453	peak20849	.	*
NC_064036.1	13676031	13676281	peak21067	.	*
NC_064036.1	13721596	13721846	peak21089	.	*
NC_064036.1	15084192	15084442	peak21632	.	*
NC_064036.1	15084664	15084914	peak21633	.	*
NC_064036.1	15109743	15109993	peak21644	.	*
NC_064036.1	15209574	15209824	peak21688	.	*
NC_064036.1	15265938	15266188	peak21725	.	*
NC_064036.1	15266260	15266510	peak21726	.	*
NC_064036.1	15298422	15298672	peak21755	.	*
NC_064036.1	15486367	15486617	peak21847	.	*
NC_064036.1	15486811	15487061	peak21848	.	*
NC_064036.1	15487320	15487570	peak21849	.	*
NC_064036.1	15487685	15487935	peak21850	.	*
NC_064036.1	15489045	15489295	peak21851	.	*
NC_064036.1	15489850	15490100	peak21852	.	*
NC_064036.1	15497970	15498220	peak21854	.	*
NC_064036.1	15501077	15501327	peak21856	.	*
NC_064036.1	15604522	15604772	peak21898	.	*
NC_064036.1	15614220	15614470	peak21903	.	*
NC_064036.1	16192403	16192653	peak22061	.	*
NC_064036.1	16217809	16218059	peak22082	.	*
NC_064036.1	16513694	16513944	peak22149	.	*
NC_064036.1	16545370	16545620	peak22161	.	*
NC_064036.1	17037464	17037714	peak22300	.	*
NC_064036.1	17038042	17038292	peak22301	.	*
NC_064036.1	17596671	17596921	peak22502	.	*
NC_064036.1	17750561	17750811	peak22557	.	*
NC_064036.1	17825148	17825398	peak22576	.	*
NC_064036.1	17910134	17910384	peak22611	.	*
NC_064036.1	18035197	18035447	peak22650	.	*
NC_064036.1	18168943	18169193	peak22682	.	*
NC_064036.1	19029083	19029333	peak22890	.	*
NC_064036.1	19069694	19069944	peak22901	.	*
NC_064036.1	19116807	19117057	peak22913	.	*
NC_064036.1	19445036	19445286	peak23049	.	*
NC_064036.1	19445940	19446190	peak23050	.	*
NC_064036.1	19481765	19482015	peak23062	.	*
NC_064036.1	19488444	19488694	peak23066	.	*
NC_064036.1	19516171	19516421	peak23080	.	*
NC_064036.1	20215870	20216120	peak23214	.	*
NC_064036.1	20288730	20288980	peak23244	.	*
NC_064036.1	20303660	20303910	peak23252	.	*
NC_064036.1	20304152	20304402	peak23253	.	*
NC_064036.1	20469801	20470051	peak23287	.	*
NC_064037.1	984642	984892	peak23396	.	*
NC_064037.1	1519620	1519870	peak23625	.	*
NC_064037.1	1666434	1666684	peak23693	.	*
NC_064037.1	1774630	1774880	peak23734	.	*
NC_064037.1	1805863	1806113	peak23751	.	*
NC_064037.1	2373248	2373498	peak23959	.	*
NC_064037.1	2377340	2377590	peak23960	.	*
NC_064037.1	2482897	2483147	peak23998	.	*
NC_064037.1	2483288	2483538	peak23999	.	*
NC_064037.1	2963652	2963902	peak24186	.	*
NC_064037.1	2964058	2964308	peak24187	.	*
NC_064037.1	3154229	3154479	peak24266	.	*
NC_064037.1	3605312	3605562	peak24429	.	*
NC_064037.1	3605836	3606086	peak24430	.	*
NC_064037.1	3606303	3606553	peak24431	.	*
NC_064037.1	3693152	3693402	peak24465	.	*
NC_064037.1	3783837	3784087	peak24489	.	*
NC_064037.1	3784407	3784657	peak24490	.	*
NC_064037.1	3945948	3946198	peak24526	.	*
NC_064037.1	4159710	4159960	peak24602	.	*
NC_064037.1	4214955	4215205	peak24633	.	*
NC_064037.1	4283661	4283911	peak24658	.	*
NC_064037.1	4287070	4287320	peak24665	.	*
NC_064037.1	4296123	4296373	peak24682	.	*
NC_064037.1	4296682	4296932	peak24683	.	*
NC_064037.1	4297660	4297910	peak24684	.	*
NC_064037.1	4351573	4351823	peak24711	.	*
NC_064037.1	4906943	4907193	peak24915	.	*
NC_064037.1	4907329	4907579	peak24916	.	*
NC_064037.1	4910937	4911187	peak24917	.	*
NC_064037.1	5002923	5003173	peak24945	.	*
NC_064037.1	5013828	5014078	peak24960	.	*
NC_064037.1	5014332	5014582	peak24961	.	*
NC_064037.1	5015076	5015326	peak24962	.	*
NC_064037.1	5015691	5015941	peak24963	.	*
NC_064037.1	5041124	5041374	peak24974	.	*
NC_064037.1	5069842	5070092	peak24995	.	*
NC_064037.1	5077621	5077871	peak25002	.	*
NC_064037.1	5501923	5502173	peak25143	.	*
NC_064037.1	5619790	5620040	peak25187	.	*
NC_064037.1	5620310	5620560	peak25188	.	*
NC_064037.1	5664283	5664533	peak25218	.	*
NC_064037.1	5744771	5745021	peak25247	.	*
NC_064037.1	5930119	5930369	peak25338	.	*
NC_064037.1	5930426	5930676	peak25339	.	*
NC_064037.1	5930681	5930931	peak25340	.	*
NC_064037.1	5936887	5937137	peak25345	.	*
NC_064037.1	6178029	6178279	peak25410	.	*
NC_064037.1	6427819	6428069	peak25536	.	*
NC_064037.1	6570952	6571202	peak25602	.	*
NC_064037.1	6571587	6571837	peak25603	.	*
NC_064037.1	6572582	6572832	peak25604	.	*
NC_064037.1	6657513	6657763	peak25637	.	*
NC_064037.1	6658129	6658379	peak25638	.	*
NC_064037.1	6907449	6907699	peak25721	.	*
NC_064037.1	7124732	7124982	peak25791	.	*
NC_064037.1	7223356	7223606	peak25843	.	*
NC_064037.1	7584513	7584763	peak25983	.	*
NC_064037.1	7589595	7589845	peak25986	.	*
NC_064037.1	7589867	7590117	peak25987	.	*
NC_064037.1	7590304	7590554	peak25988	.	*
NC_064037.1	7594545	7594795	peak25990	.	*
NC_064037.1	7594829	7595079	peak25991	.	*
NC_064037.1	7597811	7598061	peak25993	.	*
NC_064037.1	7938637	7938887	peak26103	.	*
NC_064037.1	7939080	7939330	peak26104	.	*
NC_064037.1	7940543	7940793	peak26106	.	*
NC_064037.1	7994381	7994631	peak26125	.	*
NC_064037.1	8511166	8511416	peak26300	.	*
NC_064037.1	8512025	8512275	peak26302	.	*
NC_064037.1	8513107	8513357	peak26304	.	*
NC_064037.1	8513857	8514107	peak26305	.	*
NC_064037.1	8515022	8515272	peak26307	.	*
NC_064037.1	8522046	8522296	peak26319	.	*
NC_064037.1	8523202	8523452	peak26321	.	*
NC_064037.1	8523661	8523911	peak26322	.	*
NC_064037.1	8679724	8679974	peak26375	.	*
NC_064037.1	8830635	8830885	peak26428	.	*
NC_064037.1	8842819	8843069	peak26431	.	*
NC_064037.1	8843169	8843419	peak26432	.	*
NC_064037.1	8845555	8845805	peak26434	.	*
NC_064037.1	9034543	9034793	peak26501	.	*
NC_064037.1	9034881	9035131	peak26502	.	*
NC_064037.1	9135883	9136133	peak26512	.	*
NC_064037.1	9136224	9136474	peak26513	.	*
NC_064037.1	9137346	9137596	peak26514	.	*
NC_064037.1	9143657	9143907	peak26515	.	*
NC_064037.1	9168867	9169117	peak26524	.	*
NC_064037.1	9169237	9169487	peak26525	.	*
NC_064037.1	9176559	9176809	peak26527	.	*
NC_064037.1	9177375	9177625	peak26528	.	*
NC_064037.1	9179294	9179544	peak26529	.	*
NC_064037.1	9317617	9317867	peak26574	.	*
NC_064037.1	9318036	9318286	peak26575	.	*
NC_064037.1	9319338	9319588	peak26577	.	*
NC_064037.1	9493590	9493840	peak26668	.	*
NC_064037.1	9494828	9495078	peak26669	.	*
NC_064037.1	10117975	10118225	peak26884	.	*
NC_064037.1	10119390	10119640	peak26886	.	*
NC_064037.1	10169941	10170191	peak26910	.	*
NC_064037.1	10170630	10170880	peak26911	.	*
NC_064037.1	11436099	11436349	peak27367	.	*
NC_064037.1	11456351	11456601	peak27373	.	*
NC_064037.1	11516190	11516440	peak27400	.	*
NC_064037.1	11562337	11562587	peak27406	.	*
NC_064037.1	11585848	11586098	peak27410	.	*
NC_064037.1	11586939	11587189	peak27411	.	*
NC_064037.1	11891244	11891494	peak27513	.	*
NC_064037.1	11892220	11892470	peak27514	.	*
NC_064037.1	11927292	11927542	peak27517	.	*
NC_064037.1	11995854	11996104	peak27544	.	*
NC_064037.1	11996752	11997002	peak27545	.	*
NC_064037.1	12024958	12025208	peak27562	.	*
NC_064037.1	12130756	12131006	peak27591	.	*
NC_064037.1	12132152	12132402	peak27592	.	*
NC_064037.1	12148560	12148810	peak27597	.	*
NC_064037.1	12258380	12258630	peak27646	.	*
NC_064037.1	12348820	12349070	peak27682	.	*
NC_064037.1	12351931	12352181	peak27690	.	*
NC_064037.1	12369034	12369284	peak27697	.	*
NC_064037.1	12483236	12483486	peak27738	.	*
NC_064037.1	12843363	12843613	peak27835	.	*
NC_064037.1	12844151	12844401	peak27836	.	*
NC_064037.1	13176259	13176509	peak27911	.	*
NC_064037.1	13178789	13179039	peak27913	.	*
NC_064037.1	13179076	13179326	peak27914	.	*
NC_064037.1	13334785	13335035	peak27962	.	*
NC_064037.1	13335630	13335880	peak27963	.	*
NC_064037.1	13336106	13336356	peak27964	.	*
NC_064037.1	13363782	13364032	peak27976	.	*
NC_064037.1	13365613	13365863	peak27978	.	*
NC_064037.1	13431786	13432036	peak28019	.	*
NC_064037.1	13458186	13458436	peak28028	.	*
NC_064037.1	13458864	13459114	peak28029	.	*
NC_064037.1	13474927	13475177	peak28038	.	*
NC_064037.1	13842850	13843100	peak28156	.	*
NC_064037.1	14037649	14037899	peak28198	.	*
NC_064037.1	14055682	14055932	peak28200	.	*
NC_064037.1	14056352	14056602	peak28201	.	*
NC_064037.1	14119280	14119530	peak28240	.	*
NC_064037.1	14178698	14178948	peak28265	.	*
NC_064037.1	14729233	14729483	peak28391	.	*
NC_064037.1	14739052	14739302	peak28395	.	*
NC_064037.1	14844028	14844278	peak28437	.	*
NC_064037.1	14844470	14844720	peak28438	.	*
NC_064037.1	14844747	14844997	peak28439	.	*
NC_064037.1	14845282	14845532	peak28440	.	*
NC_064037.1	14845565	14845815	peak28441	.	*
NC_064037.1	14846182	14846432	peak28442	.	*
NC_064037.1	14846587	14846837	peak28443	.	*
NC_064037.1	14846755	14847004	peak28444	.	*
NC_064037.1	14945828	14946078	peak28471	.	*
NC_064037.1	15397084	15397334	peak28675	.	*
NC_064037.1	15397564	15397814	peak28676	.	*
NC_064037.1	15405761	15406011	peak28679	.	*
NC_064037.1	15582317	15582567	peak28724	.	*
NC_064037.1	15881073	15881323	peak28827	.	*
NC_064037.1	15881904	15882154	peak28828	.	*
NC_064037.1	16307490	16307740	peak28986	.	*
NC_064037.1	16307769	16308019	peak28987	.	*
NC_064037.1	16314617	16314867	peak28990	.	*
NC_064037.1	16328589	16328839	peak28998	.	*
NC_064037.1	16513446	16513696	peak29063	.	*
NC_064037.1	16791884	16792134	peak29135	.	*
NC_064037.1	17130000	17130250	peak29241	.	*
NC_064037.1	17241092	17241342	peak29265	.	*
NC_064037.1	17320920	17321170	peak29302	.	*
NC_064037.1	17668878	17669128	peak29446	.	*
NC_064037.1	17672435	17672685	peak29448	.	*
NC_064037.1	17678208	17678458	peak29451	.	*
NC_064037.1	17678710	17678960	peak29452	.	*
NC_064037.1	17679409	17679659	peak29453	.	*
NC_064037.1	17679842	17680092	peak29454	.	*
NC_064037.1	18036967	18037217	peak29581	.	*
NC_064037.1	18041897	18042147	peak29584	.	*
NC_064037.1	18357646	18357896	peak29663	.	*
NC_064038.1	992614	992864	peak29859	.	*
NC_064038.1	993290	993540	peak29860	.	*
NC_064038.1	1069925	1070175	peak29908	.	*
NC_064038.1	1070215	1070465	peak29909	.	*
NC_064038.1	1071250	1071500	peak29911	.	*
NC_064038.1	1076317	1076567	peak29912	.	*
NC_064038.1	1103356	1103606	peak29929	.	*
NC_064038.1	1105655	1105905	peak29932	.	*
NC_064038.1	1572752	1573002	peak30039	.	*
NC_064038.1	2377467	2377717	peak30125	.	*
NC_064038.1	3356721	3356971	peak30277	.	*
NC_064038.1	3664868	3665118	peak30380	.	*
NC_064038.1	3667888	3668138	peak30382	.	*
NC_064038.1	3668178	3668428	peak30383	.	*
NC_064038.1	3668777	3669027	peak30384	.	*
NC_064038.1	3684790	3685040	peak30395	.	*
NC_064038.1	4122469	4122719	peak30574	.	*
NC_064038.1	4443251	4443501	peak30688	.	*
NC_064038.1	4559753	4560003	peak30732	.	*
NC_064038.1	4655310	4655560	peak30792	.	*
NC_064038.1	4655654	4655904	peak30793	.	*
NC_064038.1	4737327	4737577	peak30808	.	*
NC_064038.1	4747818	4748068	peak30818	.	*
NC_064038.1	5446176	5446426	peak31002	.	*
NC_064038.1	5527623	5527873	peak31039	.	*
NC_064038.1	5599439	5599689	peak31080	.	*
NC_064038.1	5810192	5810442	peak31131	.	*
NC_064038.1	5811723	5811973	peak31133	.	*
NC_064038.1	5818638	5818888	peak31136	.	*
NC_064038.1	5818919	5819169	peak31137	.	*
NC_064038.1	5898640	5898890	peak31211	.	*
NC_064038.1	5920969	5921219	peak31239	.	*
NC_064038.1	6487665	6487915	peak31489	.	*
NC_064038.1	6488104	6488354	peak31490	.	*
NC_064038.1	7071683	7071933	peak31653	.	*
NC_064038.1	8070784	8071034	peak31931	.	*
NC_064038.1	8071200	8071450	peak31932	.	*
NC_064038.1	8257315	8257565	peak32006	.	*
NC_064038.1	8257650	8257900	peak32007	.	*
NC_064038.1	8563303	8563553	peak32090	.	*
NC_064038.1	8564782	8565032	peak32091	.	*
NC_064038.1	8565328	8565578	peak32092	.	*
NC_064038.1	8567245	8567495	peak32094	.	*
NC_064038.1	8568059	8568309	peak32096	.	*
NC_064038.1	8570423	8570673	peak32097	.	*
NC_064038.1	8629086	8629336	peak32111	.	*
NC_064038.1	8657710	8657960	peak32113	.	*
NC_064038.1	8680546	8680796	peak32122	.	*
NC_064038.1	8808316	8808566	peak32180	.	*
NC_064038.1	8951469	8951719	peak32211	.	*
NC_064038.1	9052522	9052772	peak32238	.	*
NC_064038.1	9323745	9323995	peak32354	.	*
NC_064038.1	10111456	10111706	peak32687	.	*
NC_064038.1	10195748	10195998	peak32723	.	*
NC_064038.1	10196512	10196762	peak32724	.	*
NC_064038.1	10197541	10197791	peak32725	.	*
NC_064038.1	10237140	10237390	peak32736	.	*
NC_064038.1	10461179	10461429	peak32798	.	*
NC_064038.1	11593628	11593878	peak33226	.	*
NC_064038.1	11594119	11594369	peak33227	.	*
NC_064038.1	11598331	11598581	peak33232	.	*
NC_064038.1	11720139	11720389	peak33282	.	*
NC_064038.1	11825322	11825572	peak33309	.	*
NC_064038.1	12437784	12438034	peak33444	.	*
NC_064038.1	12561864	12562114	peak33517	.	*
NC_064038.1	12563499	12563749	peak33519	.	*
NC_064038.1	12978791	12979041	peak33656	.	*
NC_064038.1	13579836	13580086	peak33850	.	*
NC_064038.1	13580397	13580647	peak33851	.	*
NC_064038.1	13596282	13596532	peak33864	.	*
NC_064038.1	13765961	13766211	peak33907	.	*
NC_064038.1	13766934	13767184	peak33908	.	*
NC_064038.1	13790432	13790682	peak33914	.	*
NC_064038.1	14015271	14015521	peak34025	.	*
NC_064038.1	14015728	14015978	peak34026	.	*
NC_064038.1	14065231	14065481	peak34039	.	*
NC_064038.1	14230758	14231008	peak34089	.	*
NC_064038.1	15730155	15730405	peak34407	.	*
NC_064038.1	15904840	15905090	peak34443	.	*
NC_064038.1	16848615	16848865	peak34610	.	*
NC_064038.1	17909031	17909281	peak34865	.	*
NC_064038.1	18129808	18130058	peak34946	.	*
NC_064039.1	223150	223400	peak35068	.	*
NC_064039.1	361830	362080	peak35127	.	*
NC_064039.1	363359	363609	peak35128	.	*
NC_064039.1	555274	555524	peak35208	.	*
NC_064039.1	566542	566792	peak35211	.	*
NC_064039.1	567223	567473	peak35212	.	*
NC_064039.1	575591	575841	peak35214	.	*
NC_064039.1	585249	585499	peak35217	.	*
NC_064039.1	590618	590868	peak35220	.	*
NC_064039.1	594341	594591	peak35221	.	*
NC_064039.1	598352	598602	peak35222	.	*
NC_064039.1	599197	599447	peak35223	.	*
NC_064039.1	599506	599756	peak35224	.	*
NC_064039.1	599827	600077	peak35225	.	*
NC_064039.1	600915	601165	peak35226	.	*
NC_064039.1	601838	602088	peak35227	.	*
NC_064039.1	605071	605321	peak35231	.	*
NC_064039.1	794546	794796	peak35287	.	*
NC_064039.1	1336398	1336648	peak35483	.	*
NC_064039.1	1458698	1458948	peak35525	.	*
NC_064039.1	1459354	1459604	peak35526	.	*
NC_064039.1	1724301	1724551	peak35630	.	*
NC_064039.1	1777306	1777556	peak35654	.	*
NC_064039.1	2560497	2560747	peak35909	.	*
NC_064039.1	2617630	2617880	peak35931	.	*
NC_064039.1	2618246	2618496	peak35932	.	*
NC_064039.1	2710232	2710482	peak35987	.	*
NC_064039.1	2710531	2710781	peak35988	.	*
NC_064039.1	2819923	2820173	peak36030	.	*
NC_064039.1	2821479	2821729	peak36032	.	*
NC_064039.1	2825339	2825589	peak36036	.	*
NC_064039.1	2826566	2826816	peak36037	.	*
NC_064039.1	2959446	2959696	peak36083	.	*
NC_064039.1	3099041	3099291	peak36149	.	*
NC_064039.1	3410749	3410999	peak36255	.	*
NC_064039.1	3439632	3439882	peak36269	.	*
NC_064039.1	3676285	3676535	peak36377	.	*
NC_064039.1	3699402	3699651	peak36391	.	*
NC_064039.1	3699553	3699803	peak36392	.	*
NC_064039.1	3731999	3732249	peak36426	.	*
NC_064039.1	3745096	3745346	peak36448	.	*
NC_064039.1	3757588	3757838	peak36455	.	*
NC_064039.1	3762045	3762295	peak36458	.	*
NC_064039.1	3762524	3762774	peak36459	.	*
NC_064039.1	3839566	3839816	peak36515	.	*
NC_064039.1	4212272	4212522	peak36660	.	*
NC_064039.1	4212976	4213226	peak36661	.	*
NC_064039.1	4363340	4363590	peak36732	.	*
NC_064039.1	4408155	4408405	peak36740	.	*
NC_064039.1	4414171	4414421	peak36741	.	*
NC_064039.1	4620026	4620276	peak36821	.	*
NC_064039.1	4698126	4698376	peak36839	.	*
NC_064039.1	4699430	4699680	peak36841	.	*
NC_064039.1	4824046	4824296	peak36898	.	*
NC_064039.1	4824739	4824989	peak36899	.	*
NC_064039.1	4825935	4826185	peak36901	.	*
NC_064039.1	4826660	4826910	peak36902	.	*
NC_064039.1	4827734	4827984	peak36903	.	*
NC_064039.1	4829225	4829475	peak36905	.	*
NC_064039.1	4829500	4829750	peak36906	.	*
NC_064039.1	4829911	4830161	peak36907	.	*
NC_064039.1	4833601	4833851	peak36910	.	*
NC_064039.1	4914067	4914317	peak36951	.	*
NC_064039.1	4915052	4915302	peak36953	.	*
NC_064039.1	4980464	4980714	peak36992	.	*
NC_064039.1	4980935	4981185	peak36993	.	*
NC_064039.1	4981129	4981378	peak36994	.	*
NC_064039.1	5183554	5183804	peak37083	.	*
NC_064039.1	5183885	5184135	peak37084	.	*
NC_064039.1	5184615	5184865	peak37085	.	*
NC_064039.1	5185425	5185675	peak37086	.	*
NC_064039.1	5325862	5326112	peak37135	.	*
NC_064039.1	5672887	5673137	peak37255	.	*
NC_064039.1	5949438	5949688	peak37369	.	*
NC_064039.1	6107959	6108209	peak37418	.	*
NC_064039.1	6241536	6241786	peak37482	.	*
NC_064039.1	6242065	6242315	peak37483	.	*
NC_064039.1	6242755	6243005	peak37484	.	*
NC_064039.1	6250707	6250957	peak37488	.	*
NC_064039.1	6350648	6350898	peak37527	.	*
NC_064039.1	6453372	6453622	peak37569	.	*
NC_064039.1	6465961	6466211	peak37571	.	*
NC_064039.1	6466628	6466878	peak37572	.	*
NC_064039.1	6888596	6888846	peak37830	.	*
NC_064039.1	6889220	6889470	peak37831	.	*
NC_064039.1	6900160	6900410	peak37835	.	*
NC_064039.1	7262927	7263177	peak38030	.	*
NC_064039.1	7266058	7266308	peak38035	.	*
NC_064039.1	7347477	7347727	peak38087	.	*
NC_064039.1	7636033	7636283	peak38190	.	*
NC_064039.1	8016900	8017150	peak38313	.	*
NC_064039.1	8077970	8078220	peak38350	.	*
NC_064039.1	8140883	8141133	peak38370	.	*
NC_064039.1	8484665	8484915	peak38473	.	*
NC_064039.1	8710788	8711038	peak38575	.	*
NC_064039.1	8809514	8809764	peak38609	.	*
NC_064039.1	8848910	8849160	peak38624	.	*
NC_064039.1	8902309	8902559	peak38645	.	*
NC_064039.1	8916359	8916609	peak38648	.	*
NC_064039.1	9078271	9078521	peak38719	.	*
NC_064039.1	9099167	9099417	peak38723	.	*
NC_064039.1	9105164	9105414	peak38728	.	*
NC_064039.1	9172712	9172962	peak38758	.	*
NC_064039.1	9174242	9174492	peak38760	.	*
NC_064039.1	9174719	9174969	peak38761	.	*
NC_064039.1	9175175	9175425	peak38762	.	*
NC_064039.1	9547257	9547507	peak38927	.	*
NC_064039.1	9636379	9636629	peak38987	.	*
NC_064039.1	9732746	9732996	peak39021	.	*
NC_064039.1	9738761	9739011	peak39026	.	*
NC_064039.1	9740082	9740332	peak39027	.	*
NC_064039.1	9740721	9740971	peak39028	.	*
NC_064039.1	9763877	9764127	peak39035	.	*
NC_064039.1	9764690	9764940	peak39036	.	*
NC_064039.1	9768171	9768421	peak39039	.	*
NC_064039.1	9768518	9768768	peak39040	.	*
NC_064039.1	9770192	9770442	peak39042	.	*
NC_064039.1	9770498	9770748	peak39043	.	*
NC_064039.1	9771318	9771568	peak39044	.	*
NC_064039.1	9772296	9772546	peak39046	.	*
NC_064039.1	9773125	9773375	peak39047	.	*
NC_064039.1	9774160	9774410	peak39049	.	*
NC_064039.1	9774698	9774948	peak39050	.	*
NC_064039.1	9778115	9778365	peak39052	.	*
NC_064039.1	9806022	9806272	peak39064	.	*
NC_064039.1	9857096	9857346	peak39075	.	*
NC_064039.1	10185026	10185276	peak39276	.	*
NC_064039.1	10193725	10193975	peak39278	.	*
NC_064039.1	10329483	10329733	peak39336	.	*
NC_064039.1	10329643	10329892	peak39337	.	*
NC_064039.1	10520410	10520660	peak39423	.	*
NC_064039.1	10521067	10521317	peak39424	.	*
NC_064039.1	10521548	10521798	peak39425	.	*
NC_064039.1	10537681	10537931	peak39432	.	*
NC_064039.1	10538022	10538272	peak39433	.	*
NC_064039.1	10607841	10608091	peak39452	.	*
NC_064039.1	10608618	10608868	peak39453	.	*
NC_064039.1	10609321	10609571	peak39454	.	*
NC_064039.1	10609762	10610012	peak39455	.	*
NC_064039.1	10611458	10611708	peak39459	.	*
NC_064039.1	10722981	10723231	peak39493	.	*
NC_064039.1	10723500	10723750	peak39494	.	*
NC_064039.1	10794048	10794298	peak39518	.	*
NC_064039.1	10795161	10795411	peak39519	.	*
NC_064039.1	10820409	10820659	peak39537	.	*
NC_064039.1	10870486	10870736	peak39550	.	*
NC_064039.1	10945278	10945528	peak39574	.	*
NC_064039.1	11142678	11142928	peak39680	.	*
NC_064039.1	11839830	11840080	peak39980	.	*
NC_064039.1	11849531	11849781	peak39995	.	*
NC_064039.1	11945083	11945333	peak40052	.	*
NC_064039.1	11945877	11946127	peak40054	.	*
NC_064039.1	11946728	11946978	peak40056	.	*
NC_064039.1	11947144	11947394	peak40057	.	*
NC_064039.1	12051151	12051401	peak40122	.	*
NC_064039.1	12052361	12052611	peak40123	.	*
NC_064039.1	12274028	12274278	peak40230	.	*
NC_064039.1	12274714	12274964	peak40231	.	*
NC_064039.1	12275172	12275422	peak40232	.	*
NC_064039.1	12276137	12276387	peak40233	.	*
NC_064039.1	12335772	12336022	peak40242	.	*
NC_064039.1	12554821	12555071	peak40307	.	*
NC_064039.1	12555874	12556124	peak40309	.	*
NC_064039.1	12589489	12589739	peak40330	.	*
NC_064039.1	12591062	12591312	peak40331	.	*
NC_064039.1	12594965	12595215	peak40334	.	*
NC_064039.1	12597098	12597348	peak40339	.	*
NC_064039.1	12597372	12597622	peak40340	.	*
NC_064039.1	12597791	12598041	peak40341	.	*
NC_064039.1	12604379	12604629	peak40344	.	*
NC_064039.1	12702778	12703028	peak40392	.	*
NC_064039.1	12709053	12709303	peak40403	.	*
NC_064039.1	12713269	12713519	peak40411	.	*
NC_064039.1	12715955	12716205	peak40414	.	*
NC_064039.1	12730611	12730861	peak40422	.	*
NC_064039.1	12736980	12737230	peak40433	.	*
NC_064039.1	12739373	12739623	peak40436	.	*
NC_064039.1	12744387	12744637	peak40437	.	*
NC_064039.1	12744665	12744915	peak40438	.	*
NC_064039.1	12900316	12900566	peak40492	.	*
NC_064039.1	12926630	12926880	peak40501	.	*
NC_064039.1	12987659	12987909	peak40525	.	*
NC_064039.1	13083619	13083869	peak40567	.	*
NC_064039.1	13132189	13132439	peak40587	.	*
NC_064039.1	13618170	13618420	peak40725	.	*
NC_064039.1	13618633	13618883	peak40726	.	*
NC_064039.1	13734776	13735026	peak40769	.	*
NC_064039.1	13735356	13735606	peak40770	.	*
NC_064039.1	13742147	13742397	peak40773	.	*
NC_064039.1	14392948	14393198	peak41015	.	*
NC_064039.1	14565838	14566088	peak41072	.	*
NC_064039.1	15289922	15290172	peak41351	.	*
NC_064039.1	15290737	15290987	peak41352	.	*
NC_064039.1	15447486	15447736	peak41390	.	*
NC_064039.1	15447808	15448058	peak41391	.	*
NC_064040.1	1283639	1283889	peak41984	.	*
NC_064040.1	1284825	1285075	peak41986	.	*
NC_064040.1	1311128	1311378	peak42001	.	*
NC_064040.1	1547459	1547709	peak42087	.	*
NC_064040.1	1547993	1548243	peak42088	.	*
NC_064040.1	1710558	1710808	peak42148	.	*
NC_064040.1	3024368	3024618	peak42461	.	*
NC_064040.1	3137858	3138108	peak42487	.	*
NC_064040.1	3473116	3473366	peak42592	.	*
NC_064040.1	3473754	3474004	peak42593	.	*
NC_064040.1	3476303	3476553	peak42594	.	*
NC_064040.1	3482932	3483182	peak42600	.	*
NC_064040.1	3663229	3663479	peak42678	.	*
NC_064040.1	3707751	3708001	peak42686	.	*
NC_064040.1	3722868	3723118	peak42694	.	*
NC_064040.1	3918366	3918616	peak42757	.	*
NC_064040.1	3919333	3919583	peak42758	.	*
NC_064040.1	4105891	4106141	peak42812	.	*
NC_064040.1	4129132	4129382	peak42828	.	*
NC_064040.1	4129752	4130002	peak42829	.	*
NC_064040.1	4244999	4245249	peak42864	.	*
NC_064040.1	4245840	4246090	peak42865	.	*
NC_064040.1	4315241	4315491	peak42899	.	*
NC_064040.1	4425240	4425490	peak42952	.	*
NC_064040.1	4640984	4641234	peak43044	.	*
NC_064040.1	4641340	4641590	peak43045	.	*
NC_064040.1	4925822	4926072	peak43170	.	*
NC_064040.1	4926540	4926790	peak43173	.	*
NC_064040.1	5168200	5168450	peak43251	.	*
NC_064040.1	5315621	5315871	peak43301	.	*
NC_064040.1	5323307	5323557	peak43307	.	*
NC_064040.1	5478932	5479182	peak43373	.	*
NC_064040.1	5502178	5502428	peak43404	.	*
NC_064040.1	6363509	6363759	peak43736	.	*
NC_064040.1	6363979	6364229	peak43737	.	*
NC_064040.1	6425850	6426100	peak43781	.	*
NC_064040.1	6592919	6593169	peak43843	.	*
NC_064040.1	6712969	6713219	peak43874	.	*
NC_064040.1	6716859	6717109	peak43876	.	*
NC_064040.1	6717185	6717435	peak43877	.	*
NC_064040.1	6717518	6717768	peak43878	.	*
NC_064040.1	6718259	6718509	peak43879	.	*
NC_064040.1	6992780	6993030	peak43981	.	*
NC_064040.1	6994543	6994793	peak43982	.	*
NC_064040.1	6994931	6995181	peak43983	.	*
NC_064040.1	7125404	7125654	peak44020	.	*
NC_064040.1	7178423	7178673	peak44049	.	*
NC_064040.1	7891050	7891300	peak44333	.	*
NC_064040.1	7900363	7900613	peak44344	.	*
NC_064040.1	7905034	7905284	peak44347	.	*
NC_064040.1	7907109	7907359	peak44348	.	*
NC_064040.1	7907832	7908082	peak44349	.	*
NC_064040.1	7908402	7908652	peak44350	.	*
NC_064040.1	8333349	8333599	peak44572	.	*
NC_064040.1	8354214	8354464	peak44590	.	*
NC_064040.1	8539471	8539721	peak44644	.	*
NC_064040.1	8540481	8540731	peak44646	.	*
NC_064040.1	8659004	8659254	peak44714	.	*
NC_064040.1	8659926	8660176	peak44716	.	*
NC_064040.1	8692593	8692843	peak44733	.	*
NC_064040.1	8744430	8744680	peak44747	.	*
NC_064040.1	9118350	9118600	peak44911	.	*
NC_064040.1	9286501	9286751	peak44956	.	*
NC_064040.1	9287863	9288113	peak44957	.	*
NC_064040.1	9288454	9288704	peak44958	.	*
NC_064040.1	9344683	9344933	peak44972	.	*
NC_064040.1	9411988	9412238	peak44991	.	*
NC_064040.1	9412638	9412888	peak44992	.	*
NC_064040.1	9586174	9586424	peak45061	.	*
NC_064040.1	9662801	9663051	peak45090	.	*
NC_064040.1	9757958	9758208	peak45112	.	*
NC_064040.1	10576704	10576954	peak45367	.	*
NC_064040.1	10663589	10663839	peak45425	.	*
NC_064040.1	10677731	10677981	peak45432	.	*
NC_064040.1	10770555	10770805	peak45463	.	*
NC_064040.1	10770910	10771160	peak45464	.	*
NC_064040.1	10872588	10872838	peak45488	.	*
NC_064040.1	10882990	10883240	peak45503	.	*
NC_064040.1	10884890	10885140	peak45506	.	*
NC_064040.1	10960057	10960307	peak45527	.	*
NC_064040.1	11014056	11014306	peak45541	.	*
NC_064040.1	11136222	11136472	peak45598	.	*
NC_064040.1	11801878	11802128	peak45867	.	*
NC_064040.1	12074310	12074560	peak45979	.	*
NC_064040.1	12294144	12294394	peak46070	.	*
NC_064040.1	12552105	12552355	peak46139	.	*
NC_064040.1	12553685	12553935	peak46140	.	*
NC_064040.1	12554062	12554312	peak46141	.	*
NC_064040.1	12601733	12601983	peak46181	.	*
NC_064040.1	13002678	13002928	peak46302	.	*
NC_064040.1	13003384	13003634	peak46303	.	*
NC_064040.1	13076487	13076737	peak46321	.	*
NC_064040.1	13147915	13148165	peak46346	.	*
NC_064040.1	13292333	13292583	peak46404	.	*
NC_064040.1	13418470	13418720	peak46451	.	*
NC_064040.1	14129641	14129891	peak46679	.	*
NC_064040.1	14529052	14529302	peak46835	.	*
NC_064040.1	14590784	14591034	peak46862	.	*
NC_064040.1	14733726	14733976	peak46903	.	*
NC_064040.1	14799993	14800243	peak46957	.	*
NC_064040.1	15058785	15059035	peak46998	.	*
NC_064040.1	15085698	15085948	peak47004	.	*
NC_064040.1	15086616	15086866	peak47005	.	*
NC_064040.1	15109331	15109581	peak47020	.	*
NC_064040.1	15109674	15109924	peak47021	.	*
NC_064040.1	15116360	15116610	peak47022	.	*
NC_064040.1	15418983	15419233	peak47113	.	*
NC_064040.1	15419396	15419646	peak47114	.	*
NC_064040.1	15424843	15425093	peak47115	.	*
NC_064040.1	15425686	15425936	peak47116	.	*
NC_064040.1	16298715	16298965	peak47346	.	*
NC_064040.1	16448644	16448894	peak47385	.	*
NC_064040.1	17307575	17307825	peak47656	.	*
NC_064040.1	17307899	17308149	peak47657	.	*
NC_064040.1	17308268	17308518	peak47658	.	*
NC_064040.1	17312553	17312803	peak47659	.	*
NC_064040.1	17313096	17313346	peak47660	.	*
NC_064040.1	17314150	17314400	peak47661	.	*
NC_064040.1	17315254	17315504	peak47662	.	*
NC_064041.1	62893	63143	peak47854	.	*
NC_064041.1	63441	63691	peak47855	.	*
NC_064041.1	64298	64548	peak47856	.	*
NC_064041.1	121469	121719	peak47880	.	*
NC_064041.1	279689	279939	peak47902	.	*
NC_064041.1	279874	280123	peak47903	.	*
NC_064041.1	349482	349732	peak47919	.	*
NC_064041.1	401170	401420	peak47929	.	*
NC_064041.1	401505	401755	peak47930	.	*
NC_064041.1	406924	407174	peak47933	.	*
NC_064041.1	410398	410648	peak47934	.	*
NC_064041.1	2157690	2157940	peak48432	.	*
NC_064041.1	2209331	2209580	peak48458	.	*
NC_064041.1	2330635	2330885	peak48488	.	*
NC_064041.1	2331371	2331621	peak48490	.	*
NC_064041.1	2648020	2648270	peak48570	.	*
NC_064041.1	3092824	3093074	peak48691	.	*
NC_064041.1	3187103	3187353	peak48706	.	*
NC_064041.1	3449085	3449335	peak48793	.	*
NC_064041.1	3459802	3460052	peak48796	.	*
NC_064041.1	3461916	3462166	peak48799	.	*
NC_064041.1	3535815	3536065	peak48812	.	*
NC_064041.1	3543737	3543987	peak48814	.	*
NC_064041.1	3544443	3544693	peak48815	.	*
NC_064041.1	3546809	3547059	peak48819	.	*
NC_064041.1	3569088	3569338	peak48841	.	*
NC_064041.1	3570950	3571200	peak48844	.	*
NC_064041.1	3573672	3573922	peak48848	.	*
NC_064041.1	3598513	3598763	peak48869	.	*
NC_064041.1	3638369	3638619	peak48886	.	*
NC_064041.1	3638557	3638806	peak48887	.	*
NC_064041.1	3639105	3639355	peak48888	.	*
NC_064041.1	3643135	3643385	peak48889	.	*
NC_064041.1	3645429	3645679	peak48893	.	*
NC_064041.1	3646347	3646597	peak48894	.	*
NC_064041.1	3965610	3965860	peak49009	.	*
NC_064041.1	4596159	4596409	peak49176	.	*
NC_064041.1	4949094	4949344	peak49303	.	*
NC_064041.1	4953439	4953689	peak49309	.	*
NC_064041.1	4953888	4954138	peak49310	.	*
NC_064041.1	4954544	4954794	peak49311	.	*
NC_064041.1	4957152	4957402	peak49314	.	*
NC_064041.1	5003347	5003597	peak49341	.	*
NC_064041.1	5223372	5223622	peak49399	.	*
NC_064041.1	5281368	5281618	peak49422	.	*
NC_064041.1	5456540	5456790	peak49471	.	*
NC_064041.1	5506755	5507005	peak49487	.	*
NC_064041.1	5835812	5836062	peak49620	.	*
NC_064041.1	6239907	6240157	peak49730	.	*
NC_064041.1	6418469	6418719	peak49796	.	*
NC_064041.1	7381137	7381387	peak50096	.	*
NC_064041.1	7599019	7599269	peak50162	.	*
NC_064041.1	7602348	7602598	peak50164	.	*
NC_064041.1	7612632	7612882	peak50166	.	*
NC_064041.1	7759529	7759779	peak50217	.	*
NC_064041.1	8466454	8466704	peak50356	.	*
NC_064041.1	8734080	8734330	peak50449	.	*
NC_064041.1	8738706	8738956	peak50456	.	*
NC_064041.1	9068100	9068350	peak50572	.	*
NC_064041.1	9068384	9068634	peak50573	.	*
NC_064041.1	9516377	9516627	peak50668	.	*
NC_064041.1	9616139	9616389	peak50701	.	*
NC_064041.1	9616477	9616727	peak50702	.	*
NC_064041.1	10398569	10398819	peak50859	.	*
NC_064041.1	10883830	10884080	peak51027	.	*
NC_064041.1	11269272	11269522	peak51204	.	*
NC_064041.1	11414980	11415230	peak51267	.	*
NC_064041.1	11417830	11418080	peak51268	.	*
NC_064041.1	11422387	11422637	peak51270	.	*
NC_064041.1	11423163	11423413	peak51272	.	*
NC_064041.1	11501124	11501374	peak51298	.	*
NC_064041.1	11562194	11562444	peak51315	.	*
NC_064041.1	11726354	11726604	peak51377	.	*
NC_064041.1	11729464	11729714	peak51379	.	*
NC_064041.1	12648900	12649150	peak51448	.	*
NC_064041.1	12694331	12694581	peak51463	.	*
NC_064041.1	12904368	12904618	peak51539	.	*
NC_064041.1	12940225	12940475	peak51556	.	*
NC_064041.1	12987447	12987697	peak51578	.	*
NC_064041.1	12987915	12988165	peak51579	.	*
NC_064041.1	13654843	13655093	peak51814	.	*
NC_064041.1	13655528	13655778	peak51815	.	*
NC_064041.1	13907154	13907404	peak51882	.	*
NC_064041.1	14010334	14010584	peak51922	.	*
NC_064041.1	14759413	14759663	peak52199	.	*
NC_064041.1	14783330	14783580	peak52201	.	*
NC_064041.1	14783773	14784023	peak52202	.	*
NC_064041.1	14786790	14787040	peak52204	.	*
NC_064041.1	14798212	14798462	peak52215	.	*
NC_064041.1	15331537	15331787	peak52397	.	*
NC_064041.1	15769052	15769302	peak52447	.	*
NC_064041.1	15874388	15874638	peak52468	.	*
NC_064041.1	15992927	15993177	peak52499	.	*
NC_064041.1	16003366	16003616	peak52504	.	*
NC_064041.1	16003638	16003888	peak52505	.	*
NC_064041.1	16067972	16068222	peak52527	.	*
NC_064041.1	16384241	16384491	peak52656	.	*
NC_064041.1	16385864	16386114	peak52659	.	*
NC_064041.1	16429438	16429688	peak52676	.	*
NC_064041.1	16475508	16475758	peak52715	.	*
NC_064042.1	609326	609576	peak52997	.	*
NC_064042.1	1014781	1015031	peak53096	.	*
NC_064042.1	1014963	1015212	peak53097	.	*
NC_064042.1	1015876	1016126	peak53098	.	*
NC_064042.1	1017545	1017795	peak53100	.	*
NC_064042.1	1020341	1020591	peak53104	.	*
NC_064042.1	1021463	1021713	peak53106	.	*
NC_064042.1	1135160	1135410	peak53158	.	*
NC_064042.1	1180581	1180831	peak53195	.	*
NC_064042.1	1354780	1355030	peak53257	.	*
NC_064042.1	1519503	1519753	peak53344	.	*
NC_064042.1	2498051	2498301	peak53663	.	*
NC_064042.1	2764449	2764699	peak53760	.	*
NC_064042.1	2891227	2891477	peak53834	.	*
NC_064042.1	3094722	3094972	peak53894	.	*
NC_064042.1	3134073	3134323	peak53923	.	*
NC_064042.1	3299902	3300152	peak54010	.	*
NC_064042.1	3453855	3454105	peak54083	.	*
NC_064042.1	3454184	3454434	peak54084	.	*
NC_064042.1	3456934	3457184	peak54085	.	*
NC_064042.1	3460429	3460679	peak54087	.	*
NC_064042.1	3475581	3475831	peak54092	.	*
NC_064042.1	3495153	3495403	peak54095	.	*
NC_064042.1	3725492	3725742	peak54159	.	*
NC_064042.1	3738497	3738747	peak54165	.	*
NC_064042.1	3738807	3739057	peak54166	.	*
NC_064042.1	4475850	4476100	peak54343	.	*
NC_064042.1	5121192	5121442	peak54582	.	*
NC_064042.1	5121755	5122005	peak54583	.	*
NC_064042.1	5276108	5276358	peak54638	.	*
NC_064042.1	5287729	5287979	peak54647	.	*
NC_064042.1	5796968	5797218	peak54878	.	*
NC_064042.1	6258846	6259096	peak55055	.	*
NC_064042.1	6567995	6568245	peak55105	.	*
NC_064042.1	6585646	6585896	peak55106	.	*
NC_064042.1	6587620	6587870	peak55108	.	*
NC_064042.1	6588128	6588378	peak55109	.	*
NC_064042.1	7547142	7547392	peak55463	.	*
NC_064042.1	7833526	7833776	peak55588	.	*
NC_064042.1	7834275	7834525	peak55589	.	*
NC_064042.1	7863139	7863389	peak55601	.	*
NC_064042.1	8344204	8344454	peak55768	.	*
NC_064042.1	8344856	8345106	peak55769	.	*
NC_064042.1	8360284	8360534	peak55774	.	*
NC_064042.1	9352124	9352374	peak56143	.	*
NC_064042.1	10008632	10008882	peak56357	.	*
NC_064042.1	10744446	10744696	peak56615	.	*
NC_064042.1	10909679	10909929	peak56663	.	*
NC_064042.1	11379899	11380149	peak56826	.	*
NC_064042.1	11381919	11382169	peak56829	.	*
NC_064042.1	11637523	11637773	peak56905	.	*
NC_064042.1	11654794	11655044	peak56911	.	*
NC_064042.1	11666591	11666841	peak56913	.	*
NC_064042.1	12081528	12081778	peak57063	.	*
NC_064042.1	12081879	12082129	peak57064	.	*
NC_064042.1	12239497	12239747	peak57098	.	*
NC_064042.1	12819296	12819546	peak57293	.	*
NC_064042.1	12868429	12868679	peak57335	.	*
NC_064042.1	13022512	13022762	peak57370	.	*
NC_064042.1	13807505	13807755	peak57653	.	*
NC_064042.1	14293315	14293565	peak57823	.	*
NC_064042.1	14299720	14299970	peak57828	.	*
NC_064042.1	14978247	14978497	peak58034	.	*
NC_064042.1	14988382	14988632	peak58039	.	*
NC_064042.1	15956868	15957118	peak58376	.	*
NC_064042.1	16053818	16054068	peak58400	.	*
NC_064042.1	16054974	16055224	peak58402	.	*
NC_064042.1	16055613	16055863	peak58404	.	*
NC_064042.1	16523827	16524077	peak58546	.	*
NC_064042.1	16527138	16527388	peak58550	.	*
NC_064043.1	1547165	1547415	peak58737	.	*
NC_064043.1	1547715	1547965	peak58738	.	*
NC_064043.1	1557083	1557333	peak58744	.	*
NC_064043.1	1881607	1881857	peak58878	.	*
NC_064043.1	2059024	2059274	peak58945	.	*
NC_064043.1	2136545	2136795	peak58982	.	*
NC_064043.1	2404342	2404592	peak59090	.	*
NC_064043.1	2635908	2636158	peak59209	.	*
NC_064043.1	2657943	2658193	peak59214	.	*
NC_064043.1	2665130	2665380	peak59215	.	*
NC_064043.1	2765781	2766031	peak59261	.	*
NC_064043.1	2827896	2828146	peak59283	.	*
NC_064043.1	2829770	2830020	peak59286	.	*
NC_064043.1	2830437	2830687	peak59287	.	*
NC_064043.1	2830754	2831004	peak59288	.	*
NC_064043.1	3008482	3008732	peak59350	.	*
NC_064043.1	3008769	3009019	peak59351	.	*
NC_064043.1	3752624	3752874	peak59654	.	*
NC_064043.1	3982144	3982394	peak59733	.	*
NC_064043.1	4485858	4486108	peak59971	.	*
NC_064043.1	4486430	4486680	peak59972	.	*
NC_064043.1	4583120	4583370	peak60024	.	*
NC_064043.1	4584031	4584281	peak60025	.	*
NC_064043.1	5204152	5204402	peak60273	.	*
NC_064043.1	5204399	5204648	peak60274	.	*
NC_064043.1	5204565	5204815	peak60275	.	*
NC_064043.1	5205693	5205943	peak60277	.	*
NC_064043.1	5810607	5810857	peak60526	.	*
NC_064043.1	5810930	5811180	peak60527	.	*
NC_064043.1	5821986	5822236	peak60529	.	*
NC_064043.1	5822664	5822914	peak60530	.	*
NC_064043.1	5822890	5823139	peak60531	.	*
NC_064043.1	5822939	5823188	peak60532	.	*
NC_064043.1	5990059	5990309	peak60687	.	*
NC_064043.1	6390525	6390775	peak60873	.	*
NC_064043.1	6409637	6409887	peak60882	.	*
NC_064043.1	6974013	6974263	peak61137	.	*
NC_064043.1	7032049	7032299	peak61169	.	*
NC_064043.1	7069550	7069800	peak61182	.	*
NC_064043.1	7168321	7168571	peak61221	.	*
NC_064043.1	7597819	7598069	peak61387	.	*
NC_064043.1	7709166	7709416	peak61442	.	*
NC_064043.1	7710389	7710639	peak61444	.	*
NC_064043.1	7711480	7711730	peak61445	.	*
NC_064043.1	7711757	7712007	peak61446	.	*
NC_064043.1	7712858	7713108	peak61447	.	*
NC_064043.1	7785010	7785260	peak61486	.	*
NC_064043.1	7786173	7786423	peak61487	.	*
NC_064043.1	8437486	8437736	peak61765	.	*
NC_064043.1	8788231	8788481	peak61882	.	*
NC_064043.1	9010842	9011092	peak61981	.	*
NC_064043.1	9012206	9012456	peak61982	.	*
NC_064043.1	9190749	9190999	peak62039	.	*
NC_064043.1	9276428	9276678	peak62086	.	*
NC_064043.1	9280575	9280825	peak62087	.	*
NC_064043.1	9280876	9281126	peak62088	.	*
NC_064043.1	9281280	9281530	peak62089	.	*
NC_064043.1	9308133	9308383	peak62095	.	*
NC_064043.1	9309055	9309305	peak62096	.	*
NC_064043.1	9332819	9333069	peak62103	.	*
NC_064043.1	9537383	9537633	peak62181	.	*
NC_064043.1	9748613	9748863	peak62255	.	*
NC_064043.1	10388445	10388695	peak62474	.	*
NC_064043.1	10391117	10391367	peak62478	.	*
NC_064043.1	10392566	10392816	peak62481	.	*
NC_064043.1	10395532	10395782	peak62484	.	*
NC_064043.1	10396446	10396696	peak62486	.	*
NC_064043.1	10397659	10397909	peak62489	.	*
NC_064043.1	10398414	10398664	peak62490	.	*
NC_064043.1	10400577	10400827	peak62494	.	*
NC_064043.1	10813418	10813668	peak62672	.	*
NC_064043.1	10813584	10813833	peak62673	.	*
NC_064043.1	11044610	11044860	peak62782	.	*
NC_064043.1	11750387	11750637	peak63057	.	*
NC_064043.1	11885823	11886073	peak63107	.	*
NC_064043.1	12177271	12177521	peak63203	.	*
NC_064043.1	12179425	12179675	peak63205	.	*
NC_064043.1	12242174	12242424	peak63229	.	*
NC_064043.1	12394943	12395193	peak63282	.	*
NC_064043.1	12627735	12627985	peak63406	.	*
NC_064043.1	12807837	12808087	peak63486	.	*
NC_064043.1	12808185	12808435	peak63487	.	*
NC_064043.1	12922997	12923247	peak63542	.	*
NC_064043.1	13108461	13108711	peak63595	.	*
NC_064043.1	13110167	13110417	peak63598	.	*
NC_064043.1	13691554	13691804	peak63822	.	*
NC_064043.1	13691865	13692115	peak63823	.	*
NC_064043.1	13728210	13728460	peak63848	.	*
NC_064043.1	14056743	14056993	peak64024	.	*
NC_064043.1	14057850	14058100	peak64026	.	*
NC_064043.1	14213679	14213929	peak64062	.	*
NC_064043.1	14858095	14858345	peak64299	.	*
NC_064043.1	14939958	14940208	peak64326	.	*
NC_064043.1	14940891	14941141	peak64327	.	*
NC_064043.1	15055693	15055943	peak64347	.	*
NC_064043.1	15289248	15289498	peak64450	.	*
NC_064044.1	579090	579340	peak64734	.	*
NC_064044.1	579805	580055	peak64735	.	*
NC_064044.1	581175	581425	peak64737	.	*
NC_064044.1	592739	592989	peak64740	.	*
NC_064044.1	593043	593293	peak64741	.	*
NC_064044.1	593551	593801	peak64742	.	*
NC_064044.1	593823	594073	peak64743	.	*
NC_064044.1	600582	600832	peak64746	.	*
NC_064044.1	601603	601853	peak64747	.	*
NC_064044.1	607997	608247	peak64751	.	*
NC_064044.1	1069545	1069795	peak64876	.	*
NC_064044.1	1070048	1070298	peak64877	.	*
NC_064044.1	2078490	2078740	peak64943	.	*
NC_064044.1	2547155	2547405	peak64976	.	*
NC_064044.1	2732820	2733070	peak65002	.	*
NC_064044.1	2733314	2733564	peak65003	.	*
NC_064044.1	2736025	2736275	peak65005	.	*
NC_064044.1	2880083	2880333	peak65047	.	*
NC_064044.1	2908604	2908854	peak65058	.	*
NC_064044.1	2909697	2909947	peak65059	.	*
NC_064044.1	2916334	2916584	peak65062	.	*
NC_064044.1	2967630	2967880	peak65078	.	*
NC_064044.1	3271280	3271530	peak65182	.	*
NC_064044.1	3347295	3347545	peak65227	.	*
NC_064044.1	3663556	3663806	peak65321	.	*
NC_064044.1	3720790	3721040	peak65337	.	*
NC_064044.1	3804748	3804998	peak65369	.	*
NC_064044.1	4828423	4828673	peak65732	.	*
NC_064044.1	4836962	4837212	peak65735	.	*
NC_064044.1	4837637	4837887	peak65736	.	*
NC_064044.1	4838061	4838311	peak65737	.	*
NC_064044.1	5178959	5179209	peak65830	.	*
NC_064044.1	5197589	5197839	peak65834	.	*
NC_064044.1	5221446	5221696	peak65838	.	*
NC_064044.1	5222491	5222741	peak65840	.	*
NC_064044.1	5260082	5260332	peak65848	.	*
NC_064044.1	5921390	5921640	peak66039	.	*
NC_064044.1	6416208	6416458	peak66146	.	*
NC_064044.1	6619166	6619416	peak66222	.	*
NC_064044.1	6960581	6960831	peak66356	.	*
NC_064044.1	6961187	6961437	peak66357	.	*
NC_064044.1	6970535	6970785	peak66360	.	*
NC_064044.1	7231738	7231988	peak66445	.	*
NC_064044.1	7299684	7299934	peak66484	.	*
NC_064044.1	7299943	7300193	peak66485	.	*
NC_064044.1	7301713	7301963	peak66486	.	*
NC_064044.1	7302068	7302318	peak66487	.	*
NC_064044.1	7376635	7376885	peak66504	.	*
NC_064044.1	7400134	7400384	peak66517	.	*
NC_064044.1	7507999	7508249	peak66550	.	*
NC_064044.1	7639416	7639666	peak66624	.	*
NC_064044.1	7736308	7736558	peak66660	.	*
NC_064044.1	8024590	8024840	peak66744	.	*
NC_064044.1	8250511	8250761	peak66846	.	*
NC_064044.1	8614489	8614738	peak67004	.	*
NC_064044.1	8616103	8616353	peak67006	.	*
NC_064044.1	8618182	8618432	peak67007	.	*
NC_064044.1	8619133	8619383	peak67008	.	*
NC_064044.1	8619398	8619648	peak67009	.	*
NC_064044.1	8621321	8621571	peak67011	.	*
NC_064044.1	8622758	8623008	peak67015	.	*
NC_064044.1	8624051	8624301	peak67016	.	*
NC_064044.1	8699598	8699848	peak67043	.	*
NC_064044.1	8701286	8701536	peak67044	.	*
NC_064044.1	9009627	9009877	peak67123	.	*
NC_064044.1	9010008	9010258	peak67124	.	*
NC_064044.1	9011205	9011455	peak67126	.	*
NC_064044.1	9444726	9444976	peak67268	.	*
NC_064044.1	9511356	9511606	peak67299	.	*
NC_064044.1	9519154	9519404	peak67304	.	*
NC_064044.1	9564172	9564422	peak67322	.	*
NC_064044.1	10172785	10173035	peak67535	.	*
NC_064044.1	10574537	10574787	peak67612	.	*
NC_064044.1	10575759	10576009	peak67615	.	*
NC_064044.1	10577992	10578242	peak67617	.	*
NC_064044.1	10578316	10578566	peak67618	.	*
NC_064044.1	10579772	10580022	peak67619	.	*
NC_064044.1	10583073	10583323	peak67621	.	*
NC_064044.1	10583340	10583590	peak67622	.	*
NC_064044.1	10610672	10610922	peak67625	.	*
NC_064044.1	10611071	10611321	peak67626	.	*
NC_064044.1	10634970	10635220	peak67634	.	*
NC_064044.1	10636107	10636357	peak67635	.	*
NC_064044.1	11011604	11011854	peak67748	.	*
NC_064044.1	11012537	11012787	peak67750	.	*
NC_064044.1	11031130	11031380	peak67752	.	*
NC_064044.1	11228394	11228644	peak67771	.	*
NC_064044.1	11406877	11407127	peak67856	.	*
NC_064044.1	11663216	11663466	peak67969	.	*
NC_064044.1	11753716	11753966	peak67993	.	*
NC_064044.1	11823506	11823756	peak68022	.	*
NC_064044.1	11843467	11843717	peak68028	.	*
NC_064044.1	11994321	11994571	peak68092	.	*
NC_064044.1	11994976	11995226	peak68093	.	*
NC_064044.1	12062807	12063057	peak68125	.	*
NC_064044.1	12845930	12846180	peak68467	.	*
NC_064044.1	13259051	13259301	peak68620	.	*
NC_064044.1	13259884	13260134	peak68621	.	*
NC_064044.1	13270572	13270822	peak68623	.	*
NC_064044.1	14733798	14734048	peak69020	.	*
NC_064044.1	15313262	15313512	peak69081	.	*
NC_064044.1	15314365	15314615	peak69082	.	*
NC_064044.1	16303528	16303778	peak69406	.	*
NC_064044.1	16304868	16305118	peak69407	.	*
NC_064044.1	16305251	16305501	peak69408	.	*
NC_064045.1	1711488	1711738	peak69567	.	*
NC_064045.1	2725077	2725327	peak69794	.	*
NC_064045.1	3047758	3048008	peak69876	.	*
NC_064045.1	3359519	3359769	peak70003	.	*
NC_064045.1	3360574	3360824	peak70004	.	*
NC_064045.1	3361415	3361665	peak70005	.	*
NC_064045.1	3729770	3730020	peak70151	.	*
NC_064045.1	3732839	3733089	peak70155	.	*
NC_064045.1	3733376	3733626	peak70156	.	*
NC_064045.1	4607934	4608184	peak70508	.	*
NC_064045.1	4609101	4609351	peak70510	.	*
NC_064045.1	4874646	4874896	peak70629	.	*
NC_064045.1	4875749	4875999	peak70631	.	*
NC_064045.1	4886437	4886687	peak70632	.	*
NC_064045.1	4902468	4902718	peak70642	.	*
NC_064045.1	5472217	5472467	peak70850	.	*
NC_064045.1	5481998	5482248	peak70860	.	*
NC_064045.1	5663629	5663879	peak70900	.	*
NC_064045.1	5665033	5665282	peak70902	.	*
NC_064045.1	5859061	5859311	peak70979	.	*
NC_064045.1	6261723	6261973	peak71142	.	*
NC_064045.1	6683021	6683271	peak71249	.	*
NC_064045.1	6844871	6845121	peak71327	.	*
NC_064045.1	7096538	7096788	peak71424	.	*
NC_064045.1	8249292	8249542	peak71660	.	*
NC_064045.1	8252348	8252598	peak71665	.	*
NC_064045.1	8253230	8253480	peak71666	.	*
NC_064045.1	8253674	8253924	peak71667	.	*
NC_064045.1	8254698	8254948	peak71668	.	*
NC_064045.1	8393524	8393774	peak71722	.	*
NC_064045.1	8423881	8424131	peak71738	.	*
NC_064045.1	9000686	9000936	peak71903	.	*
NC_064045.1	9008140	9008390	peak71906	.	*
NC_064045.1	9971921	9972171	peak72256	.	*
NC_064045.1	10164426	10164676	peak72303	.	*
NC_064045.1	10164911	10165161	peak72304	.	*
NC_064045.1	10212449	10212699	peak72334	.	*
NC_064045.1	10864003	10864253	peak72523	.	*
NC_064045.1	10870807	10871057	peak72525	.	*
NC_064045.1	10916020	10916270	peak72546	.	*
NC_064045.1	10917057	10917307	peak72547	.	*
NC_064045.1	11284978	11285228	peak72634	.	*
NC_064045.1	11789157	11789407	peak72811	.	*
NC_064045.1	11862347	11862597	peak72821	.	*
NC_064045.1	12000794	12001044	peak72878	.	*
NC_064045.1	12307675	12307924	peak72986	.	*
NC_064045.1	12704394	12704644	peak73162	.	*
NC_064045.1	12923778	12924028	peak73235	.	*
NC_064045.1	12935104	12935354	peak73239	.	*
NC_064045.1	12935599	12935849	peak73240	.	*
NC_064045.1	13114668	13114918	peak73302	.	*
NC_064045.1	13125455	13125705	peak73304	.	*
NC_064045.1	13273047	13273297	peak73345	.	*
NC_064045.1	13275250	13275500	peak73346	.	*
NC_064045.1	13276038	13276288	peak73347	.	*
NC_064045.1	13621269	13621519	peak73437	.	*
NC_064045.1	13758544	13758794	peak73470	.	*
NC_064045.1	13759528	13759778	peak73471	.	*
NC_064045.1	14698319	14698569	peak73741	.	*
NC_064045.1	14895612	14895862	peak73815	.	*
NC_064045.1	15099899	15100149	peak73910	.	*
NC_064045.1	15100483	15100733	peak73911	.	*
NC_064045.1	15101348	15101598	peak73912	.	*
NC_064045.1	15102203	15102453	peak73914	.	*
NC_064045.1	15103478	15103728	peak73915	.	*
NC_064045.1	15104307	15104557	peak73916	.	*
NC_064045.1	15105046	15105296	peak73917	.	*
NC_064046.1	86768	87018	peak74041	.	*
NC_064046.1	96470	96720	peak74053	.	*
NC_064046.1	664173	664423	peak74251	.	*
NC_064046.1	664620	664870	peak74252	.	*
NC_064046.1	666673	666923	peak74253	.	*
NC_064046.1	667985	668235	peak74254	.	*
NC_064046.1	751244	751494	peak74289	.	*
NC_064046.1	763647	763897	peak74305	.	*
NC_064046.1	764905	765155	peak74306	.	*
NC_064046.1	765877	766127	peak74308	.	*
NC_064046.1	1170722	1170972	peak74451	.	*
NC_064046.1	1379345	1379595	peak74555	.	*
NC_064046.1	1412992	1413242	peak74568	.	*
NC_064046.1	1504741	1504991	peak74598	.	*
NC_064046.1	1506109	1506359	peak74601	.	*
NC_064046.1	1652606	1652856	peak74662	.	*
NC_064046.1	1932568	1932818	peak74794	.	*
NC_064046.1	1978129	1978379	peak74805	.	*
NC_064046.1	1979600	1979850	peak74807	.	*
NC_064046.1	2105624	2105874	peak74850	.	*
NC_064046.1	2106285	2106535	peak74851	.	*
NC_064046.1	2121477	2121727	peak74860	.	*
NC_064046.1	2567109	2567359	peak75031	.	*
NC_064046.1	2570167	2570417	peak75036	.	*
NC_064046.1	2570477	2570727	peak75037	.	*
NC_064046.1	2905679	2905929	peak75153	.	*
NC_064046.1	2906009	2906259	peak75154	.	*
NC_064046.1	2981334	2981584	peak75189	.	*
NC_064046.1	2982755	2983005	peak75191	.	*
NC_064046.1	3249538	3249788	peak75321	.	*
NC_064046.1	3357728	3357978	peak75366	.	*
NC_064046.1	3435926	3436176	peak75391	.	*
NC_064046.1	4061089	4061339	peak75589	.	*
NC_064046.1	4069458	4069708	peak75591	.	*
NC_064046.1	4069915	4070165	peak75592	.	*
NC_064046.1	4166909	4167159	peak75635	.	*
NC_064046.1	4167304	4167554	peak75636	.	*
NC_064046.1	4315394	4315644	peak75704	.	*
NC_064046.1	4523422	4523672	peak75763	.	*
NC_064046.1	4547788	4548038	peak75771	.	*
NC_064046.1	4547989	4548238	peak75772	.	*
NC_064046.1	5120758	5121008	peak75973	.	*
NC_064046.1	6091593	6091843	peak76177	.	*
NC_064046.1	6335226	6335476	peak76261	.	*
NC_064046.1	6391293	6391543	peak76274	.	*
NC_064046.1	6391561	6391811	peak76275	.	*
NC_064046.1	6440710	6440960	peak76292	.	*
NC_064046.1	6441010	6441260	peak76293	.	*
NC_064046.1	6506937	6507187	peak76326	.	*
NC_064046.1	7233698	7233948	peak76541	.	*
NC_064046.1	7233991	7234241	peak76542	.	*
NC_064046.1	7721452	7721702	peak76658	.	*
NC_064046.1	7984271	7984521	peak76689	.	*
NC_064046.1	8015831	8016081	peak76700	.	*
NC_064046.1	8022612	8022862	peak76702	.	*
NC_064046.1	8023040	8023290	peak76703	.	*
NC_064046.1	8023731	8023981	peak76704	.	*
NC_064046.1	8026753	8027003	peak76706	.	*
NC_064046.1	8178452	8178702	peak76763	.	*
NC_064046.1	8205353	8205603	peak76780	.	*
NC_064046.1	8825388	8825638	peak76950	.	*
NC_064046.1	8878967	8879217	peak76966	.	*
NC_064046.1	8937057	8937307	peak76993	.	*
NC_064046.1	8957175	8957425	peak77003	.	*
NC_064046.1	9095822	9096072	peak77050	.	*
NC_064046.1	9574477	9574727	peak77162	.	*
NC_064046.1	9867423	9867673	peak77232	.	*
NC_064046.1	9909753	9910003	peak77277	.	*
NC_064046.1	10129902	10130152	peak77321	.	*
NC_064046.1	10248331	10248581	peak77359	.	*
NC_064046.1	10493431	10493681	peak77452	.	*
NC_064046.1	10493992	10494242	peak77454	.	*
NC_064046.1	10567112	10567362	peak77486	.	*
NC_064046.1	11241455	11241705	peak77698	.	*
NC_064046.1	11246970	11247220	peak77699	.	*
NC_064046.1	11322426	11322676	peak77733	.	*
NC_064046.1	11323369	11323619	peak77734	.	*
NC_064046.1	11323521	11323770	peak77735	.	*
NC_064046.1	11323698	11323948	peak77736	.	*
NC_064046.1	11502822	11503072	peak77807	.	*
NC_064046.1	11511469	11511719	peak77811	.	*
NC_064046.1	11511667	11511916	peak77812	.	*
NC_064046.1	11519880	11520130	peak77813	.	*
NC_064046.1	11684106	11684356	peak77876	.	*
NC_064046.1	11684511	11684761	peak77877	.	*
NC_064046.1	11686025	11686275	peak77879	.	*
NC_064046.1	11687127	11687377	peak77880	.	*
NC_064046.1	11733678	11733928	peak77921	.	*
NC_064046.1	11734180	11734430	peak77922	.	*
NC_064046.1	11956990	11957240	peak78041	.	*
NC_064046.1	11958473	11958723	peak78042	.	*
NC_064046.1	11959878	11960128	peak78044	.	*
NC_064046.1	11961300	11961550	peak78045	.	*
NC_064046.1	11963950	11964200	peak78047	.	*
NC_064046.1	11968083	11968333	peak78051	.	*
NC_064046.1	11976387	11976637	peak78053	.	*
NC_064046.1	11976684	11976934	peak78054	.	*
NC_064046.1	11978443	11978693	peak78056	.	*
NC_064046.1	11979048	11979298	peak78057	.	*
NC_064046.1	11982199	11982449	peak78059	.	*
NC_064046.1	11982728	11982978	peak78060	.	*
NC_064046.1	11984181	11984431	peak78061	.	*
NC_064046.1	11984730	11984980	peak78062	.	*
NC_064046.1	11987086	11987336	peak78063	.	*
NC_064046.1	11989771	11990021	peak78065	.	*
NC_064046.1	11992169	11992419	peak78068	.	*
NC_064046.1	11992923	11993173	peak78069	.	*
NC_064046.1	11993534	11993784	peak78070	.	*
NC_064046.1	11993804	11994053	peak78071	.	*
NC_064046.1	11993991	11994241	peak78072	.	*
NC_064046.1	11995858	11996108	peak78074	.	*
NC_064046.1	11999167	11999417	peak78077	.	*
NC_064046.1	12037425	12037675	peak78102	.	*
NC_064046.1	12301727	12301977	peak78212	.	*
NC_064046.1	12408261	12408511	peak78244	.	*
NC_064046.1	12414506	12414755	peak78246	.	*
NC_064046.1	12414665	12414915	peak78247	.	*
NC_064046.1	12481971	12482221	peak78272	.	*
NC_064046.1	12851086	12851336	peak78434	.	*
NC_064046.1	13189894	13190144	peak78608	.	*
NC_064046.1	13191096	13191346	peak78609	.	*
NC_064046.1	13191578	13191828	peak78610	.	*
NC_064046.1	13192354	13192604	peak78611	.	*
NC_064046.1	13195035	13195285	peak78612	.	*
NC_064046.1	13253803	13254053	peak78626	.	*
NC_064046.1	13362360	13362610	peak78694	.	*
NC_064046.1	13366157	13366407	peak78700	.	*
NC_064046.1	13451671	13451921	peak78767	.	*
NC_064046.1	14119156	14119406	peak78973	.	*
NC_064046.1	14119774	14120024	peak78974	.	*
NC_064047.1	429124	429374	peak79197	.	*
NC_064047.1	429425	429675	peak79198	.	*
NC_064047.1	430224	430474	peak79199	.	*
NC_064047.1	431405	431655	peak79200	.	*
NC_064047.1	466482	466732	peak79210	.	*
NC_064047.1	1021966	1022216	peak79447	.	*
NC_064047.1	1022459	1022709	peak79448	.	*
NC_064047.1	1324923	1325173	peak79551	.	*
NC_064047.1	1325727	1325977	peak79552	.	*
NC_064047.1	1556815	1557065	peak79607	.	*
NC_064047.1	1558206	1558456	peak79608	.	*
NC_064047.1	2296352	2296602	peak79854	.	*
NC_064047.1	2306405	2306655	peak79855	.	*
NC_064047.1	2307215	2307465	peak79856	.	*
NC_064047.1	2329498	2329748	peak79873	.	*
NC_064047.1	2331252	2331502	peak79877	.	*
NC_064047.1	2331775	2332025	peak79878	.	*
NC_064047.1	2334849	2335099	peak79881	.	*
NC_064047.1	2336773	2337023	peak79885	.	*
NC_064047.1	2337866	2338116	peak79887	.	*
NC_064047.1	2339166	2339416	peak79889	.	*
NC_064047.1	2344626	2344876	peak79895	.	*
NC_064047.1	2905091	2905341	peak80114	.	*
NC_064047.1	3536754	3537004	peak80308	.	*
NC_064047.1	3649573	3649823	peak80336	.	*
NC_064047.1	3692690	3692940	peak80346	.	*
NC_064047.1	3833282	3833532	peak80382	.	*
NC_064047.1	4274551	4274801	peak80542	.	*
NC_064047.1	4850186	4850436	peak80702	.	*
NC_064047.1	5088041	5088291	peak80765	.	*
NC_064047.1	5095759	5096009	peak80768	.	*
NC_064047.1	5116897	5117147	peak80773	.	*
NC_064047.1	5117905	5118155	peak80774	.	*
NC_064047.1	5119493	5119743	peak80777	.	*
NC_064047.1	5714107	5714357	peak80971	.	*
NC_064047.1	5799209	5799459	peak81010	.	*
NC_064047.1	6012115	6012365	peak81074	.	*
NC_064047.1	6016386	6016636	peak81077	.	*
NC_064047.1	6189789	6190039	peak81136	.	*
NC_064047.1	6332374	6332624	peak81185	.	*
NC_064047.1	6333061	6333311	peak81187	.	*
NC_064047.1	6421251	6421501	peak81230	.	*
NC_064047.1	6549322	6549572	peak81286	.	*
NC_064047.1	6843927	6844177	peak81384	.	*
NC_064047.1	7717931	7718181	peak81538	.	*
NC_064047.1	8407693	8407943	peak81728	.	*
NC_064047.1	8490106	8490356	peak81771	.	*
NC_064047.1	8514829	8515079	peak81788	.	*
NC_064047.1	8515112	8515362	peak81789	.	*
NC_064047.1	8562700	8562950	peak81808	.	*
NC_064047.1	8577619	8577869	peak81812	.	*
NC_064047.1	8578042	8578292	peak81813	.	*
NC_064047.1	8590868	8591118	peak81816	.	*
NC_064047.1	8591376	8591626	peak81817	.	*
NC_064047.1	8592492	8592742	peak81819	.	*
NC_064047.1	8592784	8593034	peak81820	.	*
NC_064047.1	8950250	8950500	peak81950	.	*
NC_064047.1	8951617	8951867	peak81952	.	*
NC_064047.1	9010020	9010270	peak81969	.	*
NC_064047.1	9010410	9010660	peak81970	.	*
NC_064047.1	9014603	9014853	peak81979	.	*
NC_064047.1	9101432	9101682	peak82019	.	*
NC_064047.1	9130819	9131069	peak82029	.	*
NC_064047.1	9208250	9208500	peak82057	.	*
NC_064047.1	9356840	9357090	peak82096	.	*
NC_064047.1	9358909	9359159	peak82099	.	*
NC_064047.1	9513344	9513594	peak82136	.	*
NC_064047.1	9514340	9514590	peak82137	.	*
NC_064047.1	9812531	9812781	peak82233	.	*
NC_064047.1	9813326	9813576	peak82234	.	*
NC_064047.1	9813975	9814225	peak82235	.	*
NC_064047.1	9826110	9826360	peak82250	.	*
NC_064047.1	9830320	9830570	peak82256	.	*
NC_064047.1	9830916	9831166	peak82257	.	*
NC_064047.1	9978074	9978324	peak82322	.	*
NC_064047.1	9978558	9978808	peak82323	.	*
NC_064047.1	10181120	10181370	peak82387	.	*
NC_064047.1	10568045	10568295	peak82577	.	*
NC_064047.1	10898269	10898519	peak82648	.	*
NC_064047.1	11137012	11137262	peak82739	.	*
NC_064047.1	11814971	11815221	peak82922	.	*
NC_064047.1	13290926	13291176	peak83156	.	*
NC_064047.1	14365070	14365320	peak83380	.	*
NC_064048.1	356014	356264	peak83588	.	*
NC_064048.1	504014	504264	peak83659	.	*
NC_064048.1	504276	504526	peak83660	.	*
NC_064048.1	504859	505109	peak83661	.	*
NC_064048.1	505359	505609	peak83662	.	*
NC_064048.1	505999	506249	peak83663	.	*
NC_064048.1	578336	578586	peak83681	.	*
NC_064048.1	596790	597040	peak83692	.	*
NC_064048.1	614238	614488	peak83695	.	*
NC_064048.1	614890	615140	peak83696	.	*
NC_064048.1	666822	667072	peak83717	.	*
NC_064048.1	712897	713147	peak83736	.	*
NC_064048.1	722418	722668	peak83739	.	*
NC_064048.1	723157	723407	peak83740	.	*
NC_064048.1	725418	725668	peak83741	.	*
NC_064048.1	725900	726150	peak83742	.	*
NC_064048.1	728825	729075	peak83744	.	*
NC_064048.1	734113	734363	peak83745	.	*
NC_064048.1	734539	734789	peak83746	.	*
NC_064048.1	868418	868668	peak83794	.	*
NC_064048.1	955769	956019	peak83827	.	*
NC_064048.1	1027401	1027651	peak83860	.	*
NC_064048.1	1233283	1233533	peak83943	.	*
NC_064048.1	2130090	2130340	peak84252	.	*
NC_064048.1	2155452	2155702	peak84262	.	*
NC_064048.1	2156111	2156361	peak84263	.	*
NC_064048.1	2242838	2243088	peak84292	.	*
NC_064048.1	2243643	2243893	peak84293	.	*
NC_064048.1	2245125	2245375	peak84294	.	*
NC_064048.1	2245446	2245696	peak84295	.	*
NC_064048.1	2255053	2255303	peak84308	.	*
NC_064048.1	2315507	2315757	peak84324	.	*
NC_064048.1	2348657	2348907	peak84356	.	*
NC_064048.1	2386067	2386317	peak84372	.	*
NC_064048.1	2944201	2944451	peak84579	.	*
NC_064048.1	2944883	2945133	peak84580	.	*
NC_064048.1	2957554	2957804	peak84585	.	*
NC_064048.1	2962328	2962578	peak84587	.	*
NC_064048.1	2964738	2964988	peak84589	.	*
NC_064048.1	2965134	2965384	peak84590	.	*
NC_064048.1	2970997	2971247	peak84592	.	*
NC_064048.1	3342257	3342507	peak84669	.	*
NC_064048.1	4048813	4049063	peak84957	.	*
NC_064048.1	4049771	4050021	peak84958	.	*
NC_064048.1	4050308	4050558	peak84959	.	*
NC_064048.1	4054368	4054618	peak84961	.	*
NC_064048.1	4127724	4127974	peak84993	.	*
NC_064048.1	4128004	4128254	peak84994	.	*
NC_064048.1	4130115	4130365	peak84995	.	*
NC_064048.1	4173056	4173306	peak85012	.	*
NC_064048.1	4180521	4180771	peak85016	.	*
NC_064048.1	4210139	4210389	peak85022	.	*
NC_064048.1	4894765	4895015	peak85281	.	*
NC_064048.1	5390231	5390481	peak85479	.	*
NC_064048.1	5391981	5392231	peak85480	.	*
NC_064048.1	5529354	5529604	peak85519	.	*
NC_064048.1	5538384	5538634	peak85522	.	*
NC_064048.1	5689586	5689836	peak85590	.	*
NC_064048.1	5784184	5784434	peak85617	.	*
NC_064048.1	5786574	5786824	peak85619	.	*
NC_064048.1	6165039	6165289	peak85806	.	*
NC_064048.1	6190612	6190862	peak85812	.	*
NC_064048.1	6190981	6191231	peak85813	.	*
NC_064048.1	6192193	6192443	peak85815	.	*
NC_064048.1	6192377	6192626	peak85816	.	*
NC_064048.1	6192605	6192855	peak85817	.	*
NC_064048.1	6302393	6302643	peak85870	.	*
NC_064048.1	6367512	6367762	peak85886	.	*
NC_064048.1	6632490	6632740	peak85972	.	*
NC_064048.1	6689759	6690009	peak85995	.	*
NC_064048.1	6689918	6690167	peak85996	.	*
NC_064048.1	6690234	6690484	peak85997	.	*
NC_064048.1	6696700	6696950	peak86002	.	*
NC_064048.1	6711881	6712131	peak86006	.	*
NC_064048.1	6719282	6719532	peak86009	.	*
NC_064048.1	6727082	6727332	peak86011	.	*
NC_064048.1	6727843	6728093	peak86012	.	*
NC_064048.1	6729083	6729333	peak86014	.	*
NC_064048.1	6731221	6731471	peak86017	.	*
NC_064048.1	6806616	6806866	peak86036	.	*
NC_064048.1	6818806	6819056	peak86038	.	*
NC_064048.1	6918149	6918399	peak86057	.	*
NC_064048.1	7806517	7806767	peak86358	.	*
NC_064048.1	8277138	8277388	peak86518	.	*
NC_064048.1	8277995	8278245	peak86519	.	*
NC_064048.1	8426759	8427009	peak86576	.	*
NC_064048.1	8446293	8446543	peak86592	.	*
NC_064048.1	8460860	8461110	peak86601	.	*
NC_064048.1	8497851	8498101	peak86617	.	*
NC_064048.1	8498661	8498911	peak86618	.	*
NC_064048.1	8512300	8512550	peak86622	.	*
NC_064048.1	8512496	8512745	peak86623	.	*
NC_064048.1	9122282	9122532	peak86846	.	*
NC_064048.1	9123133	9123383	peak86847	.	*
NC_064048.1	9127759	9128009	peak86848	.	*
NC_064048.1	9138712	9138962	peak86851	.	*
NC_064048.1	9179056	9179306	peak86861	.	*
NC_064048.1	9180861	9181111	peak86862	.	*
NC_064048.1	9181179	9181429	peak86863	.	*
NC_064048.1	9190539	9190789	peak86864	.	*
NC_064048.1	9321283	9321533	peak86914	.	*
NC_064048.1	9474747	9474997	peak86958	.	*
NC_064048.1	9603696	9603946	peak87003	.	*
NC_064048.1	9606130	9606380	peak87005	.	*
NC_064048.1	9628947	9629197	peak87012	.	*
NC_064048.1	9632100	9632350	peak87014	.	*
NC_064048.1	9642093	9642343	peak87016	.	*
NC_064048.1	9665419	9665669	peak87023	.	*
NC_064048.1	9669492	9669742	peak87025	.	*
NC_064048.1	9670028	9670278	peak87026	.	*
NC_064048.1	9683727	9683977	peak87037	.	*
NC_064048.1	9684000	9684250	peak87038	.	*
NC_064048.1	9950270	9950520	peak87145	.	*
NC_064048.1	9950709	9950959	peak87146	.	*
NC_064048.1	9951560	9951810	peak87148	.	*
NC_064048.1	10051907	10052157	peak87193	.	*
NC_064048.1	10173844	10174094	peak87231	.	*
NC_064048.1	10386912	10387162	peak87308	.	*
NC_064048.1	10738789	10739039	peak87435	.	*
NC_064048.1	10739118	10739368	peak87436	.	*
NC_064048.1	10739418	10739668	peak87437	.	*
NC_064048.1	10739696	10739946	peak87438	.	*
NC_064048.1	10786523	10786773	peak87464	.	*
NC_064048.1	10799978	10800228	peak87474	.	*
NC_064048.1	10801518	10801768	peak87476	.	*
NC_064048.1	10881342	10881592	peak87498	.	*
NC_064048.1	10917245	10917495	peak87512	.	*
NC_064048.1	10983458	10983708	peak87536	.	*
NC_064048.1	10989176	10989426	peak87537	.	*
NC_064048.1	10991107	10991357	peak87539	.	*
NC_064048.1	10994379	10994629	peak87542	.	*
NC_064048.1	12620517	12620767	peak87709	.	*
NC_064048.1	12741508	12741758	peak87741	.	*
NC_064048.1	12741953	12742203	peak87742	.	*
NC_064048.1	12742219	12742469	peak87743	.	*
NC_064048.1	12781852	12782102	peak87758	.	*
