seqnames	start	end	peak	score	strand	Log2FC	Pval	FDR
NC_064034.1	801824	802074	peak67	.	*	3.35571617105072	0.00146070200152311	0.0380036411768854
NC_064034.1	1331921	1332171	peak208	.	*	3.45985818758733	1.30026186061807e-05	0.00134606018009895
NC_064034.1	1382952	1383202	peak230	.	*	4.1737284756877	7.27958314699403e-06	0.000862493139526034
NC_064034.1	1691619	1691869	peak372	.	*	1.49342384019133	0.000315338925214332	0.0133921601817776
NC_064034.1	1735779	1736029	peak395	.	*	6.64665465955342	1.56653313892298e-10	1.29923216826422e-07
NC_064034.1	2264868	2265118	peak620	.	*	2.84211984407683	7.65841338234507e-05	0.00517409005246356
NC_064034.1	2342029	2342279	peak639	.	*	3.02642029166046	2.5735048715642e-06	0.000386856758349406
NC_064034.1	2468288	2468538	peak694	.	*	3.89627594382917	2.61040207191546e-05	0.00233689282256898
NC_064034.1	2472068	2472318	peak695	.	*	1.9883945113406	0.000918546561668621	0.0275812430949644
NC_064034.1	2496638	2496888	peak710	.	*	7.53896928547311	0.000165836216982246	0.00841484686100844
NC_064034.1	3272051	3272301	peak997	.	*	7.36553275141304	9.6076878631518e-05	0.00569164792911099
NC_064034.1	4079744	4079994	peak1262	.	*	2.71229168258679	5.79183809268283e-06	0.000738357027522137
NC_064034.1	4825386	4825636	peak1618	.	*	3.89622730388986	0.0012442731592275	0.0359067117462388
NC_064034.1	4930795	4931045	peak1687	.	*	8.57705982303175	1.87537302320091e-05	0.00174603673609238
NC_064034.1	5215095	5215345	peak1793	.	*	2.83789389360605	0.000428586697434054	0.01730535710876
NC_064034.1	5526024	5526274	peak1915	.	*	7.09517377899474	0.000165836216982246	0.00841484686100844
NC_064034.1	6458617	6458867	peak2190	.	*	7.72392582694016	0.00049573810199062	0.0183530136630325
NC_064034.1	6474906	6475156	peak2201	.	*	7.31190091380322	0.000495738668550349	0.0183530136630325
NC_064034.1	7081225	7081475	peak2474	.	*	3.70161236697303	0.0012395043342293	0.0358462666277815
NC_064034.1	8148837	8149087	peak2876	.	*	2.4429558987942	0.000540245185354589	0.0196468831202688
NC_064034.1	8153454	8153704	peak2877	.	*	7.76830508825042	0.000286536683292796	0.0123212481424265
NC_064034.1	8170923	8171173	peak2880	.	*	9.19530323217815	1.08861406043527e-05	0.00114336427116744
NC_064034.1	8173893	8174143	peak2886	.	*	8.27577163662385	6.31989610593216e-06	0.000761288987518422
NC_064034.1	8264974	8265224	peak2954	.	*	2.41945818186574	0.000579921404059986	0.0207252248191918
NC_064034.1	8726581	8726831	peak3088	.	*	2.40076070066839	0.000531978667456405	0.0194059255562775
NC_064034.1	9342044	9342294	peak3358	.	*	4.14856437839382	0.0012395043342293	0.0358462666277815
NC_064034.1	11144819	11145069	peak4047	.	*	7.14648780878633	0.000859131455610032	0.0262783510722941
NC_064034.1	11172059	11172309	peak4052	.	*	8.27322990472026	9.6076878631518e-05	0.00569164792911099
NC_064034.1	11257646	11257896	peak4115	.	*	3.56725362730956	0.000859033116498391	0.0262783510722941
NC_064034.1	11939760	11940010	peak4367	.	*	1.48089839253517	0.000121387954603529	0.00695138719398222
NC_064034.1	13676342	13676592	peak5101	.	*	1.99584608268156	0.000636468728347781	0.0226340074391001
NC_064034.1	13700846	13701096	peak5107	.	*	2.6859202762907	0.000944638303289607	0.0282940542855382
NC_064034.1	15260093	15260343	peak5361	.	*	2.01024756414091	9.44931927899623e-05	0.00569164792911099
NC_064034.1	15300116	15300366	peak5368	.	*	1.60012615546912	0.000122998411197721	0.00702132148731927
NC_064034.1	15473515	15473765	peak5421	.	*	2.17911904734176	1.41645341697176e-06	0.000242190038629377
NC_064034.1	15571140	15571390	peak5453	.	*	6.67121531879165	3.90262798005297e-12	5.31309663963626e-09
NC_064034.1	16080129	16080379	peak5628	.	*	7.58093919363697	0.000286536683292796	0.0123212481424265
NC_064034.1	16435069	16435319	peak5726	.	*	1.50254911031453	0.00128180190463726	0.0361282876676177
NC_064034.1	16703998	16704248	peak5816	.	*	2.87448011069663	0.000530112712786931	0.0193672317929828
NC_064034.1	16770316	16770566	peak5844	.	*	2.00037000225455	0.000564092162405557	0.0202699551685124
NC_064034.1	16871098	16871348	peak5876	.	*	8.38584658474717	4.16053834536268e-07	9.32310512161034e-05
NC_064034.1	16993750	16994000	peak5931	.	*	1.77198886327195	0.000147369445893622	0.00800711743543235
NC_064034.1	17096276	17096525	peak5972	.	*	6.98226902588859	0.000859131455610032	0.0262783510722941
NC_064034.1	17804475	17804725	peak6182	.	*	2.01865985280865	1.99620525444107e-07	5.19986245971825e-05
NC_064034.1	17865980	17866229	peak6189	.	*	2.45924298547516	0.000381549185920973	0.0157859412328715
NC_064034.1	18422244	18422494	peak6372	.	*	1.04493870180125	0.00186537172892193	0.0459999648326596
NC_064034.1	18506598	18506848	peak6438	.	*	1.39361192099147	3.46429039092066e-05	0.00277748369279338
NC_064034.1	18660354	18660604	peak6492	.	*	1.97048897664169	0.000321317782463014	0.0135980554801283
NC_064034.1	19458425	19458675	peak6803	.	*	6.78645800245307	0.000286536683292796	0.0123212481424265
NC_064034.1	19657730	19657980	peak6883	.	*	6.93302163153257	0.0014921255000224	0.0380036411768854
NC_064034.1	19714132	19714382	peak6898	.	*	1.97147129842537	0.00190928537582999	0.0470346487855967
NC_064034.1	19720698	19720948	peak6899	.	*	1.99684604968539	2.54447891294748e-05	0.00229496094954657
NC_064034.1	20227624	20227874	peak7102	.	*	1.94655271557652	0.000515643482560925	0.0189537725339702
NC_064034.1	20403085	20403335	peak7160	.	*	7.78697618958194	2.12981845746451e-06	0.000326278239486946
NC_064034.1	20606283	20606533	peak7210	.	*	5.32595590285961	9.17529440517309e-06	0.00104753697437542
NC_064034.1	20607294	20607544	peak7211	.	*	7.88445222600649	1.08861652594003e-05	0.00114336427116744
NC_064034.1	20721304	20721554	peak7237	.	*	2.30535950648372	6.47328145575097e-05	0.0044653883694045
NC_064034.1	20989642	20989891	peak7325	.	*	6.66191040279825	0.0014921255000224	0.0380036411768854
NC_064034.1	21097849	21098099	peak7380	.	*	5.64853232624773	8.03813300449133e-05	0.00534352501106846
NC_064034.1	21307742	21307992	peak7510	.	*	1.37120711876446	5.11818916015918e-05	0.0038292332683603
NC_064034.1	21465391	21465641	peak7559	.	*	4.89470960480981	0.000707772001579475	0.0246937412790048
NC_064034.1	21595072	21595321	peak7610	.	*	3.14061075511913	0.000119958757868327	0.00689132281675197
NC_064034.1	21690511	21690761	peak7666	.	*	6.65603056199113	0.000495738668550349	0.0183530136630325
NC_064034.1	22028582	22028832	peak7759	.	*	2.05055807198206	0.00026245916118361	0.0121629677425841
NC_064035.1	917132	917382	peak7827	.	*	1.86651902663127	6.78864177229128e-06	0.000813678483521059
NC_064035.1	1266364	1266614	peak7939	.	*	5.84707892472429	1.2705886707235e-11	1.47869879896862e-08
NC_064035.1	1334974	1335224	peak7968	.	*	7.27276763939205	0.000165836216982246	0.00841484686100844
NC_064035.1	1475338	1475588	peak8013	.	*	3.12519587955458	0.000555612459548602	0.0200451085093647
NC_064035.1	1620480	1620730	peak8090	.	*	2.49545614724288	0.000587398973484673	0.0209613120335245
NC_064035.1	1865374	1865624	peak8187	.	*	8.3012392149659	4.16054306584233e-07	9.32310512161034e-05
NC_064035.1	1898290	1898540	peak8198	.	*	7.92994163815535	0.000859131455610032	0.0262783510722941
NC_064035.1	2313014	2313264	peak8340	.	*	2.53647899787263	0.000191846821570439	0.00957972831170591
NC_064035.1	2328215	2328465	peak8350	.	*	1.35035392874589	0.000425795664767821	0.0172409013419316
NC_064035.1	2400333	2400583	peak8381	.	*	6.90051347538903	0.000859131455610032	0.0262783510722941
NC_064035.1	2461088	2461338	peak8408	.	*	1.49994419453878	0.00123570063513639	0.035808023826613
NC_064035.1	2470121	2470371	peak8417	.	*	7.43801294103682	0.0014921255000224	0.0380036411768854
NC_064035.1	2746286	2746536	peak8525	.	*	4.86342630570445	0.00024118832794234	0.011571116613236
NC_064035.1	2962991	2963241	peak8587	.	*	2.11724003051976	0.00127813223380333	0.0360389336967875
NC_064035.1	3129046	3129295	peak8636	.	*	6.24653083046865	0.0014921255000224	0.0380036411768854
NC_064035.1	3149963	3150213	peak8642	.	*	1.93356678789504	0.000187287060626829	0.0093845124024506
NC_064035.1	3167679	3167929	peak8645	.	*	1.69396380266603	0.000652633385545039	0.0231379728595104
NC_064035.1	3204568	3204818	peak8660	.	*	1.31409358094747	0.000103847883751904	0.00607002258933469
NC_064035.1	4201619	4201869	peak9104	.	*	6.64479057230966	0.000859131455610032	0.0262783510722941
NC_064035.1	4242718	4242968	peak9114	.	*	7.57670538970393	9.6076878631518e-05	0.00569164792911099
NC_064035.1	4727414	4727663	peak9284	.	*	4.85256181925581	0.00122529894169726	0.0357941073433869
NC_064035.1	5308313	5308563	peak9528	.	*	1.67208829980732	0.00145255050875748	0.0380036411768854
NC_064035.1	5376160	5376410	peak9584	.	*	5.27098131533595	8.10174812848575e-05	0.00534352501106846
NC_064035.1	5401948	5402198	peak9615	.	*	2.91093463505036	6.14762746966454e-08	2.11229552416021e-05
NC_064035.1	5614216	5614466	peak9712	.	*	3.58365457378734	1.27380280207916e-07	3.70609843483959e-05
NC_064035.1	5733963	5734213	peak9762	.	*	8.55410464188382	9.6076878631518e-05	0.00569164792911099
NC_064035.1	5748986	5749236	peak9766	.	*	1.43175534762495	0.00102011383817311	0.0303031346205768
NC_064035.1	5827502	5827752	peak9814	.	*	3.79423057020812	4.84692729734811e-06	0.000651266367113879
NC_064035.1	6111648	6111898	peak9904	.	*	7.73996231373419	9.6076878631518e-05	0.00569164792911099
NC_064035.1	6351191	6351441	peak9978	.	*	1.58032048055242	0.00141998696283018	0.0380036411768854
NC_064035.1	6993038	6993288	peak10215	.	*	6.7673374110704	0.0014921255000224	0.0380036411768854
NC_064035.1	7010436	7010686	peak10220	.	*	7.99157422548736	2.12981845746451e-06	0.000326278239486946
NC_064035.1	7386155	7386405	peak10337	.	*	5.16689290002451	8.10174068841811e-05	0.00534352501106846
NC_064035.1	7712881	7713131	peak10459	.	*	3.79887354285003	0.000299294393203229	0.0127860195035992
NC_064035.1	8093708	8093958	peak10614	.	*	7.58909394990985	0.000165836216982246	0.00841484686100844
NC_064035.1	8343468	8343718	peak10705	.	*	1.8171459949653	0.000813072241252346	0.0262783510722941
NC_064035.1	8758004	8758254	peak10838	.	*	1.7174940511838	9.38664817157532e-05	0.00569164792911099
NC_064035.1	8855177	8855427	peak10877	.	*	5.60085169613694	0.000239311319383929	0.0115270415555056
NC_064035.1	8871910	8872160	peak10882	.	*	1.4483959859405	5.0386400847943e-05	0.00378317456106486
NC_064035.1	8915367	8915617	peak10907	.	*	7.03610343863357	1.08861652594003e-05	0.00114336427116744
NC_064035.1	9288726	9288976	peak11060	.	*	8.50607429612574	3.66898775872064e-06	0.000501393582822894
NC_064035.1	9624155	9624405	peak11227	.	*	7.73867776015689	1.08861529318708e-05	0.00114336427116744
NC_064035.1	9800534	9800784	peak11289	.	*	7.2425467914909	5.57045864081787e-05	0.00392516057840052
NC_064035.1	9917881	9918131	peak11321	.	*	2.8667215552709	0.0014809675712442	0.0380036411768854
NC_064035.1	10002056	10002306	peak11334	.	*	8.55693391342269	0.000495738668550349	0.0183530136630325
NC_064035.1	11559960	11560210	peak11935	.	*	3.41993066002113	0.000325691130363063	0.0137508739095066
NC_064035.1	11694039	11694289	peak11988	.	*	1.81698693217572	0.00011113591435189	0.00644097341370334
NC_064035.1	12576240	12576490	peak12341	.	*	7.92924166408746	0.0014921255000224	0.0380036411768854
NC_064035.1	12734604	12734854	peak12387	.	*	7.79248908035091	3.66898775872064e-06	0.000501393582822894
NC_064035.1	12735406	12735656	peak12388	.	*	2.59129940789264	0.000744209880356413	0.0251632914325759
NC_064035.1	12736276	12736526	peak12389	.	*	7.10227700195837	0.000859131455610032	0.0262783510722941
NC_064035.1	12780182	12780432	peak12403	.	*	1.72276485857779	6.56250931150399e-05	0.00452261565779914
NC_064035.1	13665485	13665735	peak12746	.	*	7.44850373384232	9.6076878631518e-05	0.00569164792911099
NC_064035.1	14152180	14152430	peak12891	.	*	1.55527020771844	4.58225020086842e-08	1.66720115540577e-05
NC_064035.1	14241942	14242192	peak12924	.	*	6.99830214641702	0.000859131455610032	0.0262783510722941
NC_064035.1	14782453	14782703	peak13131	.	*	5.00982563958012	6.29202061914198e-07	0.000129344942385809
NC_064035.1	15060783	15061033	peak13242	.	*	7.77740501992152	6.31988894981163e-06	0.000761288987518422
NC_064035.1	15147162	15147412	peak13266	.	*	2.5422977384411	0.000208514856672324	0.0103121243887536
NC_064035.1	15536987	15537237	peak13372	.	*	3.91728130437745	4.93381497081367e-05	0.00371606909414468
NC_064035.1	15629148	15629398	peak13414	.	*	7.56486259805868	3.23151361310503e-05	0.00261401193669948
NC_064035.1	16431318	16431568	peak13763	.	*	4.16008050229769	6.68696110386983e-08	2.27593244551758e-05
NC_064035.1	16432457	16432707	peak13764	.	*	7.29804952453508	0.000859131455610032	0.0262783510722941
NC_064035.1	16432838	16433088	peak13765	.	*	3.16927515760614	0.000203671948048282	0.0101003088738308
NC_064035.1	17016767	17017017	peak14007	.	*	2.85822341540431	4.31915435300192e-05	0.00338380654007441
NC_064035.1	17085444	17085694	peak14027	.	*	2.44785886620537	0.00127813223380333	0.0360389336967875
NC_064035.1	18031917	18032167	peak14420	.	*	1.58035575524318	0.000232245263209826	0.0113303968674138
NC_064035.1	18446659	18446909	peak14586	.	*	7.36736107562888	3.23151361310503e-05	0.00261401193669948
NC_064035.1	18474423	18474673	peak14597	.	*	1.34980626938845	0.00063709015491193	0.0226449458756997
NC_064035.1	18679016	18679266	peak14706	.	*	7.01564580889884	0.000859131455610032	0.0262783510722941
NC_064035.1	18806017	18806267	peak14765	.	*	4.51389068489934	1.65119351592654e-05	0.00162540065677599
NC_064035.1	19610180	19610430	peak15133	.	*	5.42492264948588	2.75443268519619e-05	0.00242669219048023
NC_064035.1	20211956	20212206	peak15301	.	*	5.01505790412679	0.00122059732530638	0.0357941073433869
NC_064035.1	20696374	20696624	peak15452	.	*	2.27507082337804	4.7292629674938e-05	0.00363407848157098
NC_064035.1	20696693	20696943	peak15453	.	*	1.25475878032577	0.000243967031461659	0.0115994771687767
NC_064035.1	20891318	20891568	peak15508	.	*	2.21200401662426	0.00136891420319868	0.0380036411768854
NC_064035.1	20908934	20909184	peak15511	.	*	1.33588643943777	0.00168063998326307	0.0417297240166369
NC_064035.1	21926965	21927215	peak15756	.	*	2.65081011889412	0.00145255050875748	0.0380036411768854
NC_064036.1	643404	643654	peak15839	.	*	7.21492826921936	0.000495738668550349	0.0183530136630325
NC_064036.1	728689	728939	peak15864	.	*	3.06297824497655	0.000146794141646002	0.00800711743543235
NC_064036.1	1254125	1254375	peak16063	.	*	3.51327414144248	0.00154706633188792	0.0388678869001995
NC_064036.1	2107220	2107470	peak16445	.	*	8.2489361504387	9.6076878631518e-05	0.00569164792911099
NC_064036.1	2692529	2692779	peak16688	.	*	1.96380059640829	0.00133300081131807	0.0374106081449456
NC_064036.1	2799420	2799670	peak16729	.	*	1.3227986474514	0.00134599119557987	0.0377311556787357
NC_064036.1	3445961	3446211	peak16939	.	*	8.35772694870542	5.24170527125389e-09	2.68237761593847e-06
NC_064036.1	3633222	3633472	peak16998	.	*	3.90551601228951	0.000499310073687557	0.0184568229338759
NC_064036.1	4687117	4687367	peak17341	.	*	2.18677060556804	0.000265889986456413	0.0123140513303995
NC_064036.1	4836656	4836906	peak17416	.	*	4.45020824187068	0.00122529894169726	0.0357941073433869
NC_064036.1	5465674	5465924	peak17624	.	*	9.41457316933925	7.81364638749995e-15	2.45127967460826e-11
NC_064036.1	5800106	5800356	peak17785	.	*	7.95832979942913	7.17256711867972e-07	0.000138749753471404
NC_064036.1	7238801	7239051	peak18409	.	*	6.5698031864576	0.0014921255000224	0.0380036411768854
NC_064036.1	7526517	7526767	peak18583	.	*	1.49314690110681	0.000840890133211026	0.0262783510722941
NC_064036.1	7707470	7707720	peak18645	.	*	4.30281618954585	0.00124905892153086	0.0359067117462388
NC_064036.1	7786878	7787128	peak18674	.	*	2.65505614496286	9.89777519166455e-06	0.00109469143448335
NC_064036.1	7850166	7850416	peak18706	.	*	7.87658288202351	0.0014921255000224	0.0380036411768854
NC_064036.1	7930111	7930361	peak18734	.	*	2.52401558052803	0.000579430637133613	0.0207179472856174
NC_064036.1	7959383	7959633	peak18770	.	*	2.59397621688815	0.000442281110315537	0.0177391848331393
NC_064036.1	8074364	8074614	peak18821	.	*	4.62395909057021	9.46137064267593e-08	3.00795865359677e-05
NC_064036.1	8074892	8075142	peak18823	.	*	6.10631165937041	9.10224481682088e-06	0.00104659333192759
NC_064036.1	8140107	8140357	peak18841	.	*	4.08520919874527	0.000721585809742833	0.0247815440751995
NC_064036.1	8420585	8420835	peak18945	.	*	2.15615693080842	2.92310416516146e-05	0.00252594942981537
NC_064036.1	9232106	9232356	peak19174	.	*	7.34622960739092	0.000165836216982246	0.00841484686100844
NC_064036.1	9366298	9366548	peak19219	.	*	8.43010994447062	0.000495738668550349	0.0183530136630325
NC_064036.1	9414022	9414272	peak19237	.	*	8.38441535166977	0.000495738668550349	0.0183530136630325
NC_064036.1	9599679	9599929	peak19294	.	*	3.91268931369982	0.00147587703267495	0.0380036411768854
NC_064036.1	9724986	9725236	peak19352	.	*	4.2480209628077	0.000417096421752122	0.0170706706248011
NC_064036.1	10220164	10220414	peak19590	.	*	6.88487750465922	0.000859131455610032	0.0262783510722941
NC_064036.1	10283103	10283353	peak19621	.	*	2.63747569920262	0.000533850740888019	0.0194545455599874
NC_064036.1	10663017	10663267	peak19805	.	*	7.95781056396647	0.000859131455610032	0.0262783510722941
NC_064036.1	11431310	11431560	peak20160	.	*	2.39418596311063	0.00153804019443509	0.0386950105402594
NC_064036.1	12230396	12230646	peak20499	.	*	8.22011657991951	1.23612585645655e-06	0.000215945387458485
NC_064036.1	13241549	13241799	peak20890	.	*	4.87134286267041	4.7993038184024e-05	0.00367225627801511
NC_064036.1	13721596	13721846	peak21089	.	*	7.65298207209863	0.000859131455610032	0.0262783510722941
NC_064036.1	13892843	13893093	peak21179	.	*	1.41739585927168	0.000330640676290318	0.0139110075788501
NC_064036.1	13930777	13931027	peak21201	.	*	4.15220906526704	0.000111938674355224	0.00647190308341439
NC_064036.1	13931238	13931488	peak21203	.	*	6.55401988887804	0.0014921255000224	0.0380036411768854
NC_064036.1	14045103	14045353	peak21248	.	*	7.64081913141225	6.31989610593216e-06	0.000761288987518422
NC_064036.1	14249089	14249339	peak21332	.	*	7.28055285041911	0.000859131455610032	0.0262783510722941
NC_064036.1	14622914	14623164	peak21455	.	*	1.13621017947199	0.000535728951468667	0.0194934556193755
NC_064036.1	14828337	14828587	peak21552	.	*	3.24377506570881	1.59439577733076e-07	4.30875008664049e-05
NC_064036.1	14868765	14869015	peak21559	.	*	4.07670734145262	0.00125868147566125	0.0359683809411237
NC_064036.1	14981708	14981958	peak21593	.	*	3.55784041935307	0.000426927381795657	0.0172576723997007
NC_064036.1	15323833	15324083	peak21783	.	*	2.16134872841575	0.0017084422402908	0.042361735343018
NC_064036.1	15562666	15562916	peak21878	.	*	2.20802317829681	4.87981589263472e-06	0.000654466757868138
NC_064036.1	15687044	15687294	peak21925	.	*	2.11520889149801	0.00016960481349947	0.00859398547616168
NC_064036.1	16298660	16298910	peak22103	.	*	1.42294503600131	0.00176453018216233	0.04364747181828
NC_064036.1	16581902	16582152	peak22175	.	*	5.89387185747803	2.55503397327457e-13	4.77950094514443e-10
NC_064036.1	16582438	16582688	peak22176	.	*	3.74497860849196	5.70002660974425e-06	0.000730524724735518
NC_064036.1	17505029	17505279	peak22472	.	*	2.00718163219469	0.00110309265201314	0.0327007601914578
NC_064036.1	17714782	17715032	peak22547	.	*	7.54436978432309	3.23151361310503e-05	0.00261401193669948
NC_064036.1	18115783	18116033	peak22672	.	*	4.34980537465139	4.83737653813874e-05	0.00368186607710338
NC_064036.1	18188264	18188514	peak22689	.	*	7.28816319912916	0.0014921255000224	0.0380036411768854
NC_064036.1	18295917	18296167	peak22731	.	*	4.48305904963595	2.83188213850071e-09	1.65993902358146e-06
NC_064036.1	18341959	18342209	peak22748	.	*	7.81823087025785	1.87537514750249e-05	0.00174603673609238
NC_064036.1	18362199	18362449	peak22752	.	*	2.80068322727816	0.000117759604389534	0.00679212170641632
NC_064036.1	20166573	20166823	peak23197	.	*	7.89855031824332	0.000495738668550349	0.0183530136630325
NC_064036.1	20663696	20663946	peak23343	.	*	3.86175095112321	1.6843276314988e-05	0.00164011687248038
NC_064037.1	1077462	1077712	peak23437	.	*	6.15022831801936	0.0014921255000224	0.0380036411768854
NC_064037.1	1109324	1109574	peak23448	.	*	4.57902994262699	0.000718803168940208	0.0247330675512068
NC_064037.1	1239760	1240010	peak23528	.	*	1.41218802724314	0.0015177627412344	0.038362586042682
NC_064037.1	1381487	1381737	peak23578	.	*	3.61196176005625	1.4495331528037e-05	0.00148145983910129
NC_064037.1	1533036	1533286	peak23630	.	*	2.39469893889656	1.58295038621466e-09	1.0198016528332e-06
NC_064037.1	1687620	1687869	peak23700	.	*	7.19474064655294	0.000495738668550349	0.0183530136630325
NC_064037.1	1840171	1840421	peak23757	.	*	1.97301698677438	0.00182458744917339	0.0450250025291061
NC_064037.1	1940395	1940645	peak23807	.	*	7.74732990820568	0.00149212378137527	0.0380036411768854
NC_064037.1	2239546	2239796	peak23902	.	*	2.06402143028236	0.00127813223380333	0.0360389336967875
NC_064037.1	2322960	2323210	peak23937	.	*	6.36697448079478	0.000495738668550349	0.0183530136630325
NC_064037.1	2939195	2939445	peak24176	.	*	4.56834634324037	0.000243079576754322	0.0115924698352334
NC_064037.1	3309957	3310207	peak24330	.	*	3.92062537289422	0.000850088047935059	0.0262783510722941
NC_064037.1	3703803	3704053	peak24469	.	*	2.57356495691092	0.00154913688668661	0.0388928225674573
NC_064037.1	4080595	4080845	peak24576	.	*	7.81402939611374	6.31989610593216e-06	0.000761288987518422
NC_064037.1	5130179	5130429	peak25031	.	*	6.81664363927728	0.0014921255000224	0.0380036411768854
NC_064037.1	5318073	5318323	peak25088	.	*	2.76238593513593	9.77445075265061e-08	3.00795865359677e-05
NC_064037.1	5390178	5390428	peak25102	.	*	3.89925543662772	0.000249808294152222	0.0117349522639243
NC_064037.1	5716107	5716356	peak25235	.	*	7.20445726504559	0.000859131455610032	0.0262783510722941
NC_064037.1	6103579	6103829	peak25397	.	*	4.11041971699318	0.00024594222232057	0.0116443313986488
NC_064037.1	7136878	7137128	peak25794	.	*	7.03512164954702	9.6076878631518e-05	0.00569164792911099
NC_064037.1	7173563	7173813	peak25816	.	*	1.64077547108828	0.000378531624380617	0.0156700799524862
NC_064037.1	8677177	8677427	peak26373	.	*	7.10441880219079	0.000165836216982246	0.00841484686100844
NC_064037.1	10315647	10315897	peak26974	.	*	7.11126627784402	0.000495738668550349	0.0183530136630325
NC_064037.1	10541697	10541947	peak27034	.	*	4.85108125254744	6.44643670857104e-07	0.000131768453458058
NC_064037.1	10977627	10977877	peak27210	.	*	7.16870741244395	0.000286536683292796	0.0123212481424265
NC_064037.1	11466141	11466391	peak27377	.	*	7.575740803052	3.23151361310503e-05	0.00261401193669948
NC_064037.1	11468771	11469021	peak27379	.	*	2.76097100989437	2.5615377938154e-05	0.00230458553008416
NC_064037.1	11659852	11660102	peak27427	.	*	4.61072486503617	2.47120553105598e-08	1.00174064659182e-05
NC_064037.1	11934171	11934421	peak27525	.	*	7.07361398461293	0.0014921255000224	0.0380036411768854
NC_064037.1	12021432	12021682	peak27556	.	*	2.49070150143285	0.000932573282385167	0.0279791372933479
NC_064037.1	12172837	12173087	peak27621	.	*	2.96336725661079	0.000923963544741351	0.0277323583905209
NC_064037.1	12297936	12298186	peak27658	.	*	1.34053248749623	9.32132095802167e-07	0.000175608332565549
NC_064037.1	12801727	12801977	peak27815	.	*	2.10188711181493	0.000964018146750305	0.0288027864922436
NC_064037.1	13226423	13226673	peak27933	.	*	7.48507500273981	3.23151361310503e-05	0.00261401193669948
NC_064037.1	13579055	13579305	peak28070	.	*	3.78909155955259	8.71806653734378e-06	0.00100971443178498
NC_064037.1	13745555	13745805	peak28135	.	*	7.60350635427375	0.000495738668550349	0.0183530136630325
NC_064037.1	13803305	13803555	peak28143	.	*	2.38356153105596	0.000412159919438779	0.0169207642943751
NC_064037.1	13862770	13863020	peak28162	.	*	7.98720815181436	0.000859131455610032	0.0262783510722941
NC_064037.1	14037649	14037899	peak28198	.	*	3.22099310243783	7.39197428658026e-05	0.00500814933941971
NC_064037.1	14093365	14093615	peak28217	.	*	7.48078121296981	3.23151361310503e-05	0.00261401193669948
NC_064037.1	14093731	14093981	peak28218	.	*	1.20928493329325	0.00166365251006668	0.0413363797740569
NC_064037.1	14190491	14190741	peak28273	.	*	1.19809246307853	0.000196672894393154	0.00978685013444004
NC_064037.1	14255849	14256099	peak28294	.	*	5.11138566108729	8.1337338632416e-05	0.00534507802278868
NC_064037.1	14577068	14577318	peak28348	.	*	3.01692583163841	4.30793357375647e-07	9.62349681159126e-05
NC_064037.1	14581847	14582097	peak28349	.	*	1.81829954084835	9.054666830674e-05	0.00569164792911099
NC_064037.1	15365089	15365339	peak28653	.	*	1.24280223247703	0.00081960030714861	0.0262783510722941
NC_064037.1	15374493	15374743	peak28659	.	*	3.66834873608013	1.49136557574355e-06	0.000252012841025236
NC_064037.1	15408768	15409018	peak28681	.	*	8.00359416204132	4.16054306584233e-07	9.32310512161034e-05
NC_064037.1	15916041	15916291	peak28865	.	*	3.31690802221796	1.24439497804403e-06	0.000216335384760772
NC_064037.1	15993873	15994123	peak28891	.	*	6.93454982547383	0.000859130470369851	0.0262783510722941
NC_064037.1	16078820	16079070	peak28942	.	*	1.140210480635	0.000219435313601404	0.0107563553348569
NC_064037.1	16408802	16409052	peak29029	.	*	1.25542434753943	0.000418279075680759	0.0170886712394765
NC_064037.1	17178696	17178946	peak29247	.	*	1.53714071868942	0.000653655990093443	0.0231539263452098
NC_064037.1	17402931	17403181	peak29325	.	*	2.80270916129014	0.000209887725001984	0.0103658102652417
NC_064037.1	17505488	17505738	peak29368	.	*	1.79086901185772	0.000871107771424749	0.0265210047456341
NC_064037.1	17646057	17646307	peak29439	.	*	5.28024458953212	0.00071051433131184	0.024707087302399
NC_064037.1	18051580	18051830	peak29588	.	*	1.94283194387852	0.00147380471676631	0.0380036411768854
NC_064037.1	18092356	18092606	peak29603	.	*	1.39839063318277	0.00017883639168681	0.00899229257293502
NC_064037.1	18470149	18470399	peak29708	.	*	6.85950600006687	0.000495738668550349	0.0183530136630325
NC_064037.1	18503133	18503383	peak29718	.	*	7.36599086280927	3.23151361310503e-05	0.00261401193669948
NC_064037.1	19268082	19268332	peak29813	.	*	2.24259875952822	0.000328998426185977	0.0138580743966428
NC_064038.1	993290	993540	peak29860	.	*	3.50340701594653	0.000911803931905805	0.0274587699109613
NC_064038.1	2237487	2237737	peak30079	.	*	2.44939501939894	1.8478338147844e-06	0.00030302374751311
NC_064038.1	3302517	3302767	peak30265	.	*	1.44698096445479	0.00114469404669736	0.0338644522096957
NC_064038.1	3345400	3345650	peak30275	.	*	2.37290333615798	0.000213388220155959	0.0105027469477171
NC_064038.1	3356721	3356971	peak30277	.	*	1.66385712546166	2.5843208343025e-05	0.00231929937561066
NC_064038.1	4021638	4021888	peak30536	.	*	1.18963715705009	0.000812646706816679	0.0262783510722941
NC_064038.1	5032982	5033232	peak30932	.	*	5.56598934565949	0.000237447809753453	0.01151414429621
NC_064038.1	6141115	6141365	peak31369	.	*	8.19518578131552	0.0014921255000224	0.0380036411768854
NC_064038.1	6463558	6463808	peak31481	.	*	2.2617896124103	0.00111775739607512	0.0331218829214786
NC_064038.1	6613237	6613487	peak31540	.	*	3.07824591640598	0.000738492908920933	0.025075743926207
NC_064038.1	6616678	6616928	peak31542	.	*	1.67510501549906	0.000100416887865742	0.00593413639963361
NC_064038.1	7210355	7210605	peak31699	.	*	6.91794433724579	0.000495738668550349	0.0183530136630325
NC_064038.1	7760472	7760722	peak31836	.	*	7.89186915536321	0.000495738668550349	0.0183530136630325
NC_064038.1	8207675	8207925	peak31994	.	*	10.0824516543168	3.91993836162226e-20	4.71405254138091e-16
NC_064038.1	8208602	8208852	peak31995	.	*	7.4316263892189	0.000495738668550349	0.0183530136630325
NC_064038.1	8209118	8209368	peak31996	.	*	4.65961141465663	1.62513445742315e-05	0.00161272575498016
NC_064038.1	8225251	8225501	peak31998	.	*	4.39420864928759	0.00122529894169726	0.0357941073433869
NC_064038.1	8751458	8751708	peak32157	.	*	7.37897242114483	0.000165836216982246	0.00841484686100844
NC_064038.1	9272484	9272734	peak32310	.	*	5.30096796997385	0.0012347523923238	0.0357949212005319
NC_064038.1	9274927	9275176	peak32311	.	*	6.53549175592465	0.000495738668550349	0.0183530136630325
NC_064038.1	9475153	9475403	peak32447	.	*	2.31461298950005	0.000657287156586916	0.0232711259978061
NC_064038.1	10016459	10016709	peak32648	.	*	7.35447050213918	0.000286536683292796	0.0123212481424265
NC_064038.1	10115103	10115353	peak32694	.	*	8.09059625531447	0.000495738668550349	0.0183530136630325
NC_064038.1	10770895	10771145	peak32932	.	*	8.74486963446236	0.000859131455610032	0.0262783510722941
NC_064038.1	10970353	10970603	peak32992	.	*	7.74827240258402	3.23151361310503e-05	0.00261401193669948
NC_064038.1	10970629	10970879	peak32993	.	*	6.15777925958411	0.0014921255000224	0.0380036411768854
NC_064038.1	10971380	10971630	peak32994	.	*	8.12329040075854	7.17256711867972e-07	0.000138749753471404
NC_064038.1	11098324	11098573	peak33041	.	*	9.16282495097851	6.32831372460629e-11	5.85409585639701e-08
NC_064038.1	11177347	11177597	peak33064	.	*	8.16456137563071	5.57045864081787e-05	0.00392516057840052
NC_064038.1	12686624	12686874	peak33560	.	*	1.53827442122939	0.00115883357579484	0.0342406374535121
NC_064038.1	12999578	12999828	peak33661	.	*	8.20910263316638	6.31989610593216e-06	0.000761288987518422
NC_064038.1	13004220	13004470	peak33662	.	*	2.46177790605173	0.000877573121695018	0.0266728258617961
NC_064038.1	13043444	13043694	peak33669	.	*	7.11816637343817	0.000859131455610032	0.0262783510722941
NC_064038.1	13912985	13913235	peak33965	.	*	4.21107927130013	4.8757354773196e-05	0.00369935534559406
NC_064038.1	15060878	15061128	peak34246	.	*	8.7985370457415	1.91805952511795e-10	1.52085258280094e-07
NC_064038.1	15912046	15912296	peak34449	.	*	1.14973576525584	0.000652725866832557	0.0231379728595104
NC_064038.1	16007852	16008102	peak34478	.	*	3.77190721952898	0.0014809675712442	0.0380036411768854
NC_064038.1	16550622	16550872	peak34537	.	*	1.22439132899303	7.10177716767163e-05	0.00483423331635233
NC_064038.1	16882444	16882694	peak34629	.	*	3.52020875958725	0.00151791536486532	0.038362586042682
NC_064038.1	16914315	16914565	peak34635	.	*	2.15997108731863	0.00158673647048129	0.0396574194761267
NC_064038.1	16915903	16916153	peak34636	.	*	2.76832438368043	0.000738492908920933	0.025075743926207
NC_064038.1	17272235	17272485	peak34690	.	*	2.28919245138422	2.0706656701502e-05	0.00190329785260749
NC_064038.1	17314904	17315154	peak34704	.	*	2.8691771669589	0.0013907332654882	0.0380036411768854
NC_064038.1	17417674	17417924	peak34730	.	*	6.52362714959356	5.32513832979918e-06	0.00069849203292512
NC_064038.1	17458631	17458881	peak34745	.	*	7.63258983148127	3.23151361310503e-05	0.00261401193669948
NC_064038.1	18019138	18019388	peak34919	.	*	5.29038869863967	3.10968668751969e-18	1.60271030669988e-14
NC_064038.1	18019828	18020078	peak34920	.	*	7.45505583522619	0.000495738668550349	0.0183530136630325
NC_064039.1	28343	28593	peak34976	.	*	2.34749143323844	2.79689305542554e-05	0.00244460834073057
NC_064039.1	498552	498802	peak35181	.	*	7.40840107238335	0.000286536683292796	0.0123212481424265
NC_064039.1	1295435	1295685	peak35471	.	*	7.72881846710387	1.08861652594003e-05	0.00114336427116744
NC_064039.1	1422816	1423066	peak35513	.	*	4.77354576165973	0.000241188543916666	0.011571116613236
NC_064039.1	1583593	1583843	peak35576	.	*	1.9722009101557	6.90562710767225e-05	0.00473645935317577
NC_064039.1	2138844	2139094	peak35725	.	*	7.07708856007884	9.6076878631518e-05	0.00569164792911099
NC_064039.1	3495983	3496233	peak36292	.	*	2.06142521025847	0.000315673986156191	0.0133985038065294
NC_064039.1	3564881	3565131	peak36313	.	*	4.33652814148409	4.14687554630027e-06	0.00056243948316409
NC_064039.1	4570798	4571048	peak36807	.	*	3.43068086636498	1.08460804043009e-08	4.92200585894547e-06
NC_064039.1	5297637	5297886	peak37126	.	*	2.17831495477091	0.000883317410734851	0.0268361127459256
NC_064039.1	5527067	5527316	peak37194	.	*	1.09513330386023	0.00030656671574094	0.0130657539127511
NC_064039.1	5557654	5557904	peak37201	.	*	2.8413305916106	0.000109678327064968	0.00637698605106589
NC_064039.1	5662833	5663083	peak37249	.	*	2.19649091750412	0.00148543750125911	0.0380036411768854
NC_064039.1	6117273	6117523	peak37419	.	*	6.85963301103948	0.000286536683292796	0.0123212481424265
NC_064039.1	7453567	7453817	peak38130	.	*	4.178771387591	0.000295062897387234	0.0126577071111628
NC_064039.1	7540937	7541187	peak38160	.	*	7.70519895441209	1.08861652594003e-05	0.00114336427116744
NC_064039.1	9809670	9809920	peak39065	.	*	8.24146242785011	0.000495738668550349	0.0183530136630325
NC_064039.1	10652138	10652388	peak39473	.	*	8.23428070194384	0.000495738668550349	0.0183530136630325
NC_064039.1	10861667	10861917	peak39549	.	*	2.39426119431755	0.000212541166233925	0.0104750283672671
NC_064039.1	11055602	11055852	peak39615	.	*	7.93918910681489	3.23150995067809e-05	0.00261401193669948
NC_064039.1	11263848	11264098	peak39743	.	*	5.74837191626	1.81355709156946e-06	0.000300131220050905
NC_064039.1	11740689	11740939	peak39889	.	*	9.53781839303501	7.24448897131926e-13	1.16161355939009e-09
NC_064039.1	11799102	11799352	peak39959	.	*	4.20166638775883	9.74129817195952e-06	0.0010846965580212
NC_064039.1	11861232	11861482	peak39999	.	*	2.99225897123524	1.6569441544278e-07	4.44449090939546e-05
NC_064039.1	12052769	12053019	peak40124	.	*	1.47481308034031	0.000606368748899563	0.0215742293278343
NC_064039.1	12249239	12249489	peak40221	.	*	7.56629266059361	0.000495738668550349	0.0183530136630325
NC_064039.1	12301936	12302186	peak40239	.	*	7.34468221066988	0.000165836216982246	0.00841484686100844
NC_064039.1	13161061	13161311	peak40596	.	*	2.35298441933182	0.000918546561668621	0.0275812430949644
NC_064039.1	13219928	13220178	peak40614	.	*	5.0998425676877	2.71104070612331e-05	0.00240905347475773
NC_064039.1	13425213	13425463	peak40681	.	*	1.35995143357902	0.000348285679411343	0.0145179394557628
NC_064039.1	13711487	13711737	peak40758	.	*	7.38187148672188	0.000165836216982246	0.00841484686100844
NC_064039.1	13931122	13931372	peak40834	.	*	4.1501909321794	0.000142824930585075	0.00787884775716063
NC_064039.1	13932439	13932689	peak40835	.	*	5.66719999381651	1.24525694191899e-07	3.63771314348846e-05
NC_064039.1	14708573	14708823	peak41120	.	*	2.69976418285689	2.11826129683644e-06	0.000326278239486946
NC_064039.1	15101287	15101537	peak41247	.	*	4.50198986242275	0.00014282480133254	0.00787884775716063
NC_064039.1	15108938	15109188	peak41248	.	*	8.27425878124652	7.17256711867972e-07	0.000138749753471404
NC_064039.1	15717816	15718066	peak41464	.	*	2.25056498708645	4.92029927402306e-07	0.000106934998228052
NC_064039.1	15880710	15880960	peak41500	.	*	4.8197315035166	1.98619161122201e-05	0.0018420778368602
NC_064039.1	16253232	16253482	peak41613	.	*	8.05361251054109	3.66898775872064e-06	0.000501393582822894
NC_064039.1	16685348	16685598	peak41683	.	*	1.98635724790994	0.00190447565504535	0.0469324608109538
NC_064039.1	17163990	17164240	peak41805	.	*	8.25853238371409	4.69048346680579e-08	1.66720115540577e-05
NC_064039.1	17225946	17226196	peak41818	.	*	2.73762005428578	0.000641312558329689	0.0227725923456096
NC_064039.1	17257266	17257516	peak41822	.	*	7.24048586702909	0.000495738668550349	0.0183530136630325
NC_064039.1	17257941	17258191	peak41823	.	*	7.46982632880341	0.000495738668550349	0.0183530136630325
NC_064039.1	17259082	17259332	peak41824	.	*	2.1162488284868	3.35421138113166e-07	7.90925235965866e-05
NC_064040.1	1248351	1248601	peak41970	.	*	1.67767064759983	0.000435360306985568	0.017471314210536
NC_064040.1	1396184	1396434	peak42021	.	*	8.57177015612441	5.57045232229466e-05	0.00392516057840052
NC_064040.1	1481592	1481842	peak42057	.	*	7.28542187519279	0.000165836216982246	0.00841484686100844
NC_064040.1	1482341	1482591	peak42058	.	*	4.91927849217942	5.43018000308137e-08	1.91129091766993e-05
NC_064040.1	1721635	1721885	peak42154	.	*	3.67753722634621	1.38505928994769e-05	0.00142160672924859
NC_064040.1	3107958	3108208	peak42479	.	*	2.3480684819798	2.86292453249728e-05	0.0024858522219295
NC_064040.1	3328665	3328915	peak42545	.	*	2.53939280130647	0.000431923408538152	0.0173914249682312
NC_064040.1	3376704	3376954	peak42562	.	*	8.72647826046535	4.69048346680579e-08	1.66720115540577e-05
NC_064040.1	3377031	3377281	peak42563	.	*	8.0852487211392	1.39827527333593e-07	3.89546534160439e-05
NC_064040.1	3448308	3448558	peak42583	.	*	5.22062909815578	4.68678296833833e-05	0.00361297890043218
NC_064040.1	3825088	3825338	peak42731	.	*	2.29297990726066	0.000212282847092842	0.0104697668024497
NC_064040.1	3872319	3872569	peak42739	.	*	8.6539232414325	0.000495738668550349	0.0183530136630325
NC_064040.1	4110710	4110960	peak42815	.	*	3.07939925896224	0.00148607428409966	0.0380036411768854
NC_064040.1	4469648	4469897	peak42976	.	*	7.69987631345738	0.000495738668550349	0.0183530136630325
NC_064040.1	4471619	4471869	peak42978	.	*	4.75152305179367	0.000718803168940208	0.0247330675512068
NC_064040.1	5844422	5844672	peak43547	.	*	3.0309084739822	0.00150925486457999	0.0382508903244712
NC_064040.1	6208477	6208727	peak43679	.	*	1.50150795605907	5.1067639734121e-05	0.00382636089825078
NC_064040.1	7078440	7078690	peak44004	.	*	2.62749548589739	1.03618603557142e-05	0.0011362614497972
NC_064040.1	7276559	7276809	peak44113	.	*	4.20738486035555	1.41054044214926e-10	1.18345983259628e-07
NC_064040.1	8297557	8297807	peak44559	.	*	7.26119709305422	0.0014921255000224	0.0380036411768854
NC_064040.1	8564842	8565092	peak44654	.	*	1.51979311163258	0.00113411275218454	0.0335789518399161
NC_064040.1	9101854	9102104	peak44909	.	*	1.16515714962914	0.00123439711614407	0.0357949212005319
NC_064040.1	9112183	9112433	peak44910	.	*	1.33014655966401	9.85147966403728e-05	0.0058312839635653
NC_064040.1	9355560	9355810	peak44974	.	*	3.39336422769218	0.000530742622095634	0.0193804321342664
NC_064040.1	9388025	9388275	peak44982	.	*	7.34022342553999	3.08032241945443e-12	4.27424354184104e-09
NC_064040.1	9862145	9862395	peak45169	.	*	4.35018777388343	5.55433970915525e-07	0.000118572006424289
NC_064040.1	9923316	9923566	peak45208	.	*	2.03353878666659	4.82522060570876e-05	0.00368186607710338
NC_064040.1	10314112	10314362	peak45299	.	*	1.95643728221382	0.000197374539804916	0.00980823685924498
NC_064040.1	10317602	10317852	peak45300	.	*	7.84109016070276	0.00149212378137527	0.0380036411768854
NC_064040.1	10322750	10323000	peak45306	.	*	6.33250178197774	0.000859131455610032	0.0262783510722941
NC_064040.1	10720093	10720343	peak45449	.	*	1.8546620324047	9.64598696537112e-08	3.00795865359677e-05
NC_064040.1	10720940	10721190	peak45452	.	*	1.44911376334213	0.000673079015627799	0.023806870770894
NC_064040.1	11106972	11107222	peak45591	.	*	8.78850235418867	5.79481305863482e-10	4.26657894128362e-07
NC_064040.1	11129642	11129892	peak45596	.	*	2.27696107565071	0.000215902148650081	0.0106047784450964
NC_064040.1	11313973	11314223	peak45673	.	*	7.65123088502769	0.000859131455610032	0.0262783510722941
NC_064040.1	11361629	11361879	peak45693	.	*	3.6365548160095	0.00033002386624423	0.013893157566425
NC_064040.1	11765771	11766021	peak45855	.	*	8.64352268051067	4.16054306584233e-07	9.32310512161034e-05
NC_064040.1	11836639	11836889	peak45873	.	*	7.6517415986269	1.08861652594003e-05	0.00114336427116744
NC_064040.1	11837496	11837746	peak45874	.	*	4.56275044445986	0.000716030500299875	0.0247201821766208
NC_064040.1	11890838	11891087	peak45888	.	*	7.13853176012671	0.000859131455610032	0.0262783510722941
NC_064040.1	11891046	11891296	peak45889	.	*	1.73587432410276	0.00157686108419266	0.039437924273803
NC_064040.1	12026136	12026386	peak45957	.	*	2.38315231620329	6.76308105641938e-05	0.00465195532531878
NC_064040.1	12539843	12540093	peak46130	.	*	6.96138287550454	0.000859131455610032	0.0262783510722941
NC_064040.1	12906088	12906338	peak46281	.	*	7.6630530660624	1.87537727180596e-05	0.00174603673609238
NC_064040.1	13033472	13033722	peak46310	.	*	7.12632952439385	0.000495738668550349	0.0183530136630325
NC_064040.1	13088326	13088576	peak46323	.	*	8.15487057475495	9.6076878631518e-05	0.00569164792911099
NC_064040.1	13364527	13364777	peak46420	.	*	6.07566125148285	6.88335460737047e-08	2.32088061539634e-05
NC_064040.1	13546164	13546414	peak46489	.	*	2.17284011310641	0.00113055775247623	0.0334874362191801
NC_064040.1	13676841	13677091	peak46507	.	*	7.1439046066088	0.0014921255000224	0.0380036411768854
NC_064040.1	13803815	13804065	peak46547	.	*	7.54811821769202	5.57045864081787e-05	0.00392516057840052
NC_064040.1	13832933	13833183	peak46560	.	*	4.19191595196955	9.66394855092141e-06	0.00107774684341845
NC_064040.1	14000620	14000870	peak46614	.	*	3.58726764100321	1.57421851297849e-08	6.76117480975969e-06
NC_064040.1	14153782	14154032	peak46720	.	*	7.16432644435889	0.0014921255000224	0.0380036411768854
NC_064040.1	14710950	14711200	peak46887	.	*	1.27799277019143	0.00171442229225014	0.0424954106826894
NC_064040.1	15236084	15236334	peak47052	.	*	4.654623663814	8.23040874385056e-05	0.00537434518472884
NC_064040.1	15342481	15342731	peak47080	.	*	3.95433519912726	0.000875077320556724	0.0266193946310162
NC_064040.1	15489980	15490230	peak47133	.	*	2.15902497675804	5.12121142535887e-05	0.0038292332683603
NC_064040.1	15523127	15523377	peak47137	.	*	8.01232887709394	2.12981845746451e-06	0.000326278239486946
NC_064040.1	15853923	15854173	peak47247	.	*	1.86620851883336	0.000455426034713046	0.0182461218960132
NC_064040.1	16747462	16747712	peak47458	.	*	8.18888507940362	8.10059347006672e-08	2.64478878657314e-05
NC_064040.1	17107515	17107765	peak47616	.	*	1.09027135074899	0.0015992438961546	0.0399285271027803
NC_064040.1	17388473	17388723	peak47706	.	*	2.77308791895482	0.000549566478113643	0.0198667180502455
NC_064040.1	17394534	17394784	peak47708	.	*	4.00310008460553	3.13420074255203e-10	2.43170166213808e-07
NC_064040.1	17698872	17699122	peak47777	.	*	5.52845106959548	3.11445653402517e-06	0.000463347651984714
NC_064041.1	248545	248795	peak47896	.	*	1.63589295704123	0.000122914677630638	0.00702132148731927
NC_064041.1	819145	819395	peak48071	.	*	1.02383456555605	0.00130430701124076	0.0366623577701897
NC_064041.1	1339317	1339567	peak48177	.	*	2.90347775865154	0.000573805145786868	0.020547350021961
NC_064041.1	1536017	1536267	peak48253	.	*	1.12446871002258	0.00101710808454248	0.0302262907084691
NC_064041.1	1751798	1752048	peak48330	.	*	2.09049976040945	0.00166872302230999	0.0414480928312487
NC_064041.1	3117011	3117261	peak48696	.	*	3.26705142530424	5.62020010031902e-09	2.81614957110083e-06
NC_064041.1	3335731	3335981	peak48766	.	*	7.42489501225687	0.000165836216982246	0.00841484686100844
NC_064041.1	3777989	3778239	peak48950	.	*	1.91645426123193	1.12138144947552e-06	0.000205363650981995
NC_064041.1	3897451	3897701	peak48980	.	*	3.14804614274748	3.25139567773633e-11	3.3042881003812e-08
NC_064041.1	5239307	5239557	peak49402	.	*	7.65904766863683	1.87537727180596e-05	0.00174603673609238
NC_064041.1	5245109	5245359	peak49405	.	*	7.20894719935816	0.00149212378137527	0.0380036411768854
NC_064041.1	6085427	6085677	peak49678	.	*	1.7738095704837	0.00166279777574822	0.0413293742711377
NC_064041.1	6639640	6639890	peak49850	.	*	2.2010256421054	0.000601542047798377	0.0214236260902724
NC_064041.1	7002500	7002750	peak49956	.	*	7.68060192484153	0.000859131455610032	0.0262783510722941
NC_064041.1	7431488	7431738	peak50111	.	*	1.36035538223174	7.05699181212911e-05	0.00481282839512453
NC_064041.1	7762232	7762482	peak50221	.	*	3.49369456694597	0.000323544780902767	0.01367625873816
NC_064041.1	7763042	7763292	peak50222	.	*	5.53705805540096	0.00121591237666786	0.0357660650381041
NC_064041.1	7764577	7764827	peak50223	.	*	5.58774478795665	0.000413867184692013	0.0169577437316594
NC_064041.1	8085953	8086203	peak50307	.	*	6.63891864200807	0.000859131455610032	0.0262783510722941
NC_064041.1	8086739	8086989	peak50308	.	*	5.560721050451	0.00041226115486815	0.0169207642943751
NC_064041.1	8416473	8416723	peak50343	.	*	1.51186874277517	0.000252745175145708	0.0117581096793286
NC_064041.1	9338180	9338430	peak50602	.	*	7.46508728421517	9.6076878631518e-05	0.00569164792911099
NC_064041.1	9543398	9543648	peak50681	.	*	3.87615920106542	2.24906517944255e-09	1.38701964121946e-06
NC_064041.1	9676113	9676363	peak50715	.	*	1.28461995595129	0.000715831332053447	0.0247201821766208
NC_064041.1	9755380	9755630	peak50743	.	*	4.38531758479053	9.9108253623595e-08	3.01288387193186e-05
NC_064041.1	10924668	10924918	peak51039	.	*	2.74685990243043	7.93230841236135e-07	0.000151416855421676
NC_064041.1	11179201	11179451	peak51180	.	*	7.12341000205328	0.000286536683292796	0.0123212481424265
NC_064041.1	11476506	11476756	peak51287	.	*	4.50350375130238	0.000716030500299875	0.0247201821766208
NC_064041.1	12560002	12560252	peak51435	.	*	7.53820961979383	0.0014921255000224	0.0380036411768854
NC_064041.1	13216209	13216459	peak51649	.	*	2.83602714519057	0.00131422431632107	0.0369267350249793
NC_064041.1	13610597	13610847	peak51801	.	*	2.50742352301513	4.61914981212138e-07	0.000101984070157988
NC_064041.1	13660496	13660746	peak51816	.	*	4.19173513296277	1.64464166594886e-05	0.00162116283342267
NC_064041.1	14347823	14348072	peak52006	.	*	7.38311349965244	0.000859131455610032	0.0262783510722941
NC_064041.1	14730901	14731151	peak52185	.	*	1.54711010314266	0.000850526622797149	0.0262783510722941
NC_064041.1	15083995	15084245	peak52302	.	*	2.07990407635026	3.96332072926833e-07	9.13653058212e-05
NC_064041.1	15105819	15106069	peak52309	.	*	3.51789635848411	7.29606181012956e-07	0.000140385957309306
NC_064041.1	15946083	15946333	peak52488	.	*	6.6109120153596	0.000859131455610032	0.0262783510722941
NC_064041.1	16101860	16102110	peak52534	.	*	1.8514804024509	0.000957854238028283	0.0286542174730227
NC_064041.1	16214866	16215116	peak52584	.	*	9.31076711252063	7.81365567403368e-15	2.45127967460826e-11
NC_064041.1	16452045	16452295	peak52698	.	*	2.36416155198159	0.000221384038611618	0.0108224697195266
NC_064042.1	1136160	1136410	peak53159	.	*	2.21976451741081	0.00159176054921023	0.0397692113671274
NC_064042.1	1192823	1193073	peak53204	.	*	3.73382087316138	3.38088686372985e-06	0.000490840828274501
NC_064042.1	1249176	1249426	peak53219	.	*	6.7650295768129	0.000495738668550349	0.0183530136630325
NC_064042.1	2149596	2149846	peak53549	.	*	6.61298332903964	0.0014921255000224	0.0380036411768854
NC_064042.1	2375709	2375959	peak53627	.	*	2.03502958881319	5.79183809268283e-06	0.000738357027522137
NC_064042.1	2376451	2376701	peak53628	.	*	7.90221016998209	2.12981845746451e-06	0.000326278239486946
NC_064042.1	2539238	2539488	peak53682	.	*	1.61717878057585	0.000104268571376387	0.00608697311299614
NC_064042.1	3305963	3306213	peak54017	.	*	7.26424988085076	0.0014921255000224	0.0380036411768854
NC_064042.1	3637407	3637657	peak54138	.	*	7.5193627020753	0.0014921255000224	0.0380036411768854
NC_064042.1	4475850	4476100	peak54343	.	*	3.48147124986469	0.000337736204821773	0.0141599975937914
NC_064042.1	4567682	4567932	peak54380	.	*	1.99268009664304	0.000898816264654648	0.0272038957953675
NC_064042.1	4760116	4760366	peak54474	.	*	8.3422806740141	4.69048346680579e-08	1.66720115540577e-05
NC_064042.1	4870887	4871137	peak54510	.	*	6.59157137238404	1.89731083679317e-19	1.71125579286014e-15
NC_064042.1	4888049	4888299	peak54512	.	*	8.86198721432692	1.87537727180596e-05	0.00174603673609238
NC_064042.1	5048774	5049024	peak54560	.	*	2.36854167716695	0.00158152595303138	0.0395408888222381
NC_064042.1	5232182	5232432	peak54622	.	*	2.98182725117912	0.0014950304706919	0.0380571569390417
NC_064042.1	5946189	5946439	peak54938	.	*	3.2570629454409	0.000738492908920933	0.025075743926207
NC_064042.1	6010945	6011195	peak54961	.	*	1.88959286454237	0.000597659332392635	0.0213169100982652
NC_064042.1	6064084	6064334	peak54978	.	*	8.20060175594004	3.23151361310503e-05	0.00261401193669948
NC_064042.1	6296765	6297015	peak55071	.	*	7.31613408284687	0.000165836216982246	0.00841484686100844
NC_064042.1	6299445	6299695	peak55072	.	*	8.10874262601735	0.000286536683292796	0.0123212481424265
NC_064042.1	6871937	6872187	peak55228	.	*	8.49382059773648	9.6076878631518e-05	0.00569164792911099
NC_064042.1	7116187	7116437	peak55302	.	*	2.83996582289971	7.30361682716387e-12	9.41057986007158e-09
NC_064042.1	7194914	7195164	peak55329	.	*	7.86945020956027	9.6076878631518e-05	0.00569164792911099
NC_064042.1	7293342	7293592	peak55347	.	*	7.87895037832878	5.57045864081787e-05	0.00392516057840052
NC_064042.1	7475917	7476167	peak55428	.	*	2.68632683182053	0.000109283447953064	0.00635915095730106
NC_064042.1	7547142	7547392	peak55463	.	*	2.12830841747337	0.000966756414704059	0.028872644496263
NC_064042.1	8354696	8354946	peak55771	.	*	8.75537767047736	9.6076878631518e-05	0.00569164792911099
NC_064042.1	8558273	8558523	peak55849	.	*	4.91056557595613	0.00121591237666786	0.0357660650381041
NC_064042.1	8611540	8611790	peak55860	.	*	7.78970434946556	0.000859131455610032	0.0262783510722941
NC_064042.1	8694163	8694413	peak55889	.	*	7.49926061671786	0.000859131455610032	0.0262783510722941
NC_064042.1	8959958	8960208	peak56012	.	*	7.95066182624665	5.57045864081787e-05	0.00392516057840052
NC_064042.1	9263759	9264009	peak56122	.	*	2.35524462450728	0.000251762411581222	0.0117578854257345
NC_064042.1	9368565	9368815	peak56147	.	*	4.60715791566279	1.61867967859893e-05	0.00161137393752745
NC_064042.1	9453881	9454131	peak56183	.	*	7.26288907507304	9.6076878631518e-05	0.00569164792911099
NC_064042.1	9460135	9460385	peak56184	.	*	5.58097041936109	9.17529440517309e-06	0.00104753697437542
NC_064042.1	9990623	9990873	peak56345	.	*	8.29799051177749	0.0014921255000224	0.0380036411768854
NC_064042.1	11309871	11310121	peak56803	.	*	7.06865394349929	0.000495738668550349	0.0183530136630325
NC_064042.1	12636219	12636469	peak57191	.	*	7.7336388836615	3.66898775872064e-06	0.000501393582822894
NC_064042.1	12853189	12853439	peak57332	.	*	1.60339861744846	0.00154034520808916	0.038739494070991
NC_064042.1	13436747	13436997	peak57484	.	*	7.64481413942106	6.31989610593216e-06	0.000761288987518422
NC_064042.1	13656111	13656361	peak57590	.	*	8.22198425480623	0.0014921255000224	0.0380036411768854
NC_064042.1	13785323	13785573	peak57640	.	*	7.27862707060448	9.6076878631518e-05	0.00569164792911099
NC_064042.1	14634904	14635154	peak57934	.	*	1.92125640643861	5.6718366747367e-06	0.000728205294066952
NC_064042.1	14907872	14908122	peak58013	.	*	2.43014475664191	0.0020222279607453	0.0497320581143753
NC_064042.1	14908441	14908691	peak58014	.	*	1.66299870577131	4.44206904965388e-06	0.000597980396040627
NC_064042.1	15319588	15319838	peak58171	.	*	1.24196698965862	0.00137845243528071	0.0380036411768854
NC_064042.1	15345425	15345675	peak58178	.	*	3.89071590509306	0.0012442731592275	0.0359067117462388
NC_064042.1	16225040	16225290	peak58454	.	*	2.45367156235942	0.000125541936797229	0.00712144532201575
NC_064043.1	1545755	1546005	peak58736	.	*	2.9007287031481	0.00149060112189995	0.0380036411768854
NC_064043.1	1547165	1547415	peak58737	.	*	8.01850951339624	0.000286536683292796	0.0123212481424265
NC_064043.1	2190077	2190327	peak59014	.	*	5.55386614110118	0.000137869823878063	0.00775511435836484
NC_064043.1	2190333	2190583	peak59015	.	*	7.75041543545544	0.000165836216982246	0.00841484686100844
NC_064043.1	2563767	2564017	peak59167	.	*	8.22192276537956	3.23151361310503e-05	0.00261401193669948
NC_064043.1	2565707	2565957	peak59168	.	*	7.4937212721009	6.31989610593216e-06	0.000761288987518422
NC_064043.1	2683058	2683308	peak59234	.	*	1.4112873857859	0.00194029497843615	0.0477659447864417
NC_064043.1	2961271	2961521	peak59323	.	*	2.29534334624269	0.000582330511048807	0.0208010188241221
NC_064043.1	3026779	3027029	peak59355	.	*	1.116078142727	0.000517312233789168	0.0189957578773829
NC_064043.1	3075127	3075377	peak59363	.	*	1.97765315222154	0.000848050141042987	0.0262783510722941
NC_064043.1	3373474	3373724	peak59470	.	*	6.81061510774207	0.000859131455610032	0.0262783510722941
NC_064043.1	4354282	4354532	peak59899	.	*	2.8721260637604	0.000106556621128388	0.00621049515146916
NC_064043.1	4480702	4480952	peak59970	.	*	4.30296861662869	1.65777023757165e-05	0.00162743416995894
NC_064043.1	4696289	4696539	peak60081	.	*	2.6055871012011	5.49021921801322e-08	1.91375250084901e-05
NC_064043.1	5065952	5066202	peak60216	.	*	7.18086320272908	0.000165836216982246	0.00841484686100844
NC_064043.1	5966531	5966781	peak60650	.	*	2.75666846143063	0.00022069174169044	0.0108032650079197
NC_064043.1	6061016	6061266	peak60714	.	*	1.61525150846851	0.000839335996759755	0.0262783510722941
NC_064043.1	6507270	6507520	peak60973	.	*	3.83792186422789	4.9941579968513e-07	0.000108214255334176
NC_064043.1	6823788	6824038	peak61112	.	*	7.97212713572945	1.23612585645655e-06	0.000215945387458485
NC_064043.1	6971625	6971875	peak61136	.	*	1.57507203419563	0.000223877409051518	0.0109369495261424
NC_064043.1	8208197	8208447	peak61692	.	*	7.49994137488391	0.000495738668550349	0.0183530136630325
NC_064043.1	8644781	8645031	peak61829	.	*	8.82059012476669	1.87537514750249e-05	0.00174603673609238
NC_064043.1	8645034	8645284	peak61830	.	*	8.65228104862922	0.0014921255000224	0.0380036411768854
NC_064043.1	8713182	8713432	peak61853	.	*	2.86413451715916	0.00073849227057009	0.025075743926207
NC_064043.1	8839628	8839878	peak61895	.	*	3.05848536408241	0.000915643928245546	0.0275284531843989
NC_064043.1	9018880	9019130	peak61985	.	*	4.89464989089635	0.000490573158089231	0.0183530136630325
NC_064043.1	9019772	9020022	peak61986	.	*	8.13209514321541	0.000859131455610032	0.0262783510722941
NC_064043.1	9020545	9020795	peak61987	.	*	9.23260173354908	6.31989610593216e-06	0.000761288987518422
NC_064043.1	9226241	9226491	peak62060	.	*	2.32836937090606	0.00127324370069303	0.0360389336967875
NC_064043.1	9991811	9992061	peak62309	.	*	7.04137670260923	0.000165836216982246	0.00841484686100844
NC_064043.1	10134987	10135237	peak62365	.	*	6.81731891730752	0.000495738668550349	0.0183530136630325
NC_064043.1	10275757	10276007	peak62421	.	*	2.13911379566167	0.000352281253545802	0.0146421969179708
NC_064043.1	11123845	11124095	peak62822	.	*	8.30315920101017	2.41247931910299e-07	5.92152888461146e-05
NC_064043.1	11604292	11604542	peak62993	.	*	6.75675322344753	0.0014921255000224	0.0380036411768854
NC_064043.1	12159290	12159540	peak63190	.	*	2.47848767417233	9.60665236473453e-06	0.00107467907190298
NC_064043.1	12577175	12577425	peak63360	.	*	7.20454429964215	5.57045864081787e-05	0.00392516057840052
NC_064043.1	12578105	12578355	peak63361	.	*	8.76427368734611	3.02574263993303e-09	1.74657968147494e-06
NC_064043.1	13125910	13126160	peak63608	.	*	2.98258309232844	0.000251762635753029	0.0117578854257345
NC_064043.1	13409346	13409596	peak63659	.	*	6.79270413346225	3.23151361310503e-05	0.00261401193669948
NC_064043.1	13535897	13536147	peak63738	.	*	2.27235497596389	7.88816921960703e-05	0.00530448136105075
NC_064043.1	13586574	13586824	peak63759	.	*	7.87460270011425	1.08861652594003e-05	0.00114336427116744
NC_064043.1	13603879	13604129	peak63765	.	*	4.79614759033519	9.58718583758984e-06	0.00107416676104238
NC_064043.1	13779137	13779387	peak63894	.	*	4.57121906658423	1.06205690559345e-10	9.1229423837018e-08
NC_064043.1	13931604	13931854	peak63968	.	*	3.69348650106492	9.07653855952989e-06	0.00104659333192759
NC_064043.1	14302372	14302622	peak64108	.	*	5.38210453385341	0.00041226115486815	0.0169207642943751
NC_064043.1	14715943	14716193	peak64256	.	*	1.42789738194841	0.000190817809902674	0.00954155167950619
NC_064043.1	14735293	14735543	peak64264	.	*	7.4941231110537	0.000165836216982246	0.00841484686100844
NC_064043.1	14768359	14768609	peak64282	.	*	7.1225335869668	0.000286536683292796	0.0123212481424265
NC_064043.1	14769036	14769286	peak64283	.	*	7.19824422463525	0.000495738668550349	0.0183530136630325
NC_064043.1	15170986	15171236	peak64380	.	*	3.32979944193504	0.0015014919318333	0.0381076856635355
NC_064043.1	15294264	15294514	peak64454	.	*	7.80618430120663	0.0014921255000224	0.0380036411768854
NC_064043.1	15615163	15615413	peak64563	.	*	1.36489517252965	0.000146274425247311	0.00798972835255088
NC_064043.1	15677466	15677716	peak64578	.	*	7.83040676603106	6.31989610593216e-06	0.000761288987518422
NC_064044.1	2547155	2547405	peak64976	.	*	1.28973865724245	0.00164911773260827	0.0410409562624032
NC_064044.1	3297370	3297620	peak65200	.	*	3.44789394196614	0.000298231223197682	0.012755704747972
NC_064044.1	3315510	3315760	peak65209	.	*	8.11719102792207	4.16054306584233e-07	9.32310512161034e-05
NC_064044.1	3865571	3865820	peak65392	.	*	3.84215612401703	0.000504621637148702	0.0186245392472965
NC_064044.1	4052192	4052442	peak65457	.	*	5.93901978198566	8.0698813134944e-05	0.00534352501106846
NC_064044.1	4052975	4053225	peak65458	.	*	4.77758690522286	1.63161222525884e-05	0.00161272575498016
NC_064044.1	4508239	4508489	peak65629	.	*	5.35563985411484	1.06844466020422e-06	0.000197675960146244
NC_064044.1	4831722	4831972	peak65733	.	*	8.23900580703453	9.6076878631518e-05	0.00569164792911099
NC_064044.1	5624331	5624581	peak65947	.	*	8.19577886991813	9.6076878631518e-05	0.00569164792911099
NC_064044.1	5912252	5912502	peak66034	.	*	3.35845514129183	0.00125386167550343	0.0359683809411237
NC_064044.1	6329883	6330133	peak66118	.	*	6.42770018070565	0.000859131455610032	0.0262783510722941
NC_064044.1	6408706	6408956	peak66142	.	*	6.80307174957672	0.0014921255000224	0.0380036411768854
NC_064044.1	6491109	6491359	peak66174	.	*	6.20638512699831	0.000859131455610032	0.0262783510722941
NC_064044.1	6823852	6824102	peak66300	.	*	1.97145890592925	0.0015014919318333	0.0381076856635355
NC_064044.1	6855811	6856061	peak66318	.	*	2.58231068646157	1.62930526970965e-05	0.00161272575498016
NC_064044.1	7329031	7329281	peak66495	.	*	2.0122101493673	0.000937023964561438	0.0281009826113593
NC_064044.1	7668562	7668812	peak66631	.	*	3.32905859928978	1.64703883546785e-21	2.37684174346365e-17
NC_064044.1	8291291	8291541	peak66865	.	*	8.55268245540568	3.66898775872064e-06	0.000501393582822894
NC_064044.1	8409924	8410174	peak66921	.	*	1.56948114537632	0.00126650030898329	0.0360389336967875
NC_064044.1	8589077	8589327	peak66998	.	*	4.59742787758511	0.000724378455427167	0.0248183891032038
NC_064044.1	9038870	9039120	peak67143	.	*	7.49690433370546	0.0014921255000224	0.0380036411768854
NC_064044.1	9242152	9242402	peak67200	.	*	3.5420472262658	0.000176732503766444	0.00889270140116304
NC_064044.1	9929984	9930234	peak67447	.	*	7.33940365911086	0.000286536683292796	0.0123212481424265
NC_064044.1	10137351	10137601	peak67520	.	*	2.67242606606321	3.58961985406462e-06	0.000501393582822894
NC_064044.1	11314245	11314495	peak67828	.	*	8.67379583146276	3.23150995067809e-05	0.00261401193669948
NC_064044.1	11963744	11963994	peak68086	.	*	2.14060912604028	0.000908372421990738	0.027389725076783
NC_064044.1	12257021	12257271	peak68221	.	*	8.23489583709868	0.000495738668550349	0.0183530136630325
NC_064044.1	12330637	12330887	peak68240	.	*	5.07107100651577	0.00122059732530638	0.0357941073433869
NC_064044.1	12414350	12414599	peak68283	.	*	6.7146988672927	0.000859131455610032	0.0262783510722941
NC_064044.1	12846997	12847247	peak68469	.	*	1.97220816369526	4.16188542138602e-08	1.61452065903284e-05
NC_064044.1	12921473	12921723	peak68501	.	*	9.09072171001731	6.32831372460629e-11	5.85409585639701e-08
NC_064044.1	12968409	12968659	peak68518	.	*	7.64025899408161	9.6076878631518e-05	0.00569164792911099
NC_064044.1	13704961	13705211	peak68743	.	*	2.9952099319401	0.00168462592488827	0.0418143046475106
NC_064044.1	13705877	13706127	peak68744	.	*	7.29114662400732	0.000165836216982246	0.00841484686100844
NC_064044.1	14051581	14051831	peak68861	.	*	1.3473772777554	0.00018965158841439	0.00948981301112367
NC_064044.1	14066714	14066964	peak68866	.	*	3.19736712088465	2.25075704554093e-07	5.63900606322937e-05
NC_064044.1	14733798	14734048	peak69020	.	*	6.02655299803822	0.000138412383881247	0.00776641290447792
NC_064044.1	14826465	14826715	peak69037	.	*	1.27283376251173	0.000350217085672865	0.0145731913591266
NC_064044.1	15202679	15202929	peak69051	.	*	8.25305571995235	0.000286536683292796	0.0123212481424265
NC_064044.1	15627305	15627554	peak69142	.	*	6.58946538047049	0.000859131455610032	0.0262783510722941
NC_064045.1	1651848	1652098	peak69551	.	*	1.15745939700522	0.00172927048697948	0.0428340240260915
NC_064045.1	2032556	2032806	peak69646	.	*	2.25082379161831	7.96903423416848e-06	0.000933450755140303
NC_064045.1	2184854	2185104	peak69702	.	*	2.42844826997235	2.00592808581976e-06	0.000325253350634438
NC_064045.1	2185165	2185415	peak69703	.	*	10.8375499732146	2.37304698024408e-28	8.56136024297558e-24
NC_064045.1	2233977	2234227	peak69733	.	*	2.17972545993949	1.13849789163361e-09	7.6774126514788e-07
NC_064045.1	2738851	2739101	peak69797	.	*	7.83777109967701	0.0014921255000224	0.0380036411768854
NC_064045.1	2782158	2782408	peak69812	.	*	8.6845368555438	1.91805952511795e-10	1.52085258280094e-07
NC_064045.1	3083339	3083589	peak69896	.	*	8.34721643642111	1.08861652594003e-05	0.00114336427116744
NC_064045.1	3773972	3774222	peak70193	.	*	7.21939983620599	0.000859131455610032	0.0262783510722941
NC_064045.1	4075696	4075946	peak70306	.	*	7.85803923102258	0.000859131455610032	0.0262783510722941
NC_064045.1	4161143	4161393	peak70349	.	*	4.09983075708204	8.48173503992999e-11	7.55555051612529e-08
NC_064045.1	4329723	4329973	peak70402	.	*	2.28177242709163	1.50839636580967e-06	0.000254295186390179
NC_064045.1	4552544	4552794	peak70500	.	*	6.8862162884365	0.000859131455610032	0.0262783510722941
NC_064045.1	4686761	4687011	peak70533	.	*	4.97058006080514	4.37313588694015e-30	3.15543619922167e-25
NC_064045.1	4729354	4729604	peak70551	.	*	7.54351958531423	0.000859131455610032	0.0262783510722941
NC_064045.1	6014370	6014620	peak71029	.	*	7.95023559739453	0.000859131455610032	0.0262783510722941
NC_064045.1	8326140	8326390	peak71689	.	*	7.184353118997	0.000859131455610032	0.0262783510722941
NC_064045.1	8554825	8555075	peak71784	.	*	7.44555573587151	0.000495738668550349	0.0183530136630325
NC_064045.1	8803466	8803716	peak71838	.	*	8.25026491530944	1.39827527333593e-07	3.89546534160439e-05
NC_064045.1	9308070	9308320	peak71997	.	*	2.49000571701609	2.1693396906028e-06	0.000330927495508341
NC_064045.1	9829267	9829517	peak72194	.	*	7.09124353192548	0.0014921255000224	0.0380036411768854
NC_064045.1	10095488	10095738	peak72288	.	*	7.83700165878393	5.57045864081787e-05	0.00392516057840052
NC_064045.1	10337437	10337687	peak72372	.	*	3.18068823604234	0.00126837243335857	0.0360389336967875
NC_064045.1	10460639	10460889	peak72403	.	*	7.01797728023564	0.000286536683292796	0.0123212481424265
NC_064045.1	10850852	10851102	peak72518	.	*	6.87698911123942	0.000495738668550349	0.0183530136630325
NC_064045.1	11074124	11074374	peak72596	.	*	6.57654856915442	0.000859131455610032	0.0262783510722941
NC_064045.1	11642477	11642727	peak72764	.	*	4.07059036329331	0.000298231223197682	0.012755704747972
NC_064045.1	12432580	12432830	peak73043	.	*	7.1851835150272	0.000859131455610032	0.0262783510722941
NC_064045.1	12529231	12529481	peak73082	.	*	1.83516232538927	0.000288480986794171	0.0123900866679365
NC_064045.1	12923778	12924028	peak73235	.	*	2.32991854813661	4.62182675374709e-07	0.000101984070157988
NC_064045.1	13545768	13546018	peak73420	.	*	7.9905812118829	0.000165836216982246	0.00841484686100844
NC_064045.1	14125232	14125482	peak73594	.	*	8.37187306211715	0.000165836216982246	0.00841484686100844
NC_064045.1	15028545	15028795	peak73881	.	*	2.78291821485754	0.000210548031004863	0.0103913086027058
NC_064046.1	286027	286277	peak74114	.	*	1.89528612175163	0.000126745778722097	0.00717281699113171
NC_064046.1	304655	304905	peak74126	.	*	4.38107957883321	1.14026953756568e-07	3.3998408464071e-05
NC_064046.1	1179814	1180064	peak74453	.	*	7.20858897464964	0.0014921255000224	0.0380036411768854
NC_064046.1	1266977	1267227	peak74483	.	*	8.96813406365879	3.23151361310503e-05	0.00261401193669948
NC_064046.1	1679170	1679420	peak74680	.	*	3.82139707008502	1.71157347087101e-07	4.55714331330988e-05
NC_064046.1	1727155	1727405	peak74688	.	*	7.85345397358505	0.0014921255000224	0.0380036411768854
NC_064046.1	1814196	1814446	peak74745	.	*	3.67778421325239	0.00125386167550343	0.0359683809411237
NC_064046.1	1924571	1924821	peak74787	.	*	2.71885575795731	0.00127813223380333	0.0360389336967875
NC_064046.1	2226397	2226647	peak74897	.	*	2.52975983738027	0.000351350954013306	0.0146119470241096
NC_064046.1	2633329	2633579	peak75057	.	*	4.29706744396625	0.000710514949102319	0.024707087302399
NC_064046.1	2720626	2720876	peak75087	.	*	3.52368668083063	7.52817571497925e-06	0.000886126457935282
NC_064046.1	2870454	2870704	peak75142	.	*	7.65843192822842	0.000495738668550349	0.0183530136630325
NC_064046.1	2946929	2947179	peak75171	.	*	2.06138249706859	0.000491004669334897	0.0183530136630325
NC_064046.1	3097855	3098105	peak75247	.	*	7.93773123227837	0.0014921255000224	0.0380036411768854
NC_064046.1	3770875	3771125	peak75502	.	*	7.24863273050908	0.000286536683292796	0.0123212481424265
NC_064046.1	3917514	3917764	peak75540	.	*	7.98206639805955	6.31989610593216e-06	0.000761288987518422
NC_064046.1	4256259	4256509	peak75666	.	*	8.16478852608173	1.39827527333593e-07	3.89546534160439e-05
NC_064046.1	4446407	4446657	peak75750	.	*	1.4263117731815	7.22649764095186e-07	0.000139419234567615
NC_064046.1	4450258	4450508	peak75751	.	*	2.88910699678642	5.7687534182409e-06	0.000738021990945341
NC_064046.1	4634462	4634712	peak75796	.	*	6.17198629916266	0.0014921255000224	0.0380036411768854
NC_064046.1	4711938	4712188	peak75822	.	*	3.1958646723067	0.000944638303289607	0.0282940542855382
NC_064046.1	5071032	5071282	peak75958	.	*	7.41594530408864	3.23151361310503e-05	0.00261401193669948
NC_064046.1	5239756	5240006	peak76012	.	*	1.25649212925853	0.000102435562171201	0.00602382884145313
NC_064046.1	5980408	5980658	peak76131	.	*	4.12887871613513	2.85449156970445e-05	0.00248151613508463
NC_064046.1	6041125	6041375	peak76150	.	*	5.21036989998022	0.00041226115486815	0.0169207642943751
NC_064046.1	6280968	6281218	peak76241	.	*	7.31836838874951	3.23151361310503e-05	0.00261401193669948
NC_064046.1	6342673	6342923	peak76265	.	*	2.46037637170856	0.000346756453975031	0.0144625502523516
NC_064046.1	6376904	6377153	peak76268	.	*	7.94137002923202	0.000859131455610032	0.0262783510722941
NC_064046.1	6713420	6713670	peak76381	.	*	7.33878847954392	9.6076878631518e-05	0.00569164792911099
NC_064046.1	6743481	6743731	peak76388	.	*	1.1523228457045	0.00169004395795453	0.0419199456123098
NC_064046.1	6982673	6982923	peak76461	.	*	2.10593396225649	2.67231894852047e-07	6.49229541180115e-05
NC_064046.1	7362045	7362295	peak76575	.	*	4.06018039001066	0.00024594222232057	0.0116443313986488
NC_064046.1	7646076	7646326	peak76644	.	*	4.42072312052538	4.69019012552766e-20	4.83458097867783e-16
NC_064046.1	7803493	7803743	peak76670	.	*	4.55787827210304	0.000244984511876148	0.0116218655190161
NC_064046.1	8763513	8763763	peak76935	.	*	2.97067372887491	4.41217286655993e-05	0.00345293203022377
NC_064046.1	8791959	8792209	peak76939	.	*	2.30884731198868	0.00153276917687246	0.0386028045674095
NC_064046.1	8888123	8888373	peak76971	.	*	5.20712484077804	9.19363535988261e-06	0.00104797276365297
NC_064046.1	9235495	9235745	peak77078	.	*	6.87007854363207	0.000495738668550349	0.0183530136630325
NC_064046.1	9316231	9316481	peak77090	.	*	1.34839173045535	0.00034302703760749	0.0143341211232038
NC_064046.1	10517031	10517281	peak77459	.	*	5.09234687240417	1.04072467437693e-08	4.78302476940558e-06
NC_064046.1	10730346	10730596	peak77553	.	*	3.49399931556847	6.12434394476046e-05	0.00426958490177963
NC_064046.1	10796713	10796963	peak77570	.	*	7.86603099928858	5.57045232229466e-05	0.00392516057840052
NC_064046.1	11289306	11289556	peak77723	.	*	4.49321197913168	0.00123001727944986	0.0357949212005319
NC_064046.1	11382427	11382677	peak77759	.	*	7.11366032822193	0.000286536683292796	0.0123212481424265
NC_064046.1	11383380	11383630	peak77760	.	*	7.60568944177681	0.000286536683292796	0.0123212481424265
NC_064046.1	11464773	11465023	peak77782	.	*	7.59561396861813	0.000286536683292796	0.0123212481424265
NC_064046.1	12598015	12598265	peak78307	.	*	7.88983312774117	0.000165836216982246	0.00841484686100844
NC_064046.1	13033010	13033260	peak78545	.	*	6.82216879437631	0.000859131455610032	0.0262783510722941
NC_064046.1	13273431	13273681	peak78630	.	*	2.7385564756509	0.00147587703267495	0.0380036411768854
NC_064046.1	13302726	13302976	peak78653	.	*	3.99095698527812	6.07986793641301e-05	0.00424267766878028
NC_064046.1	13652972	13653222	peak78811	.	*	8.08892160867217	3.23151361310503e-05	0.00261401193669948
NC_064046.1	13844876	13845126	peak78881	.	*	7.88878829669002	9.60767695240472e-05	0.00569164792911099
NC_064046.1	14295968	14296218	peak79033	.	*	1.83888209791865	3.82247831531532e-05	0.00302424257501729
NC_064046.1	14300407	14300657	peak79035	.	*	7.08025672863313	1.01325969341052e-18	6.64652301618511e-15
NC_064046.1	14402708	14402958	peak79063	.	*	3.62889131594375	0.000560876521642487	0.0201744992119211
NC_064046.1	14676023	14676273	peak79147	.	*	2.58662416613626	0.000308592411367074	0.0131443243460397
NC_064047.1	444693	444943	peak79205	.	*	4.67969900161457	3.57693747024363e-09	2.00072808655371e-06
NC_064047.1	1206944	1207194	peak79504	.	*	2.10327229269471	0.000910731511838911	0.0274493868992216
NC_064047.1	1239299	1239549	peak79509	.	*	2.53686347318048	0.000337736204821773	0.0141599975937914
NC_064047.1	1277655	1277905	peak79528	.	*	8.03007466443192	5.57045864081787e-05	0.00392516057840052
NC_064047.1	1322464	1322714	peak79549	.	*	1.04275202244395	0.00182737948526292	0.0450784843621011
NC_064047.1	1944076	1944326	peak79740	.	*	2.12017691786142	0.00025378658239991	0.0117913527708084
NC_064047.1	1986731	1986981	peak79749	.	*	2.64366457014134	0.0015083913780499	0.0382424384691463
NC_064047.1	3014409	3014659	peak80199	.	*	6.71549729373095	0.000859131455610032	0.0262783510722941
NC_064047.1	4766727	4766977	peak80685	.	*	4.86889943463565	0.000713267771197243	0.0247201821766208
NC_064047.1	6167648	6167898	peak81121	.	*	2.63769662078241	4.92717107141576e-09	2.57623209172467e-06
NC_064047.1	6495970	6496220	peak81267	.	*	1.79721758089236	0.000268687431707297	0.0123212481424265
NC_064047.1	6728030	6728280	peak81350	.	*	2.08915866195452	0.00134264976083662	0.0376521156211296
NC_064047.1	6728657	6728907	peak81351	.	*	7.75397839542483	6.31989610593216e-06	0.000761288987518422
NC_064047.1	7143055	7143305	peak81479	.	*	3.55197173378049	8.56056082167526e-05	0.00551111813924586
NC_064047.1	7642667	7642917	peak81525	.	*	1.97557614363028	0.00151705682138968	0.038362586042682
NC_064047.1	7705087	7705337	peak81535	.	*	8.5092266050111	2.41247931910299e-07	5.92152888461146e-05
NC_064047.1	8045412	8045662	peak81625	.	*	2.90831495133773	0.000103831384206791	0.00607002258933469
NC_064047.1	8143406	8143656	peak81643	.	*	1.17410109138755	0.000110074552027589	0.00638972590631589
NC_064047.1	9189405	9189655	peak82047	.	*	4.52840554776409	1.1268925889637e-12	1.76762901644947e-09
NC_064047.1	9817558	9817808	peak82237	.	*	4.05576846108588	8.46022378546326e-05	0.00548963531690739
NC_064047.1	10138012	10138262	peak82378	.	*	7.66882475411749	0.000859131455610032	0.0262783510722941
NC_064047.1	10595758	10596008	peak82580	.	*	8.40053690159133	6.31989610593216e-06	0.000761288987518422
NC_064047.1	11268036	11268286	peak82807	.	*	1.15457304926765	0.000372452598106177	0.0154361385504602
NC_064047.1	11359771	11360021	peak82826	.	*	2.21202903842803	0.000850883647901743	0.0262783510722941
NC_064047.1	11571650	11571900	peak82873	.	*	4.20174979167898	2.08401698040322e-05	0.00191313289085235
NC_064047.1	11796259	11796509	peak82914	.	*	2.08706307724197	0.00190448680277836	0.0469324608109538
NC_064047.1	12873542	12873792	peak83016	.	*	3.09768953197596	0.00157175169643995	0.0393374067487424
NC_064047.1	14281821	14282071	peak83364	.	*	1.04906913188027	0.0015668257348342	0.0392549690614451
NC_064047.1	14629015	14629265	peak83446	.	*	1.15171698348755	0.00115860179122658	0.0342406374535121
NC_064048.1	1044162	1044412	peak83864	.	*	4.94840908596788	0.000239311319383929	0.0115270415555056
NC_064048.1	1144862	1145112	peak83893	.	*	3.34332816241273	0.000125294506458973	0.00711300166290103
NC_064048.1	1647063	1647313	peak84074	.	*	1.72450832194091	0.000126495896213109	0.00716429465561767
NC_064048.1	2052877	2053127	peak84233	.	*	7.61635336621256	0.000859131455610032	0.0262783510722941
NC_064048.1	2096184	2096434	peak84239	.	*	7.04002748775582	0.000859131455610032	0.0262783510722941
NC_064048.1	2097023	2097273	peak84240	.	*	2.20297124496667	1.71908553266243e-05	0.00166065707568342
NC_064048.1	2229055	2229305	peak84284	.	*	2.9977994036161	0.000944638303289607	0.0282940542855382
NC_064048.1	2787015	2787265	peak84538	.	*	4.55355141615827	0.000829549730680788	0.0262783510722941
NC_064048.1	3434453	3434703	peak84713	.	*	1.69300366670194	0.000171262808479156	0.00867190733039544
NC_064048.1	3484501	3484751	peak84723	.	*	6.66212851648323	0.0014921255000224	0.0380036411768854
NC_064048.1	4227262	4227512	peak85026	.	*	4.66951512579059	0.00122529894169726	0.0357941073433869
NC_064048.1	4756636	4756886	peak85242	.	*	3.02249298764349	9.93725853491225e-06	0.00109469143448335
NC_064048.1	4772054	4772304	peak85249	.	*	7.73714326224652	9.60767695240472e-05	0.00569164792911099
NC_064048.1	5072850	5073100	peak85374	.	*	2.516640630266	0.000122534422668996	0.00700592018041318
NC_064048.1	5696015	5696265	peak85592	.	*	1.86152412110444	0.000532456457089438	0.019413540000651
NC_064048.1	5696886	5697136	peak85593	.	*	8.49598746213678	0.000495738668550349	0.0183530136630325
NC_064048.1	5979236	5979486	peak85708	.	*	2.25508529234236	0.000316382250817078	0.0134127857272069
NC_064048.1	7773958	7774208	peak86345	.	*	4.42026218347928	0.000244030300633402	0.0115994771687767
NC_064048.1	8637312	8637562	peak86670	.	*	1.27567213657662	3.16571836896857e-06	0.000468078706788785
NC_064048.1	9303326	9303576	peak86901	.	*	5.33364880460611	0.000707772001579475	0.0246937412790048
NC_064048.1	9333601	9333851	peak86915	.	*	4.24037904427409	4.91438265635765e-05	0.00371306052952342
NC_064048.1	10462448	10462698	peak87334	.	*	2.54488519255603	0.00038431248767394	0.0158911561880304
NC_064048.1	10602059	10602309	peak87377	.	*	8.35825643855968	9.6076878631518e-05	0.00569164792911099
