NC_064034.1	845011	845261	peak89	.	*
NC_064034.1	847839	848089	peak94	.	*
NC_064034.1	1264580	1264830	peak188	.	*
NC_064034.1	1581631	1581881	peak313	.	*
NC_064034.1	1588072	1588322	peak322	.	*
NC_064034.1	1588249	1588498	peak323	.	*
NC_064034.1	1652777	1653027	peak342	.	*
NC_064034.1	1659190	1659440	peak348	.	*
NC_064034.1	1659721	1659971	peak349	.	*
NC_064034.1	1663747	1663997	peak357	.	*
NC_064034.1	1663929	1664178	peak358	.	*
NC_064034.1	1711736	1711986	peak384	.	*
NC_064034.1	1714266	1714516	peak389	.	*
NC_064034.1	2045037	2045287	peak477	.	*
NC_064034.1	2045302	2045552	peak478	.	*
NC_064034.1	2046454	2046704	peak480	.	*
NC_064034.1	2180968	2181218	peak559	.	*
NC_064034.1	2193711	2193961	peak576	.	*
NC_064034.1	2199206	2199456	peak584	.	*
NC_064034.1	2432751	2433001	peak679	.	*
NC_064034.1	2480463	2480713	peak702	.	*
NC_064034.1	2564671	2564921	peak750	.	*
NC_064034.1	2604663	2604913	peak773	.	*
NC_064034.1	3060021	3060271	peak918	.	*
NC_064034.1	3263751	3264001	peak994	.	*
NC_064034.1	3414762	3415012	peak1041	.	*
NC_064034.1	3462292	3462542	peak1067	.	*
NC_064034.1	3801077	3801327	peak1186	.	*
NC_064034.1	4046405	4046655	peak1254	.	*
NC_064034.1	4046656	4046906	peak1255	.	*
NC_064034.1	4058106	4058356	peak1260	.	*
NC_064034.1	4130616	4130866	peak1286	.	*
NC_064034.1	4172470	4172720	peak1322	.	*
NC_064034.1	4406270	4406520	peak1420	.	*
NC_064034.1	4407175	4407425	peak1422	.	*
NC_064034.1	4599818	4600068	peak1521	.	*
NC_064034.1	4599986	4600235	peak1522	.	*
NC_064034.1	4866867	4867117	peak1640	.	*
NC_064034.1	4873705	4873955	peak1652	.	*
NC_064034.1	4916657	4916907	peak1673	.	*
NC_064034.1	4917252	4917502	peak1674	.	*
NC_064034.1	4918799	4919049	peak1678	.	*
NC_064034.1	4921485	4921735	peak1684	.	*
NC_064034.1	5134436	5134686	peak1761	.	*
NC_064034.1	5371611	5371861	peak1841	.	*
NC_064034.1	5506859	5507109	peak1900	.	*
NC_064034.1	5508630	5508880	peak1904	.	*
NC_064034.1	5524160	5524410	peak1913	.	*
NC_064034.1	5653313	5653563	peak1958	.	*
NC_064034.1	5654406	5654656	peak1960	.	*
NC_064034.1	6197771	6198021	peak2111	.	*
NC_064034.1	6203325	6203575	peak2116	.	*
NC_064034.1	6493761	6494011	peak2214	.	*
NC_064034.1	6608539	6608789	peak2257	.	*
NC_064034.1	6686995	6687245	peak2286	.	*
NC_064034.1	6688928	6689178	peak2288	.	*
NC_064034.1	6730295	6730545	peak2326	.	*
NC_064034.1	6731155	6731405	peak2328	.	*
NC_064034.1	6731844	6732094	peak2329	.	*
NC_064034.1	6759008	6759258	peak2345	.	*
NC_064034.1	6801708	6801958	peak2367	.	*
NC_064034.1	6810378	6810628	peak2376	.	*
NC_064034.1	6984972	6985222	peak2429	.	*
NC_064034.1	7066439	7066689	peak2457	.	*
NC_064034.1	7066760	7067010	peak2458	.	*
NC_064034.1	7091006	7091256	peak2478	.	*
NC_064034.1	7093863	7094113	peak2483	.	*
NC_064034.1	7175969	7176219	peak2507	.	*
NC_064034.1	7176724	7176974	peak2508	.	*
NC_064034.1	7179150	7179400	peak2512	.	*
NC_064034.1	7181254	7181504	peak2516	.	*
NC_064034.1	7188271	7188521	peak2520	.	*
NC_064034.1	7189274	7189524	peak2523	.	*
NC_064034.1	7190732	7190982	peak2525	.	*
NC_064034.1	7293988	7294238	peak2549	.	*
NC_064034.1	8041730	8041980	peak2825	.	*
NC_064034.1	8211943	8212193	peak2907	.	*
NC_064034.1	8322281	8322531	peak2967	.	*
NC_064034.1	8322742	8322992	peak2968	.	*
NC_064034.1	8669817	8670067	peak3054	.	*
NC_064034.1	8719830	8720080	peak3082	.	*
NC_064034.1	8720310	8720560	peak3083	.	*
NC_064034.1	8875046	8875296	peak3172	.	*
NC_064034.1	9160306	9160556	peak3253	.	*
NC_064034.1	9161466	9161716	peak3255	.	*
NC_064034.1	9162319	9162569	peak3257	.	*
NC_064034.1	9162821	9163071	peak3258	.	*
NC_064034.1	9163752	9164002	peak3260	.	*
NC_064034.1	9175302	9175552	peak3268	.	*
NC_064034.1	9176442	9176692	peak3269	.	*
NC_064034.1	9381403	9381653	peak3377	.	*
NC_064034.1	9669088	9669338	peak3492	.	*
NC_064034.1	9735939	9736189	peak3527	.	*
NC_064034.1	9769541	9769791	peak3538	.	*
NC_064034.1	9770934	9771184	peak3541	.	*
NC_064034.1	9772455	9772705	peak3544	.	*
NC_064034.1	9773898	9774148	peak3546	.	*
NC_064034.1	9774255	9774505	peak3547	.	*
NC_064034.1	10068084	10068334	peak3631	.	*
NC_064034.1	10070949	10071199	peak3635	.	*
NC_064034.1	10299625	10299875	peak3766	.	*
NC_064034.1	10304772	10305022	peak3776	.	*
NC_064034.1	10305886	10306136	peak3779	.	*
NC_064034.1	10306822	10307072	peak3781	.	*
NC_064034.1	10525310	10525560	peak3897	.	*
NC_064034.1	10671135	10671385	peak3936	.	*
NC_064034.1	10698959	10699209	peak3940	.	*
NC_064034.1	10974868	10975118	peak3999	.	*
NC_064034.1	11051456	11051706	peak4015	.	*
NC_064034.1	11228140	11228390	peak4080	.	*
NC_064034.1	11228731	11228981	peak4082	.	*
NC_064034.1	11237041	11237291	peak4101	.	*
NC_064034.1	11266624	11266874	peak4118	.	*
NC_064034.1	11825627	11825877	peak4330	.	*
NC_064034.1	12228700	12228950	peak4440	.	*
NC_064034.1	12408941	12409191	peak4507	.	*
NC_064034.1	12409843	12410093	peak4509	.	*
NC_064034.1	12410207	12410457	peak4510	.	*
NC_064034.1	12412076	12412326	peak4513	.	*
NC_064034.1	12425059	12425309	peak4535	.	*
NC_064034.1	12433979	12434229	peak4543	.	*
NC_064034.1	12434873	12435123	peak4544	.	*
NC_064034.1	12462678	12462928	peak4555	.	*
NC_064034.1	12463815	12464065	peak4556	.	*
NC_064034.1	12474560	12474810	peak4566	.	*
NC_064034.1	12475990	12476240	peak4568	.	*
NC_064034.1	12478107	12478357	peak4573	.	*
NC_064034.1	12483654	12483904	peak4575	.	*
NC_064034.1	12489623	12489873	peak4584	.	*
NC_064034.1	12630995	12631245	peak4627	.	*
NC_064034.1	12632886	12633136	peak4628	.	*
NC_064034.1	12648419	12648669	peak4639	.	*
NC_064034.1	12870327	12870577	peak4727	.	*
NC_064034.1	12878037	12878287	peak4740	.	*
NC_064034.1	12878343	12878593	peak4741	.	*
NC_064034.1	12989378	12989628	peak4788	.	*
NC_064034.1	13015992	13016242	peak4808	.	*
NC_064034.1	13354518	13354768	peak4937	.	*
NC_064034.1	13499527	13499777	peak5015	.	*
NC_064034.1	13532103	13532353	peak5033	.	*
NC_064034.1	14596912	14597162	peak5227	.	*
NC_064034.1	15548683	15548933	peak5444	.	*
NC_064034.1	15759291	15759541	peak5493	.	*
NC_064034.1	16064880	16065130	peak5604	.	*
NC_064034.1	16068470	16068720	peak5610	.	*
NC_064034.1	16358983	16359233	peak5693	.	*
NC_064034.1	16359752	16360002	peak5696	.	*
NC_064034.1	17102064	17102314	peak5974	.	*
NC_064034.1	17444212	17444462	peak6074	.	*
NC_064034.1	17631886	17632136	peak6116	.	*
NC_064034.1	17674613	17674863	peak6130	.	*
NC_064034.1	17769692	17769942	peak6169	.	*
NC_064034.1	17770663	17770913	peak6170	.	*
NC_064034.1	17945534	17945784	peak6207	.	*
NC_064034.1	17995466	17995716	peak6240	.	*
NC_064034.1	18023952	18024202	peak6257	.	*
NC_064034.1	18025962	18026212	peak6260	.	*
NC_064034.1	18032905	18033154	peak6268	.	*
NC_064034.1	18033273	18033523	peak6269	.	*
NC_064034.1	18174052	18174302	peak6291	.	*
NC_064034.1	18175433	18175683	peak6292	.	*
NC_064034.1	18314082	18314332	peak6324	.	*
NC_064034.1	18315085	18315335	peak6325	.	*
NC_064034.1	18317616	18317866	peak6328	.	*
NC_064034.1	18318098	18318348	peak6329	.	*
NC_064034.1	18318760	18319010	peak6331	.	*
NC_064034.1	18320041	18320291	peak6334	.	*
NC_064034.1	18320943	18321193	peak6335	.	*
NC_064034.1	18321964	18322214	peak6337	.	*
NC_064034.1	18386860	18387110	peak6364	.	*
NC_064034.1	18519913	18520163	peak6453	.	*
NC_064034.1	18521391	18521641	peak6456	.	*
NC_064034.1	18521704	18521954	peak6457	.	*
NC_064034.1	18523437	18523687	peak6460	.	*
NC_064034.1	18523846	18524096	peak6461	.	*
NC_064034.1	18686864	18687114	peak6513	.	*
NC_064034.1	18944782	18945032	peak6604	.	*
NC_064034.1	19033791	19034041	peak6639	.	*
NC_064034.1	19323053	19323303	peak6737	.	*
NC_064034.1	19402125	19402375	peak6781	.	*
NC_064034.1	19402898	19403148	peak6782	.	*
NC_064034.1	19733097	19733347	peak6901	.	*
NC_064034.1	20036293	20036543	peak7028	.	*
NC_064034.1	20219923	20220173	peak7095	.	*
NC_064034.1	21044360	21044610	peak7353	.	*
NC_064034.1	21148572	21148822	peak7422	.	*
NC_064034.1	21154651	21154901	peak7427	.	*
NC_064034.1	21159928	21160178	peak7434	.	*
NC_064034.1	21169230	21169480	peak7437	.	*
NC_064034.1	21432614	21432864	peak7544	.	*
NC_064034.1	21464888	21465138	peak7557	.	*
NC_064034.1	21504986	21505236	peak7582	.	*
NC_064034.1	21586137	21586387	peak7609	.	*
NC_064034.1	21856404	21856654	peak7718	.	*
NC_064035.1	927373	927623	peak7831	.	*
NC_064035.1	999153	999403	peak7850	.	*
NC_064035.1	999864	1000114	peak7852	.	*
NC_064035.1	1072919	1073169	peak7866	.	*
NC_064035.1	1482168	1482418	peak8017	.	*
NC_064035.1	1754527	1754777	peak8146	.	*
NC_064035.1	2015826	2016076	peak8215	.	*
NC_064035.1	2016180	2016430	peak8216	.	*
NC_064035.1	2016587	2016837	peak8217	.	*
NC_064035.1	2018756	2019006	peak8222	.	*
NC_064035.1	2179617	2179867	peak8291	.	*
NC_064035.1	2206923	2207173	peak8305	.	*
NC_064035.1	2328215	2328465	peak8350	.	*
NC_064035.1	2437468	2437718	peak8393	.	*
NC_064035.1	2506638	2506888	peak8433	.	*
NC_064035.1	2625595	2625845	peak8489	.	*
NC_064035.1	2753981	2754231	peak8529	.	*
NC_064035.1	2754811	2755061	peak8530	.	*
NC_064035.1	2755065	2755315	peak8531	.	*
NC_064035.1	2781271	2781520	peak8537	.	*
NC_064035.1	2889667	2889917	peak8571	.	*
NC_064035.1	2891590	2891840	peak8573	.	*
NC_064035.1	3193610	3193860	peak8651	.	*
NC_064035.1	3226784	3227033	peak8668	.	*
NC_064035.1	3368644	3368894	peak8742	.	*
NC_064035.1	3503756	3504006	peak8815	.	*
NC_064035.1	3505601	3505851	peak8818	.	*
NC_064035.1	3601809	3602059	peak8882	.	*
NC_064035.1	3643099	3643349	peak8912	.	*
NC_064035.1	3913277	3913527	peak8989	.	*
NC_064035.1	3913775	3914025	peak8990	.	*
NC_064035.1	4088141	4088391	peak9054	.	*
NC_064035.1	4582665	4582915	peak9249	.	*
NC_064035.1	4586052	4586302	peak9252	.	*
NC_064035.1	4586204	4586453	peak9253	.	*
NC_064035.1	4587643	4587893	peak9255	.	*
NC_064035.1	4588056	4588306	peak9256	.	*
NC_064035.1	4871790	4872040	peak9322	.	*
NC_064035.1	4872886	4873136	peak9324	.	*
NC_064035.1	4891911	4892161	peak9339	.	*
NC_064035.1	4921337	4921587	peak9353	.	*
NC_064035.1	5040345	5040595	peak9394	.	*
NC_064035.1	5042884	5043134	peak9398	.	*
NC_064035.1	5043278	5043528	peak9399	.	*
NC_064035.1	5044296	5044546	peak9401	.	*
NC_064035.1	5044642	5044892	peak9402	.	*
NC_064035.1	5047469	5047719	peak9407	.	*
NC_064035.1	5049282	5049532	peak9410	.	*
NC_064035.1	5050448	5050698	peak9412	.	*
NC_064035.1	5050806	5051056	peak9413	.	*
NC_064035.1	5067694	5067944	peak9434	.	*
NC_064035.1	5068209	5068459	peak9435	.	*
NC_064035.1	5081404	5081653	peak9452	.	*
NC_064035.1	5081577	5081827	peak9453	.	*
NC_064035.1	5227226	5227476	peak9495	.	*
NC_064035.1	5247017	5247267	peak9501	.	*
NC_064035.1	5266632	5266882	peak9513	.	*
NC_064035.1	5380421	5380671	peak9586	.	*
NC_064035.1	5383572	5383822	peak9593	.	*
NC_064035.1	5392371	5392621	peak9601	.	*
NC_064035.1	5392796	5393046	peak9602	.	*
NC_064035.1	5393140	5393390	peak9603	.	*
NC_064035.1	5393972	5394222	peak9605	.	*
NC_064035.1	5394569	5394819	peak9606	.	*
NC_064035.1	5394973	5395223	peak9607	.	*
NC_064035.1	5788614	5788864	peak9793	.	*
NC_064035.1	5825713	5825963	peak9810	.	*
NC_064035.1	6066368	6066618	peak9895	.	*
NC_064035.1	6358557	6358807	peak9984	.	*
NC_064035.1	6637492	6637742	peak10081	.	*
NC_064035.1	6639841	6640091	peak10085	.	*
NC_064035.1	6640162	6640412	peak10086	.	*
NC_064035.1	6714746	6714996	peak10117	.	*
NC_064035.1	6962005	6962254	peak10200	.	*
NC_064035.1	6962554	6962804	peak10203	.	*
NC_064035.1	6963795	6964045	peak10205	.	*
NC_064035.1	6964047	6964297	peak10206	.	*
NC_064035.1	6995952	6996202	peak10216	.	*
NC_064035.1	6996109	6996358	peak10217	.	*
NC_064035.1	7057735	7057985	peak10241	.	*
NC_064035.1	7058409	7058659	peak10243	.	*
NC_064035.1	7058923	7059173	peak10244	.	*
NC_064035.1	7174665	7174915	peak10279	.	*
NC_064035.1	7821519	7821769	peak10478	.	*
NC_064035.1	7824898	7825148	peak10483	.	*
NC_064035.1	7918427	7918677	peak10546	.	*
NC_064035.1	7926882	7927132	peak10551	.	*
NC_064035.1	7927363	7927613	peak10552	.	*
NC_064035.1	8445728	8445978	peak10725	.	*
NC_064035.1	8931345	8931595	peak10911	.	*
NC_064035.1	8934124	8934374	peak10913	.	*
NC_064035.1	8994113	8994363	peak10949	.	*
NC_064035.1	9444256	9444506	peak11141	.	*
NC_064035.1	9575204	9575454	peak11210	.	*
NC_064035.1	10009133	10009383	peak11336	.	*
NC_064035.1	10241718	10241968	peak11442	.	*
NC_064035.1	10338484	10338734	peak11479	.	*
NC_064035.1	10339579	10339829	peak11481	.	*
NC_064035.1	10341231	10341481	peak11484	.	*
NC_064035.1	10342103	10342353	peak11486	.	*
NC_064035.1	10546646	10546896	peak11567	.	*
NC_064035.1	10734211	10734461	peak11632	.	*
NC_064035.1	10734484	10734734	peak11633	.	*
NC_064035.1	10766193	10766443	peak11640	.	*
NC_064035.1	10769499	10769749	peak11642	.	*
NC_064035.1	10784118	10784368	peak11654	.	*
NC_064035.1	11027122	11027372	peak11785	.	*
NC_064035.1	11137443	11137693	peak11814	.	*
NC_064035.1	11139061	11139311	peak11817	.	*
NC_064035.1	11143469	11143719	peak11821	.	*
NC_064035.1	11275017	11275267	peak11868	.	*
NC_064035.1	11275322	11275572	peak11869	.	*
NC_064035.1	11277032	11277282	peak11870	.	*
NC_064035.1	11768374	11768624	peak12023	.	*
NC_064035.1	11769509	11769759	peak12026	.	*
NC_064035.1	11769783	11770033	peak12027	.	*
NC_064035.1	11770591	11770841	peak12028	.	*
NC_064035.1	11921120	11921370	peak12083	.	*
NC_064035.1	12078901	12079151	peak12140	.	*
NC_064035.1	12079178	12079428	peak12141	.	*
NC_064035.1	12079840	12080090	peak12142	.	*
NC_064035.1	12081282	12081532	peak12145	.	*
NC_064035.1	12227537	12227787	peak12201	.	*
NC_064035.1	12323908	12324158	peak12228	.	*
NC_064035.1	12324383	12324633	peak12229	.	*
NC_064035.1	12328839	12329089	peak12231	.	*
NC_064035.1	12334911	12335161	peak12239	.	*
NC_064035.1	12521094	12521344	peak12313	.	*
NC_064035.1	12819381	12819631	peak12422	.	*
NC_064035.1	12819562	12819811	peak12423	.	*
NC_064035.1	12838799	12839049	peak12432	.	*
NC_064035.1	13069737	13069987	peak12535	.	*
NC_064035.1	13088169	13088419	peak12543	.	*
NC_064035.1	13129213	13129463	peak12580	.	*
NC_064035.1	13200264	13200514	peak12613	.	*
NC_064035.1	13201239	13201489	peak12614	.	*
NC_064035.1	13250445	13250695	peak12630	.	*
NC_064035.1	13656171	13656421	peak12740	.	*
NC_064035.1	13928573	13928823	peak12812	.	*
NC_064035.1	13929276	13929526	peak12814	.	*
NC_064035.1	14039860	14040110	peak12864	.	*
NC_064035.1	14079412	14079662	peak12878	.	*
NC_064035.1	14080120	14080370	peak12879	.	*
NC_064035.1	14080604	14080854	peak12880	.	*
NC_064035.1	14081003	14081253	peak12881	.	*
NC_064035.1	14465973	14466223	peak12989	.	*
NC_064035.1	14493762	14494012	peak13004	.	*
NC_064035.1	14494060	14494310	peak13005	.	*
NC_064035.1	14595065	14595315	peak13042	.	*
NC_064035.1	14845432	14845682	peak13167	.	*
NC_064035.1	14846822	14847072	peak13171	.	*
NC_064035.1	14996256	14996506	peak13203	.	*
NC_064035.1	15045688	15045938	peak13220	.	*
NC_064035.1	15046167	15046417	peak13221	.	*
NC_064035.1	15051705	15051955	peak13232	.	*
NC_064035.1	15052472	15052722	peak13234	.	*
NC_064035.1	15053272	15053522	peak13235	.	*
NC_064035.1	15143929	15144179	peak13262	.	*
NC_064035.1	15652621	15652871	peak13418	.	*
NC_064035.1	15852125	15852375	peak13512	.	*
NC_064035.1	16012985	16013235	peak13559	.	*
NC_064035.1	16113642	16113892	peak13572	.	*
NC_064035.1	16310116	16310366	peak13651	.	*
NC_064035.1	16365394	16365644	peak13729	.	*
NC_064035.1	16367540	16367790	peak13732	.	*
NC_064035.1	16703264	16703514	peak13860	.	*
NC_064035.1	16832787	16833037	peak13935	.	*
NC_064035.1	17007378	17007628	peak14001	.	*
NC_064035.1	17350532	17350782	peak14161	.	*
NC_064035.1	17697219	17697469	peak14318	.	*
NC_064035.1	17697570	17697820	peak14319	.	*
NC_064035.1	18091989	18092239	peak14443	.	*
NC_064035.1	18106367	18106617	peak14455	.	*
NC_064035.1	18357351	18357601	peak14518	.	*
NC_064035.1	18357609	18357859	peak14519	.	*
NC_064035.1	18374451	18374701	peak14527	.	*
NC_064035.1	18378382	18378632	peak14531	.	*
NC_064035.1	18497276	18497526	peak14608	.	*
NC_064035.1	18497910	18498160	peak14610	.	*
NC_064035.1	18498952	18499202	peak14611	.	*
NC_064035.1	18798571	18798821	peak14754	.	*
NC_064035.1	18803941	18804191	peak14761	.	*
NC_064035.1	19037432	19037682	peak14838	.	*
NC_064035.1	19251286	19251536	peak14939	.	*
NC_064035.1	19337883	19338133	peak15024	.	*
NC_064035.1	19388766	19389016	peak15041	.	*
NC_064035.1	19389461	19389711	peak15042	.	*
NC_064035.1	19477799	19478049	peak15095	.	*
NC_064035.1	19883339	19883589	peak15223	.	*
NC_064035.1	20529695	20529945	peak15409	.	*
NC_064035.1	20882031	20882281	peak15503	.	*
NC_064035.1	20882554	20882804	peak15504	.	*
NC_064035.1	20883250	20883500	peak15506	.	*
NC_064035.1	21790997	21791247	peak15732	.	*
NC_064036.1	583772	584022	peak15801	.	*
NC_064036.1	584409	584659	peak15802	.	*
NC_064036.1	585061	585311	peak15804	.	*
NC_064036.1	608551	608801	peak15813	.	*
NC_064036.1	609043	609293	peak15814	.	*
NC_064036.1	610231	610481	peak15817	.	*
NC_064036.1	612394	612644	peak15818	.	*
NC_064036.1	842919	843169	peak15928	.	*
NC_064036.1	853953	854203	peak15937	.	*
NC_064036.1	871425	871675	peak15947	.	*
NC_064036.1	872486	872736	peak15949	.	*
NC_064036.1	1467668	1467918	peak16175	.	*
NC_064036.1	1468482	1468732	peak16177	.	*
NC_064036.1	1549091	1549341	peak16216	.	*
NC_064036.1	1553018	1553268	peak16225	.	*
NC_064036.1	1683733	1683983	peak16274	.	*
NC_064036.1	1685233	1685483	peak16277	.	*
NC_064036.1	1686660	1686910	peak16280	.	*
NC_064036.1	1688562	1688812	peak16281	.	*
NC_064036.1	1691297	1691547	peak16283	.	*
NC_064036.1	1692665	1692915	peak16287	.	*
NC_064036.1	1704991	1705241	peak16305	.	*
NC_064036.1	1725695	1725945	peak16317	.	*
NC_064036.1	2148689	2148939	peak16458	.	*
NC_064036.1	2261121	2261371	peak16498	.	*
NC_064036.1	2265059	2265309	peak16503	.	*
NC_064036.1	2642650	2642899	peak16667	.	*
NC_064036.1	2642875	2643125	peak16668	.	*
NC_064036.1	2818984	2819234	peak16740	.	*
NC_064036.1	2939295	2939545	peak16780	.	*
NC_064036.1	2939858	2940108	peak16782	.	*
NC_064036.1	3000608	3000858	peak16798	.	*
NC_064036.1	3062931	3063181	peak16815	.	*
NC_064036.1	3063454	3063704	peak16816	.	*
NC_064036.1	3065796	3066046	peak16819	.	*
NC_064036.1	3068077	3068327	peak16822	.	*
NC_064036.1	3192240	3192490	peak16872	.	*
NC_064036.1	3371443	3371693	peak16918	.	*
NC_064036.1	3989453	3989703	peak17125	.	*
NC_064036.1	3990912	3991162	peak17129	.	*
NC_064036.1	3991341	3991591	peak17130	.	*
NC_064036.1	3993152	3993402	peak17133	.	*
NC_064036.1	3993638	3993888	peak17134	.	*
NC_064036.1	4011089	4011339	peak17148	.	*
NC_064036.1	4707467	4707717	peak17350	.	*
NC_064036.1	5027279	5027529	peak17478	.	*
NC_064036.1	5031101	5031351	peak17488	.	*
NC_064036.1	5066047	5066297	peak17502	.	*
NC_064036.1	5324825	5325075	peak17580	.	*
NC_064036.1	5325995	5326245	peak17582	.	*
NC_064036.1	5326345	5326595	peak17583	.	*
NC_064036.1	5579023	5579273	peak17669	.	*
NC_064036.1	5579866	5580116	peak17672	.	*
NC_064036.1	5582716	5582966	peak17678	.	*
NC_064036.1	5706164	5706414	peak17723	.	*
NC_064036.1	5706743	5706993	peak17724	.	*
NC_064036.1	5750941	5751191	peak17749	.	*
NC_064036.1	5760074	5760324	peak17754	.	*
NC_064036.1	5764074	5764324	peak17762	.	*
NC_064036.1	5775028	5775278	peak17773	.	*
NC_064036.1	6113060	6113310	peak17904	.	*
NC_064036.1	6506045	6506294	peak18094	.	*
NC_064036.1	6507039	6507289	peak18097	.	*
NC_064036.1	6508133	6508383	peak18099	.	*
NC_064036.1	6508604	6508854	peak18100	.	*
NC_064036.1	6509000	6509250	peak18101	.	*
NC_064036.1	6732038	6732288	peak18165	.	*
NC_064036.1	6816088	6816338	peak18207	.	*
NC_064036.1	6845468	6845718	peak18216	.	*
NC_064036.1	6848064	6848314	peak18221	.	*
NC_064036.1	7089783	7090033	peak18305	.	*
NC_064036.1	7143526	7143776	peak18343	.	*
NC_064036.1	7234079	7234329	peak18406	.	*
NC_064036.1	7349024	7349274	peak18495	.	*
NC_064036.1	7712915	7713165	peak18648	.	*
NC_064036.1	7947050	7947300	peak18750	.	*
NC_064036.1	8046379	8046629	peak18807	.	*
NC_064036.1	8048260	8048510	peak18812	.	*
NC_064036.1	8209325	8209575	peak18870	.	*
NC_064036.1	8212175	8212425	peak18873	.	*
NC_064036.1	8217306	8217556	peak18878	.	*
NC_064036.1	8428620	8428870	peak18950	.	*
NC_064036.1	8607927	8608177	peak18998	.	*
NC_064036.1	8608452	8608702	peak18999	.	*
NC_064036.1	8608867	8609117	peak19000	.	*
NC_064036.1	8609967	8610217	peak19002	.	*
NC_064036.1	8613017	8613267	peak19009	.	*
NC_064036.1	8613987	8614237	peak19010	.	*
NC_064036.1	8615536	8615786	peak19013	.	*
NC_064036.1	8616662	8616912	peak19015	.	*
NC_064036.1	8617306	8617556	peak19016	.	*
NC_064036.1	8854447	8854697	peak19058	.	*
NC_064036.1	8988371	8988621	peak19082	.	*
NC_064036.1	9040345	9040595	peak19098	.	*
NC_064036.1	9120840	9121090	peak19141	.	*
NC_064036.1	9150445	9150695	peak19148	.	*
NC_064036.1	9695944	9696194	peak19341	.	*
NC_064036.1	9719846	9720096	peak19347	.	*
NC_064036.1	9736982	9737232	peak19371	.	*
NC_064036.1	9767011	9767261	peak19388	.	*
NC_064036.1	9768310	9768560	peak19391	.	*
NC_064036.1	10064703	10064953	peak19509	.	*
NC_064036.1	10196007	10196257	peak19579	.	*
NC_064036.1	10267014	10267264	peak19611	.	*
NC_064036.1	10268602	10268852	peak19613	.	*
NC_064036.1	10268960	10269210	peak19614	.	*
NC_064036.1	10353326	10353576	peak19639	.	*
NC_064036.1	10356780	10357030	peak19642	.	*
NC_064036.1	10470180	10470430	peak19711	.	*
NC_064036.1	10605785	10606035	peak19779	.	*
NC_064036.1	10606114	10606364	peak19780	.	*
NC_064036.1	11056067	11056317	peak19978	.	*
NC_064036.1	11176546	11176796	peak20025	.	*
NC_064036.1	11177616	11177866	peak20027	.	*
NC_064036.1	11187648	11187898	peak20035	.	*
NC_064036.1	11188895	11189145	peak20037	.	*
NC_064036.1	11191372	11191622	peak20041	.	*
NC_064036.1	11234501	11234751	peak20066	.	*
NC_064036.1	11234766	11235016	peak20067	.	*
NC_064036.1	11392251	11392501	peak20147	.	*
NC_064036.1	11394453	11394703	peak20150	.	*
NC_064036.1	11510886	11511136	peak20191	.	*
NC_064036.1	11696135	11696385	peak20240	.	*
NC_064036.1	11698417	11698667	peak20243	.	*
NC_064036.1	11816771	11817021	peak20273	.	*
NC_064036.1	11881020	11881270	peak20299	.	*
NC_064036.1	11908853	11909103	peak20312	.	*
NC_064036.1	12131990	12132240	peak20421	.	*
NC_064036.1	12600420	12600670	peak20611	.	*
NC_064036.1	12703058	12703308	peak20654	.	*
NC_064036.1	12719458	12719707	peak20665	.	*
NC_064036.1	12991682	12991932	peak20794	.	*
NC_064036.1	12992307	12992557	peak20795	.	*
NC_064036.1	13862483	13862733	peak21173	.	*
NC_064036.1	13897908	13898158	peak21183	.	*
NC_064036.1	14091950	14092200	peak21266	.	*
NC_064036.1	14388668	14388918	peak21382	.	*
NC_064036.1	14625276	14625526	peak21456	.	*
NC_064036.1	14747279	14747529	peak21523	.	*
NC_064036.1	15003623	15003873	peak21601	.	*
NC_064036.1	15077948	15078198	peak21629	.	*
NC_064036.1	15150365	15150615	peak21665	.	*
NC_064036.1	15165733	15165983	peak21671	.	*
NC_064036.1	15166128	15166378	peak21672	.	*
NC_064036.1	15283689	15283939	peak21745	.	*
NC_064036.1	15303074	15303324	peak21763	.	*
NC_064036.1	15327282	15327532	peak21787	.	*
NC_064036.1	15328289	15328539	peak21789	.	*
NC_064036.1	15329948	15330198	peak21793	.	*
NC_064036.1	15405630	15405880	peak21825	.	*
NC_064036.1	16042458	16042708	peak22020	.	*
NC_064036.1	16286387	16286637	peak22099	.	*
NC_064036.1	17045517	17045767	peak22305	.	*
NC_064036.1	17188381	17188631	peak22363	.	*
NC_064036.1	17641069	17641319	peak22509	.	*
NC_064036.1	17641643	17641893	peak22511	.	*
NC_064036.1	18942102	18942352	peak22836	.	*
NC_064036.1	18951260	18951510	peak22847	.	*
NC_064036.1	18951809	18952059	peak22848	.	*
NC_064036.1	19247638	19247887	peak22971	.	*
NC_064036.1	19299169	19299419	peak22993	.	*
NC_064036.1	19491470	19491719	peak23071	.	*
NC_064036.1	19886299	19886549	peak23138	.	*
NC_064037.1	1151365	1151615	peak23468	.	*
NC_064037.1	1151940	1152190	peak23469	.	*
NC_064037.1	1584297	1584547	peak23663	.	*
NC_064037.1	1605163	1605413	peak23673	.	*
NC_064037.1	1703128	1703378	peak23703	.	*
NC_064037.1	1992571	1992821	peak23823	.	*
NC_064037.1	2006105	2006355	peak23835	.	*
NC_064037.1	2117668	2117918	peak23859	.	*
NC_064037.1	2173703	2173953	peak23881	.	*
NC_064037.1	2715885	2716135	peak24085	.	*
NC_064037.1	2716157	2716407	peak24086	.	*
NC_064037.1	2800405	2800655	peak24126	.	*
NC_064037.1	2800940	2801190	peak24127	.	*
NC_064037.1	2802325	2802575	peak24129	.	*
NC_064037.1	3009801	3010051	peak24199	.	*
NC_064037.1	3026413	3026663	peak24213	.	*
NC_064037.1	3031687	3031937	peak24225	.	*
NC_064037.1	3227154	3227404	peak24290	.	*
NC_064037.1	3371831	3372081	peak24354	.	*
NC_064037.1	3664387	3664637	peak24459	.	*
NC_064037.1	3664548	3664797	peak24460	.	*
NC_064037.1	3665048	3665298	peak24461	.	*
NC_064037.1	3764733	3764983	peak24484	.	*
NC_064037.1	4528771	4529021	peak24749	.	*
NC_064037.1	4532902	4533152	peak24754	.	*
NC_064037.1	4610870	4611120	peak24775	.	*
NC_064037.1	4709046	4709296	peak24816	.	*
NC_064037.1	4735373	4735623	peak24836	.	*
NC_064037.1	4736830	4737080	peak24840	.	*
NC_064037.1	4875644	4875894	peak24897	.	*
NC_064037.1	4998477	4998727	peak24937	.	*
NC_064037.1	5006689	5006939	peak24954	.	*
NC_064037.1	5056443	5056693	peak24986	.	*
NC_064037.1	5113595	5113845	peak25028	.	*
NC_064037.1	5114001	5114251	peak25029	.	*
NC_064037.1	5155624	5155873	peak25039	.	*
NC_064037.1	5184371	5184621	peak25056	.	*
NC_064037.1	5587479	5587729	peak25178	.	*
NC_064037.1	6061604	6061854	peak25385	.	*
NC_064037.1	6225698	6225948	peak25431	.	*
NC_064037.1	6228326	6228576	peak25436	.	*
NC_064037.1	6228760	6229010	peak25437	.	*
NC_064037.1	6257298	6257548	peak25454	.	*
NC_064037.1	6258337	6258587	peak25456	.	*
NC_064037.1	6258499	6258748	peak25457	.	*
NC_064037.1	6258685	6258935	peak25458	.	*
NC_064037.1	6260963	6261213	peak25459	.	*
NC_064037.1	6261287	6261537	peak25460	.	*
NC_064037.1	6429764	6430014	peak25540	.	*
NC_064037.1	6430142	6430392	peak25542	.	*
NC_064037.1	6513741	6513991	peak25570	.	*
NC_064037.1	6672044	6672294	peak25642	.	*
NC_064037.1	6843309	6843559	peak25699	.	*
NC_064037.1	6844525	6844775	peak25701	.	*
NC_064037.1	6900911	6901161	peak25715	.	*
NC_064037.1	7208397	7208647	peak25830	.	*
NC_064037.1	7292205	7292455	peak25869	.	*
NC_064037.1	7294292	7294542	peak25871	.	*
NC_064037.1	7294725	7294975	peak25872	.	*
NC_064037.1	7565234	7565484	peak25975	.	*
NC_064037.1	7667458	7667708	peak26028	.	*
NC_064037.1	7668097	7668347	peak26029	.	*
NC_064037.1	7757353	7757603	peak26067	.	*
NC_064037.1	7869356	7869606	peak26092	.	*
NC_064037.1	7869697	7869947	peak26093	.	*
NC_064037.1	8196308	8196558	peak26206	.	*
NC_064037.1	8199137	8199387	peak26208	.	*
NC_064037.1	8199642	8199892	peak26209	.	*
NC_064037.1	8724847	8725097	peak26393	.	*
NC_064037.1	8884358	8884607	peak26440	.	*
NC_064037.1	8884644	8884894	peak26441	.	*
NC_064037.1	8896292	8896542	peak26448	.	*
NC_064037.1	8945967	8946217	peak26473	.	*
NC_064037.1	9288887	9289136	peak26564	.	*
NC_064037.1	9834920	9835170	peak26800	.	*
NC_064037.1	9835504	9835754	peak26802	.	*
NC_064037.1	10326033	10326283	peak26979	.	*
NC_064037.1	10577934	10578184	peak27046	.	*
NC_064037.1	10582820	10583070	peak27050	.	*
NC_064037.1	10583190	10583440	peak27051	.	*
NC_064037.1	10818666	10818916	peak27126	.	*
NC_064037.1	10819722	10819971	peak27128	.	*
NC_064037.1	10820902	10821152	peak27131	.	*
NC_064037.1	10823542	10823792	peak27134	.	*
NC_064037.1	10828807	10829057	peak27141	.	*
NC_064037.1	11008117	11008367	peak27222	.	*
NC_064037.1	11283310	11283560	peak27314	.	*
NC_064037.1	11291251	11291501	peak27325	.	*
NC_064037.1	11416373	11416623	peak27358	.	*
NC_064037.1	11590566	11590816	peak27414	.	*
NC_064037.1	11756460	11756710	peak27459	.	*
NC_064037.1	11756868	11757118	peak27460	.	*
NC_064037.1	11757095	11757344	peak27461	.	*
NC_064037.1	11764340	11764590	peak27476	.	*
NC_064037.1	11949409	11949659	peak27531	.	*
NC_064037.1	12155436	12155686	peak27605	.	*
NC_064037.1	12156470	12156720	peak27607	.	*
NC_064037.1	12158887	12159137	peak27613	.	*
NC_064037.1	12286540	12286790	peak27655	.	*
NC_064037.1	12300422	12300672	peak27661	.	*
NC_064037.1	12313266	12313516	peak27669	.	*
NC_064037.1	12349532	12349782	peak27684	.	*
NC_064037.1	12350291	12350541	peak27686	.	*
NC_064037.1	12399597	12399847	peak27705	.	*
NC_064037.1	12401863	12402113	peak27710	.	*
NC_064037.1	12551190	12551440	peak27764	.	*
NC_064037.1	12551525	12551775	peak27765	.	*
NC_064037.1	13564487	13564737	peak28067	.	*
NC_064037.1	13643595	13643845	peak28100	.	*
NC_064037.1	13868806	13869056	peak28164	.	*
NC_064037.1	13957091	13957341	peak28174	.	*
NC_064037.1	13960130	13960380	peak28176	.	*
NC_064037.1	14009014	14009264	peak28190	.	*
NC_064037.1	14978747	14978997	peak28486	.	*
NC_064037.1	15090601	15090851	peak28538	.	*
NC_064037.1	15253802	15254052	peak28591	.	*
NC_064037.1	15998728	15998978	peak28894	.	*
NC_064037.1	16001193	16001443	peak28897	.	*
NC_064037.1	16005692	16005942	peak28902	.	*
NC_064037.1	16009620	16009870	peak28908	.	*
NC_064037.1	16012419	16012669	peak28914	.	*
NC_064037.1	16813248	16813498	peak29152	.	*
NC_064037.1	16813763	16814013	peak29153	.	*
NC_064037.1	17118722	17118972	peak29232	.	*
NC_064037.1	17119058	17119308	peak29233	.	*
NC_064037.1	17267791	17268041	peak29274	.	*
NC_064037.1	17272575	17272825	peak29278	.	*
NC_064037.1	17552383	17552633	peak29385	.	*
NC_064037.1	17637929	17638179	peak29434	.	*
NC_064037.1	17753526	17753776	peak29489	.	*
NC_064037.1	18255938	18256188	peak29626	.	*
NC_064037.1	18341676	18341926	peak29658	.	*
NC_064038.1	1047345	1047595	peak29881	.	*
NC_064038.1	1082858	1083108	peak29917	.	*
NC_064038.1	1580770	1581020	peak30048	.	*
NC_064038.1	2309209	2309459	peak30107	.	*
NC_064038.1	2413158	2413408	peak30142	.	*
NC_064038.1	2954308	2954558	peak30177	.	*
NC_064038.1	3041144	3041394	peak30197	.	*
NC_064038.1	3093990	3094240	peak30217	.	*
NC_064038.1	3095678	3095928	peak30219	.	*
NC_064038.1	3232157	3232407	peak30254	.	*
NC_064038.1	3345400	3345650	peak30275	.	*
NC_064038.1	3477274	3477524	peak30320	.	*
NC_064038.1	4484059	4484309	peak30709	.	*
NC_064038.1	4525560	4525810	peak30720	.	*
NC_064038.1	4611623	4611873	peak30766	.	*
NC_064038.1	4612286	4612536	peak30768	.	*
NC_064038.1	4612638	4612888	peak30769	.	*
NC_064038.1	4612963	4613213	peak30770	.	*
NC_064038.1	4614820	4615070	peak30774	.	*
NC_064038.1	4745811	4746061	peak30815	.	*
NC_064038.1	4746775	4747025	peak30816	.	*
NC_064038.1	4895332	4895582	peak30890	.	*
NC_064038.1	5830628	5830878	peak31142	.	*
NC_064038.1	5832736	5832986	peak31145	.	*
NC_064038.1	5856645	5856895	peak31163	.	*
NC_064038.1	6056391	6056641	peak31321	.	*
NC_064038.1	6056554	6056803	peak31322	.	*
NC_064038.1	6087606	6087856	peak31345	.	*
NC_064038.1	6088819	6089069	peak31348	.	*
NC_064038.1	6089108	6089358	peak31349	.	*
NC_064038.1	6089404	6089654	peak31350	.	*
NC_064038.1	6094580	6094830	peak31352	.	*
NC_064038.1	6272133	6272383	peak31401	.	*
NC_064038.1	6438636	6438886	peak31459	.	*
NC_064038.1	6472505	6472755	peak31483	.	*
NC_064038.1	6563926	6564176	peak31506	.	*
NC_064038.1	6565132	6565382	peak31507	.	*
NC_064038.1	6566265	6566515	peak31508	.	*
NC_064038.1	6608538	6608788	peak31531	.	*
NC_064038.1	7128950	7129200	peak31688	.	*
NC_064038.1	7403124	7403374	peak31735	.	*
NC_064038.1	7424277	7424527	peak31740	.	*
NC_064038.1	7695132	7695382	peak31816	.	*
NC_064038.1	7953893	7954143	peak31900	.	*
NC_064038.1	8158006	8158256	peak31981	.	*
NC_064038.1	8909416	8909666	peak32204	.	*
NC_064038.1	9343887	9344137	peak32386	.	*
NC_064038.1	9405801	9406051	peak32404	.	*
NC_064038.1	9416695	9416945	peak32412	.	*
NC_064038.1	9457986	9458236	peak32440	.	*
NC_064038.1	9458598	9458848	peak32441	.	*
NC_064038.1	9459310	9459560	peak32442	.	*
NC_064038.1	9475153	9475403	peak32447	.	*
NC_064038.1	9764932	9765182	peak32536	.	*
NC_064038.1	9767612	9767862	peak32541	.	*
NC_064038.1	9769628	9769878	peak32546	.	*
NC_064038.1	9777356	9777606	peak32559	.	*
NC_064038.1	10109103	10109353	peak32681	.	*
NC_064038.1	10112113	10112363	peak32689	.	*
NC_064038.1	10112901	10113151	peak32691	.	*
NC_064038.1	10140287	10140537	peak32704	.	*
NC_064038.1	10169544	10169794	peak32714	.	*
NC_064038.1	10471351	10471601	peak32808	.	*
NC_064038.1	10502371	10502620	peak32835	.	*
NC_064038.1	10626749	10626999	peak32891	.	*
NC_064038.1	10993831	10994081	peak33001	.	*
NC_064038.1	11648619	11648869	peak33266	.	*
NC_064038.1	12267679	12267929	peak33375	.	*
NC_064038.1	12412214	12412464	peak33403	.	*
NC_064038.1	12412590	12412840	peak33404	.	*
NC_064038.1	12413589	12413839	peak33407	.	*
NC_064038.1	12425507	12425757	peak33432	.	*
NC_064038.1	12427352	12427602	peak33435	.	*
NC_064038.1	12515731	12515981	peak33487	.	*
NC_064038.1	12519619	12519869	peak33494	.	*
NC_064038.1	12584533	12584783	peak33526	.	*
NC_064038.1	12707734	12707984	peak33570	.	*
NC_064038.1	12708769	12709019	peak33572	.	*
NC_064038.1	12709214	12709464	peak33573	.	*
NC_064038.1	13117438	13117688	peak33693	.	*
NC_064038.1	13635127	13635377	peak33873	.	*
NC_064038.1	13795899	13796149	peak33925	.	*
NC_064038.1	13924234	13924484	peak33970	.	*
NC_064038.1	15055333	15055583	peak34240	.	*
NC_064038.1	15074360	15074610	peak34258	.	*
NC_064038.1	15075417	15075667	peak34260	.	*
NC_064038.1	15075715	15075965	peak34261	.	*
NC_064038.1	15090335	15090585	peak34275	.	*
NC_064038.1	15149924	15150174	peak34293	.	*
NC_064038.1	15616691	15616941	peak34380	.	*
NC_064038.1	15617541	15617791	peak34382	.	*
NC_064038.1	15943808	15944058	peak34456	.	*
NC_064038.1	15952093	15952343	peak34463	.	*
NC_064038.1	17941893	17942143	peak34889	.	*
NC_064039.1	21068	21318	peak34974	.	*
NC_064039.1	114638	114888	peak35013	.	*
NC_064039.1	226824	227074	peak35072	.	*
NC_064039.1	920404	920654	peak35343	.	*
NC_064039.1	990578	990828	peak35367	.	*
NC_064039.1	991597	991847	peak35369	.	*
NC_064039.1	1374960	1375210	peak35501	.	*
NC_064039.1	1628011	1628261	peak35601	.	*
NC_064039.1	1740062	1740312	peak35636	.	*
NC_064039.1	1742553	1742803	peak35640	.	*
NC_064039.1	1751950	1752200	peak35651	.	*
NC_064039.1	1983316	1983566	peak35691	.	*
NC_064039.1	2465455	2465705	peak35849	.	*
NC_064039.1	2490473	2490723	peak35858	.	*
NC_064039.1	2491647	2491897	peak35860	.	*
NC_064039.1	2503433	2503683	peak35872	.	*
NC_064039.1	2537828	2538078	peak35888	.	*
NC_064039.1	2692435	2692685	peak35975	.	*
NC_064039.1	2717499	2717749	peak35989	.	*
NC_064039.1	2892731	2892981	peak36053	.	*
NC_064039.1	2934271	2934521	peak36067	.	*
NC_064039.1	2935383	2935633	peak36068	.	*
NC_064039.1	2948418	2948668	peak36072	.	*
NC_064039.1	2948773	2949023	peak36073	.	*
NC_064039.1	2954177	2954427	peak36077	.	*
NC_064039.1	2955545	2955795	peak36080	.	*
NC_064039.1	2966835	2967085	peak36087	.	*
NC_064039.1	3005324	3005574	peak36096	.	*
NC_064039.1	3087065	3087315	peak36139	.	*
NC_064039.1	3369808	3370058	peak36229	.	*
NC_064039.1	3371983	3372233	peak36231	.	*
NC_064039.1	3576672	3576922	peak36321	.	*
NC_064039.1	4148153	4148403	peak36643	.	*
NC_064039.1	4599534	4599784	peak36814	.	*
NC_064039.1	4799795	4800045	peak36889	.	*
NC_064039.1	4945359	4945609	peak36978	.	*
NC_064039.1	5161096	5161346	peak37054	.	*
NC_064039.1	5161986	5162236	peak37057	.	*
NC_064039.1	5162317	5162567	peak37058	.	*
NC_064039.1	5279611	5279861	peak37116	.	*
NC_064039.1	5339253	5339503	peak37149	.	*
NC_064039.1	5339958	5340208	peak37150	.	*
NC_064039.1	5655815	5656065	peak37243	.	*
NC_064039.1	5854541	5854791	peak37316	.	*
NC_064039.1	5952758	5953008	peak37373	.	*
NC_064039.1	5969342	5969592	peak37384	.	*
NC_064039.1	6130949	6131199	peak37428	.	*
NC_064039.1	6257138	6257388	peak37492	.	*
NC_064039.1	6259158	6259408	peak37495	.	*
NC_064039.1	6447404	6447654	peak37564	.	*
NC_064039.1	6580525	6580775	peak37612	.	*
NC_064039.1	6581823	6582073	peak37615	.	*
NC_064039.1	6645984	6646234	peak37675	.	*
NC_064039.1	6649046	6649296	peak37680	.	*
NC_064039.1	6669409	6669659	peak37701	.	*
NC_064039.1	6670034	6670284	peak37702	.	*
NC_064039.1	6673749	6673999	peak37708	.	*
NC_064039.1	6676300	6676550	peak37714	.	*
NC_064039.1	6680016	6680266	peak37722	.	*
NC_064039.1	6945154	6945404	peak37846	.	*
NC_064039.1	7065765	7066015	peak37919	.	*
NC_064039.1	7068861	7069111	peak37923	.	*
NC_064039.1	7195587	7195837	peak37978	.	*
NC_064039.1	7201250	7201500	peak37988	.	*
NC_064039.1	7202913	7203163	peak37992	.	*
NC_064039.1	7205764	7206014	peak37998	.	*
NC_064039.1	7206337	7206587	peak38000	.	*
NC_064039.1	7206755	7207005	peak38001	.	*
NC_064039.1	7207019	7207269	peak38002	.	*
NC_064039.1	7207342	7207592	peak38003	.	*
NC_064039.1	7590291	7590541	peak38172	.	*
NC_064039.1	8503202	8503452	peak38487	.	*
NC_064039.1	8917900	8918150	peak38649	.	*
NC_064039.1	8923358	8923608	peak38654	.	*
NC_064039.1	9075676	9075926	peak38717	.	*
NC_064039.1	9075997	9076247	peak38718	.	*
NC_064039.1	9104018	9104268	peak38726	.	*
NC_064039.1	9162234	9162484	peak38750	.	*
NC_064039.1	9162612	9162862	peak38751	.	*
NC_064039.1	9166009	9166259	peak38753	.	*
NC_064039.1	9166952	9167202	peak38755	.	*
NC_064039.1	9167652	9167902	peak38757	.	*
NC_064039.1	9243114	9243364	peak38797	.	*
NC_064039.1	9245364	9245614	peak38800	.	*
NC_064039.1	9245975	9246225	peak38801	.	*
NC_064039.1	9247146	9247396	peak38803	.	*
NC_064039.1	9247788	9248038	peak38805	.	*
NC_064039.1	9249438	9249688	peak38808	.	*
NC_064039.1	9280726	9280976	peak38813	.	*
NC_064039.1	9323395	9323645	peak38826	.	*
NC_064039.1	9440962	9441212	peak38875	.	*
NC_064039.1	9443132	9443382	peak38878	.	*
NC_064039.1	9464576	9464826	peak38893	.	*
NC_064039.1	9608262	9608512	peak38961	.	*
NC_064039.1	9610464	9610714	peak38964	.	*
NC_064039.1	9617622	9617872	peak38970	.	*
NC_064039.1	9619001	9619251	peak38973	.	*
NC_064039.1	10096207	10096457	peak39225	.	*
NC_064039.1	10400438	10400688	peak39362	.	*
NC_064039.1	10403386	10403636	peak39369	.	*
NC_064039.1	10512502	10512752	peak39420	.	*
NC_064039.1	10677574	10677824	peak39479	.	*
NC_064039.1	10826554	10826804	peak39540	.	*
NC_064039.1	10826983	10827233	peak39541	.	*
NC_064039.1	10915530	10915780	peak39561	.	*
NC_064039.1	11036220	11036470	peak39605	.	*
NC_064039.1	11037040	11037290	peak39608	.	*
NC_064039.1	11037195	11037444	peak39609	.	*
NC_064039.1	11213834	11214084	peak39708	.	*
NC_064039.1	11325050	11325300	peak39754	.	*
NC_064039.1	11540990	11541240	peak39824	.	*
NC_064039.1	11762729	11762979	peak39905	.	*
NC_064039.1	11763201	11763451	peak39906	.	*
NC_064039.1	11763612	11763862	peak39907	.	*
NC_064039.1	11764823	11765073	peak39908	.	*
NC_064039.1	11765137	11765387	peak39909	.	*
NC_064039.1	11765904	11766154	peak39911	.	*
NC_064039.1	11766159	11766409	peak39912	.	*
NC_064039.1	11769094	11769344	peak39914	.	*
NC_064039.1	11776117	11776367	peak39929	.	*
NC_064039.1	11776549	11776799	peak39930	.	*
NC_064039.1	11917173	11917423	peak40031	.	*
NC_064039.1	12024175	12024425	peak40117	.	*
NC_064039.1	12024790	12025040	peak40118	.	*
NC_064039.1	12111169	12111419	peak40146	.	*
NC_064039.1	12115052	12115302	peak40152	.	*
NC_064039.1	12126555	12126805	peak40156	.	*
NC_064039.1	12259948	12260198	peak40225	.	*
NC_064039.1	12667942	12668192	peak40371	.	*
NC_064039.1	12816976	12817226	peak40464	.	*
NC_064039.1	13020724	13020974	peak40537	.	*
NC_064039.1	13021027	13021277	peak40538	.	*
NC_064039.1	13023263	13023513	peak40541	.	*
NC_064039.1	13321920	13322170	peak40647	.	*
NC_064039.1	13377205	13377455	peak40668	.	*
NC_064039.1	13661462	13661712	peak40742	.	*
NC_064039.1	13695713	13695963	peak40753	.	*
NC_064039.1	13695901	13696150	peak40754	.	*
NC_064039.1	13910079	13910329	peak40828	.	*
NC_064039.1	13911326	13911576	peak40830	.	*
NC_064039.1	13912118	13912368	peak40831	.	*
NC_064039.1	14148690	14148940	peak40917	.	*
NC_064039.1	14184596	14184846	peak40926	.	*
NC_064039.1	14247781	14248031	peak40946	.	*
NC_064039.1	14291069	14291319	peak40958	.	*
NC_064039.1	14307561	14307811	peak40977	.	*
NC_064039.1	14337154	14337404	peak40997	.	*
NC_064039.1	14584153	14584403	peak41084	.	*
NC_064039.1	14584991	14585241	peak41085	.	*
NC_064039.1	14588864	14589114	peak41093	.	*
NC_064039.1	14589134	14589384	peak41094	.	*
NC_064039.1	14590181	14590431	peak41096	.	*
NC_064039.1	14972069	14972319	peak41199	.	*
NC_064039.1	15065007	15065257	peak41228	.	*
NC_064039.1	15156714	15156964	peak41271	.	*
NC_064039.1	15561098	15561348	peak41417	.	*
NC_064039.1	15594627	15594877	peak41429	.	*
NC_064039.1	15881729	15881979	peak41501	.	*
NC_064039.1	15892680	15892930	peak41504	.	*
NC_064039.1	15893146	15893396	peak41505	.	*
NC_064039.1	16991461	16991711	peak41752	.	*
NC_064039.1	16992069	16992319	peak41753	.	*
NC_064039.1	16995727	16995977	peak41757	.	*
NC_064039.1	17137211	17137461	peak41792	.	*
NC_064040.1	1124611	1124861	peak41941	.	*
NC_064040.1	1885312	1885562	peak42223	.	*
NC_064040.1	1949215	1949465	peak42237	.	*
NC_064040.1	1949691	1949941	peak42238	.	*
NC_064040.1	3728444	3728694	peak42696	.	*
NC_064040.1	3893588	3893838	peak42750	.	*
NC_064040.1	3946248	3946498	peak42766	.	*
NC_064040.1	4032221	4032471	peak42795	.	*
NC_064040.1	4117302	4117552	peak42824	.	*
NC_064040.1	4153714	4153964	peak42845	.	*
NC_064040.1	4380590	4380840	peak42923	.	*
NC_064040.1	4381308	4381558	peak42924	.	*
NC_064040.1	4726245	4726495	peak43068	.	*
NC_064040.1	4728659	4728909	peak43072	.	*
NC_064040.1	5264833	5265083	peak43271	.	*
NC_064040.1	5268716	5268966	peak43275	.	*
NC_064040.1	5270283	5270533	peak43278	.	*
NC_064040.1	5271716	5271966	peak43282	.	*
NC_064040.1	5490620	5490870	peak43391	.	*
NC_064040.1	5497777	5498027	peak43401	.	*
NC_064040.1	5498544	5498794	peak43402	.	*
NC_064040.1	5677584	5677834	peak43500	.	*
NC_064040.1	5784241	5784491	peak43527	.	*
NC_064040.1	6383380	6383630	peak43749	.	*
NC_064040.1	6384124	6384374	peak43751	.	*
NC_064040.1	6387312	6387562	peak43755	.	*
NC_064040.1	6389613	6389863	peak43758	.	*
NC_064040.1	6390092	6390342	peak43759	.	*
NC_064040.1	6391851	6392101	peak43762	.	*
NC_064040.1	6622558	6622808	peak43857	.	*
NC_064040.1	6622847	6623097	peak43858	.	*
NC_064040.1	6736123	6736373	peak43889	.	*
NC_064040.1	6785559	6785809	peak43913	.	*
NC_064040.1	6803454	6803704	peak43931	.	*
NC_064040.1	6805276	6805526	peak43935	.	*
NC_064040.1	6808299	6808549	peak43941	.	*
NC_064040.1	6809211	6809461	peak43943	.	*
NC_064040.1	7002609	7002859	peak43990	.	*
NC_064040.1	7038962	7039212	peak43997	.	*
NC_064040.1	7187545	7187795	peak44062	.	*
NC_064040.1	7194061	7194311	peak44065	.	*
NC_064040.1	7511296	7511546	peak44181	.	*
NC_064040.1	7556676	7556926	peak44203	.	*
NC_064040.1	7565228	7565478	peak44209	.	*
NC_064040.1	7568882	7569132	peak44213	.	*
NC_064040.1	7569950	7570200	peak44215	.	*
NC_064040.1	7571516	7571766	peak44217	.	*
NC_064040.1	7572297	7572547	peak44219	.	*
NC_064040.1	7641214	7641463	peak44248	.	*
NC_064040.1	8028014	8028264	peak44423	.	*
NC_064040.1	8029870	8030120	peak44426	.	*
NC_064040.1	8030948	8031198	peak44429	.	*
NC_064040.1	8158588	8158838	peak44479	.	*
NC_064040.1	8288325	8288575	peak44551	.	*
NC_064040.1	8307843	8308093	peak44563	.	*
NC_064040.1	8624382	8624632	peak44696	.	*
NC_064040.1	9112183	9112433	peak44910	.	*
NC_064040.1	9145537	9145787	peak44929	.	*
NC_064040.1	9807081	9807331	peak45143	.	*
NC_064040.1	9885152	9885402	peak45193	.	*
NC_064040.1	10612411	10612661	peak45382	.	*
NC_064040.1	10720093	10720343	peak45449	.	*
NC_064040.1	10879652	10879902	peak45497	.	*
NC_064040.1	11527377	11527627	peak45758	.	*
NC_064040.1	11531298	11531548	peak45763	.	*
NC_064040.1	11713795	11714045	peak45828	.	*
NC_064040.1	11715364	11715614	peak45830	.	*
NC_064040.1	11735768	11736018	peak45837	.	*
NC_064040.1	11737525	11737775	peak45839	.	*
NC_064040.1	11738636	11738886	peak45841	.	*
NC_064040.1	11744553	11744803	peak45844	.	*
NC_064040.1	12243324	12243574	peak46034	.	*
NC_064040.1	12243781	12244031	peak46035	.	*
NC_064040.1	12244385	12244635	peak46036	.	*
NC_064040.1	12244540	12244789	peak46037	.	*
NC_064040.1	12244992	12245242	peak46038	.	*
NC_064040.1	12248489	12248739	peak46042	.	*
NC_064040.1	12327120	12327370	peak46078	.	*
NC_064040.1	12596545	12596795	peak46175	.	*
NC_064040.1	12727838	12728088	peak46224	.	*
NC_064040.1	12736671	12736921	peak46226	.	*
NC_064040.1	13376284	13376534	peak46429	.	*
NC_064040.1	13376905	13377155	peak46430	.	*
NC_064040.1	13377443	13377693	peak46431	.	*
NC_064040.1	13450028	13450278	peak46463	.	*
NC_064040.1	13481025	13481275	peak46469	.	*
NC_064040.1	13675703	13675953	peak46505	.	*
NC_064040.1	13676396	13676646	peak46506	.	*
NC_064040.1	13678358	13678608	peak46508	.	*
NC_064040.1	13833214	13833464	peak46561	.	*
NC_064040.1	13833923	13834173	peak46562	.	*
NC_064040.1	13834479	13834729	peak46563	.	*
NC_064040.1	13836356	13836606	peak46566	.	*
NC_064040.1	13836707	13836957	peak46567	.	*
NC_064040.1	13837398	13837648	peak46569	.	*
NC_064040.1	13838404	13838654	peak46571	.	*
NC_064040.1	13839049	13839299	peak46572	.	*
NC_064040.1	13839395	13839645	peak46573	.	*
NC_064040.1	13840273	13840523	peak46575	.	*
NC_064040.1	13876368	13876618	peak46580	.	*
NC_064040.1	14070151	14070401	peak46642	.	*
NC_064040.1	14124909	14125159	peak46669	.	*
NC_064040.1	14125940	14126190	peak46671	.	*
NC_064040.1	14132874	14133124	peak46688	.	*
NC_064040.1	14179374	14179624	peak46730	.	*
NC_064040.1	14180744	14180994	peak46733	.	*
NC_064040.1	14466613	14466863	peak46799	.	*
NC_064040.1	14754359	14754609	peak46927	.	*
NC_064040.1	14757979	14758229	peak46936	.	*
NC_064040.1	14758348	14758598	peak46937	.	*
NC_064040.1	14860696	14860946	peak46975	.	*
NC_064040.1	14861056	14861306	peak46976	.	*
NC_064040.1	15076917	15077167	peak47000	.	*
NC_064040.1	15214753	15215003	peak47046	.	*
NC_064040.1	15811496	15811746	peak47221	.	*
NC_064040.1	15813141	15813391	peak47223	.	*
NC_064040.1	15815006	15815256	peak47227	.	*
NC_064040.1	15816251	15816501	peak47229	.	*
NC_064040.1	16109432	16109682	peak47309	.	*
NC_064040.1	16258024	16258274	peak47330	.	*
NC_064040.1	16277881	16278131	peak47335	.	*
NC_064040.1	16278073	16278322	peak47336	.	*
NC_064040.1	16279189	16279439	peak47337	.	*
NC_064040.1	16901589	16901839	peak47514	.	*
NC_064040.1	17425503	17425753	peak47728	.	*
NC_064040.1	17426418	17426668	peak47730	.	*
NC_064040.1	17426982	17427232	peak47731	.	*
NC_064040.1	17433245	17433495	peak47740	.	*
NC_064040.1	17435173	17435423	peak47741	.	*
NC_064040.1	17726984	17727234	peak47796	.	*
NC_064040.1	17732869	17733119	peak47804	.	*
NC_064041.1	552515	552765	peak47985	.	*
NC_064041.1	559817	560067	peak47988	.	*
NC_064041.1	1305657	1305907	peak48158	.	*
NC_064041.1	1306463	1306713	peak48160	.	*
NC_064041.1	1417404	1417654	peak48205	.	*
NC_064041.1	1418038	1418288	peak48206	.	*
NC_064041.1	1479231	1479481	peak48229	.	*
NC_064041.1	1860339	1860589	peak48356	.	*
NC_064041.1	2185689	2185939	peak48450	.	*
NC_064041.1	2312333	2312583	peak48480	.	*
NC_064041.1	2338693	2338943	peak48491	.	*
NC_064041.1	2920194	2920444	peak48648	.	*
NC_064041.1	3545003	3545253	peak48816	.	*
NC_064041.1	3545409	3545659	peak48817	.	*
NC_064041.1	3546166	3546416	peak48818	.	*
NC_064041.1	3575476	3575726	peak48851	.	*
NC_064041.1	3575953	3576203	peak48852	.	*
NC_064041.1	3576114	3576363	peak48853	.	*
NC_064041.1	3875232	3875482	peak48978	.	*
NC_064041.1	3950608	3950858	peak49005	.	*
NC_064041.1	4164812	4165062	peak49064	.	*
NC_064041.1	4958358	4958608	peak49316	.	*
NC_064041.1	5261464	5261714	peak49414	.	*
NC_064041.1	5353476	5353726	peak49443	.	*
NC_064041.1	5390593	5390843	peak49455	.	*
NC_064041.1	5391151	5391401	peak49456	.	*
NC_064041.1	5754556	5754806	peak49576	.	*
NC_064041.1	5768318	5768568	peak49582	.	*
NC_064041.1	5769907	5770157	peak49584	.	*
NC_064041.1	5802421	5802671	peak49607	.	*
NC_064041.1	6164193	6164443	peak49703	.	*
NC_064041.1	6164525	6164775	peak49704	.	*
NC_064041.1	6362951	6363201	peak49753	.	*
NC_064041.1	6840353	6840603	peak49904	.	*
NC_064041.1	6874388	6874638	peak49921	.	*
NC_064041.1	6940607	6940857	peak49938	.	*
NC_064041.1	7079416	7079666	peak49984	.	*
NC_064041.1	7083995	7084245	peak49990	.	*
NC_064041.1	7085286	7085536	peak49991	.	*
NC_064041.1	7094301	7094551	peak49997	.	*
NC_064041.1	7095202	7095452	peak49998	.	*
NC_064041.1	7190505	7190755	peak50036	.	*
NC_064041.1	7264305	7264555	peak50050	.	*
NC_064041.1	7674748	7674998	peak50194	.	*
NC_064041.1	7951675	7951925	peak50272	.	*
NC_064041.1	8302985	8303235	peak50319	.	*
NC_064041.1	8655287	8655537	peak50423	.	*
NC_064041.1	8887684	8887934	peak50499	.	*
NC_064041.1	9005162	9005412	peak50543	.	*
NC_064041.1	9005697	9005947	peak50544	.	*
NC_064041.1	9372905	9373155	peak50617	.	*
NC_064041.1	9373881	9374131	peak50619	.	*
NC_064041.1	10650315	10650565	peak50953	.	*
NC_064041.1	11012741	11012991	peak51096	.	*
NC_064041.1	11032087	11032337	peak51099	.	*
NC_064041.1	11057235	11057485	peak51106	.	*
NC_064041.1	11058316	11058566	peak51109	.	*
NC_064041.1	11058680	11058930	peak51110	.	*
NC_064041.1	11084848	11085098	peak51115	.	*
NC_064041.1	11086205	11086455	peak51119	.	*
NC_064041.1	11139446	11139696	peak51156	.	*
NC_064041.1	11142084	11142334	peak51159	.	*
NC_064041.1	11148882	11149132	peak51167	.	*
NC_064041.1	11603988	11604238	peak51328	.	*
NC_064041.1	11604264	11604514	peak51329	.	*
NC_064041.1	11605375	11605625	peak51331	.	*
NC_064041.1	11606896	11607146	peak51332	.	*
NC_064041.1	11607390	11607640	peak51333	.	*
NC_064041.1	13227740	13227990	peak51656	.	*
NC_064041.1	13304602	13304852	peak51673	.	*
NC_064041.1	13334866	13335116	peak51685	.	*
NC_064041.1	13335553	13335803	peak51687	.	*
NC_064041.1	13346997	13347247	peak51694	.	*
NC_064041.1	13407376	13407626	peak51717	.	*
NC_064041.1	13536301	13536551	peak51751	.	*
NC_064041.1	13536468	13536717	peak51752	.	*
NC_064041.1	13537187	13537437	peak51753	.	*
NC_064041.1	13537625	13537875	peak51754	.	*
NC_064041.1	13566524	13566774	peak51788	.	*
NC_064041.1	13811493	13811743	peak51855	.	*
NC_064041.1	13948452	13948702	peak51890	.	*
NC_064041.1	13949964	13950214	peak51894	.	*
NC_064041.1	13981168	13981418	peak51912	.	*
NC_064041.1	14007727	14007977	peak51919	.	*
NC_064041.1	14116972	14117222	peak51962	.	*
NC_064041.1	14119926	14120176	peak51965	.	*
NC_064041.1	14340734	14340984	peak52001	.	*
NC_064041.1	14404390	14404640	peak52044	.	*
NC_064041.1	14414177	14414427	peak52057	.	*
NC_064041.1	15092376	15092626	peak52304	.	*
NC_064041.1	15092655	15092905	peak52305	.	*
NC_064041.1	15131740	15131990	peak52315	.	*
NC_064041.1	16007021	16007271	peak52511	.	*
NC_064041.1	16229730	16229980	peak52594	.	*
NC_064041.1	16325180	16325430	peak52622	.	*
NC_064041.1	16325475	16325725	peak52623	.	*
NC_064041.1	16327128	16327378	peak52627	.	*
NC_064042.1	107207	107457	peak52808	.	*
NC_064042.1	143551	143801	peak52819	.	*
NC_064042.1	420317	420567	peak52921	.	*
NC_064042.1	420700	420950	peak52922	.	*
NC_064042.1	421406	421656	peak52923	.	*
NC_064042.1	422496	422746	peak52924	.	*
NC_064042.1	1141733	1141983	peak53163	.	*
NC_064042.1	1145276	1145526	peak53171	.	*
NC_064042.1	1149267	1149517	peak53176	.	*
NC_064042.1	1150036	1150286	peak53177	.	*
NC_064042.1	1183681	1183931	peak53196	.	*
NC_064042.1	1203946	1204196	peak53206	.	*
NC_064042.1	1469938	1470188	peak53304	.	*
NC_064042.1	1471305	1471555	peak53306	.	*
NC_064042.1	1508582	1508832	peak53329	.	*
NC_064042.1	1681027	1681277	peak53404	.	*
NC_064042.1	1895326	1895576	peak53470	.	*
NC_064042.1	1895529	1895778	peak53471	.	*
NC_064042.1	1895718	1895968	peak53472	.	*
NC_064042.1	2335728	2335978	peak53601	.	*
NC_064042.1	2510152	2510402	peak53676	.	*
NC_064042.1	2875645	2875895	peak53804	.	*
NC_064042.1	2880376	2880626	peak53813	.	*
NC_064042.1	2886007	2886257	peak53822	.	*
NC_064042.1	2886785	2887035	peak53823	.	*
NC_064042.1	2890179	2890429	peak53832	.	*
NC_064042.1	3221756	3222006	peak53952	.	*
NC_064042.1	3240190	3240440	peak53959	.	*
NC_064042.1	3328838	3329088	peak54037	.	*
NC_064042.1	3332169	3332419	peak54043	.	*
NC_064042.1	3332611	3332861	peak54044	.	*
NC_064042.1	3865018	3865268	peak54221	.	*
NC_064042.1	3865536	3865786	peak54222	.	*
NC_064042.1	4541952	4542202	peak54366	.	*
NC_064042.1	4608528	4608778	peak54393	.	*
NC_064042.1	4697456	4697706	peak54434	.	*
NC_064042.1	5460833	5461083	peak54716	.	*
NC_064042.1	5846422	5846672	peak54901	.	*
NC_064042.1	5891530	5891780	peak54914	.	*
NC_064042.1	5962566	5962816	peak54945	.	*
NC_064042.1	5963181	5963431	peak54946	.	*
NC_064042.1	5980695	5980945	peak54953	.	*
NC_064042.1	6012191	6012441	peak54964	.	*
NC_064042.1	6231593	6231843	peak55039	.	*
NC_064042.1	6263594	6263844	peak55061	.	*
NC_064042.1	6604822	6605072	peak55117	.	*
NC_064042.1	6714902	6715152	peak55139	.	*
NC_064042.1	6911541	6911791	peak55238	.	*
NC_064042.1	7353956	7354206	peak55363	.	*
NC_064042.1	7356348	7356598	peak55367	.	*
NC_064042.1	7356695	7356945	peak55368	.	*
NC_064042.1	7475192	7475442	peak55426	.	*
NC_064042.1	7547633	7547883	peak55464	.	*
NC_064042.1	7677732	7677982	peak55498	.	*
NC_064042.1	7730821	7731071	peak55546	.	*
NC_064042.1	7749576	7749826	peak55562	.	*
NC_064042.1	7763542	7763792	peak55570	.	*
NC_064042.1	7871287	7871537	peak55607	.	*
NC_064042.1	8011166	8011415	peak55664	.	*
NC_064042.1	8150757	8151007	peak55704	.	*
NC_064042.1	8444973	8445223	peak55806	.	*
NC_064042.1	8445979	8446229	peak55808	.	*
NC_064042.1	8446690	8446940	peak55809	.	*
NC_064042.1	8583689	8583939	peak55851	.	*
NC_064042.1	8584357	8584607	peak55852	.	*
NC_064042.1	8584745	8584995	peak55853	.	*
NC_064042.1	8896870	8897120	peak55985	.	*
NC_064042.1	9389661	9389911	peak56163	.	*
NC_064042.1	9903946	9904196	peak56293	.	*
NC_064042.1	9904498	9904748	peak56294	.	*
NC_064042.1	9917563	9917813	peak56307	.	*
NC_064042.1	10001399	10001649	peak56348	.	*
NC_064042.1	10001884	10002134	peak56349	.	*
NC_064042.1	10069615	10069865	peak56390	.	*
NC_064042.1	10074454	10074704	peak56393	.	*
NC_064042.1	10075288	10075538	peak56394	.	*
NC_064042.1	10334209	10334458	peak56449	.	*
NC_064042.1	10334364	10334614	peak56450	.	*
NC_064042.1	10429205	10429455	peak56517	.	*
NC_064042.1	10460765	10461015	peak56528	.	*
NC_064042.1	11057927	11058177	peak56717	.	*
NC_064042.1	11061703	11061953	peak56724	.	*
NC_064042.1	11062428	11062678	peak56726	.	*
NC_064042.1	11063167	11063417	peak56728	.	*
NC_064042.1	11113018	11113268	peak56756	.	*
NC_064042.1	11113999	11114249	peak56758	.	*
NC_064042.1	11276372	11276622	peak56778	.	*
NC_064042.1	11597188	11597438	peak56899	.	*
NC_064042.1	12390114	12390364	peak57131	.	*
NC_064042.1	12830531	12830781	peak57297	.	*
NC_064042.1	12845878	12846128	peak57328	.	*
NC_064042.1	12846676	12846926	peak57330	.	*
NC_064042.1	12846831	12847080	peak57331	.	*
NC_064042.1	13441759	13442009	peak57492	.	*
NC_064042.1	13442225	13442475	peak57493	.	*
NC_064042.1	13442865	13443115	peak57494	.	*
NC_064042.1	13787328	13787578	peak57641	.	*
NC_064042.1	14058140	14058390	peak57703	.	*
NC_064042.1	14079281	14079531	peak57728	.	*
NC_064042.1	14104257	14104507	peak57745	.	*
NC_064042.1	14166594	14166844	peak57776	.	*
NC_064042.1	14167253	14167503	peak57777	.	*
NC_064042.1	14184596	14184846	peak57787	.	*
NC_064042.1	14567614	14567864	peak57919	.	*
NC_064042.1	15362567	15362817	peak58181	.	*
NC_064042.1	16398697	16398947	peak58506	.	*
NC_064043.1	1331653	1331903	peak58676	.	*
NC_064043.1	1598515	1598765	peak58767	.	*
NC_064043.1	1932624	1932874	peak58901	.	*
NC_064043.1	2042285	2042535	peak58929	.	*
NC_064043.1	2505473	2505723	peak59126	.	*
NC_064043.1	2506093	2506343	peak59128	.	*
NC_064043.1	2507537	2507787	peak59131	.	*
NC_064043.1	2510278	2510528	peak59135	.	*
NC_064043.1	2513862	2514112	peak59142	.	*
NC_064043.1	2531653	2531903	peak59154	.	*
NC_064043.1	2714400	2714650	peak59241	.	*
NC_064043.1	2726362	2726612	peak59249	.	*
NC_064043.1	2726971	2727221	peak59251	.	*
NC_064043.1	2753409	2753659	peak59257	.	*
NC_064043.1	2831344	2831594	peak59289	.	*
NC_064043.1	2833400	2833650	peak59293	.	*
NC_064043.1	2842332	2842582	peak59305	.	*
NC_064043.1	3154978	3155228	peak59392	.	*
NC_064043.1	3255625	3255875	peak59424	.	*
NC_064043.1	3296187	3296437	peak59436	.	*
NC_064043.1	3451227	3451477	peak59482	.	*
NC_064043.1	3452399	3452649	peak59484	.	*
NC_064043.1	3466170	3466420	peak59490	.	*
NC_064043.1	3467642	3467892	peak59493	.	*
NC_064043.1	3468594	3468844	peak59494	.	*
NC_064043.1	3503085	3503335	peak59507	.	*
NC_064043.1	3621523	3621773	peak59555	.	*
NC_064043.1	3661458	3661708	peak59569	.	*
NC_064043.1	3666641	3666891	peak59579	.	*
NC_064043.1	4373238	4373488	peak59904	.	*
NC_064043.1	4572978	4573228	peak60014	.	*
NC_064043.1	4749086	4749336	peak60122	.	*
NC_064043.1	4770088	4770338	peak60137	.	*
NC_064043.1	4772573	4772823	peak60141	.	*
NC_064043.1	4773104	4773354	peak60142	.	*
NC_064043.1	4773442	4773692	peak60143	.	*
NC_064043.1	4774541	4774791	peak60145	.	*
NC_064043.1	4961936	4962186	peak60183	.	*
NC_064043.1	5075049	5075299	peak60228	.	*
NC_064043.1	5295971	5296221	peak60325	.	*
NC_064043.1	5463071	5463321	peak60386	.	*
NC_064043.1	5562927	5563177	peak60417	.	*
NC_064043.1	5610249	5610499	peak60435	.	*
NC_064043.1	5668214	5668464	peak60466	.	*
NC_064043.1	5723997	5724247	peak60484	.	*
NC_064043.1	5900807	5901057	peak60578	.	*
NC_064043.1	5901681	5901931	peak60580	.	*
NC_064043.1	5907108	5907358	peak60592	.	*
NC_064043.1	5910047	5910297	peak60598	.	*
NC_064043.1	5912732	5912982	peak60603	.	*
NC_064043.1	5917630	5917880	peak60612	.	*
NC_064043.1	5918687	5918937	peak60614	.	*
NC_064043.1	5924141	5924391	peak60621	.	*
NC_064043.1	5924681	5924931	peak60622	.	*
NC_064043.1	5925034	5925284	peak60623	.	*
NC_064043.1	5925666	5925916	peak60625	.	*
NC_064043.1	5926815	5927065	peak60627	.	*
NC_064043.1	5927200	5927450	peak60628	.	*
NC_064043.1	5927370	5927619	peak60629	.	*
NC_064043.1	5927643	5927893	peak60630	.	*
NC_064043.1	5983444	5983694	peak60677	.	*
NC_064043.1	6017581	6017831	peak60702	.	*
NC_064043.1	6031595	6031845	peak60708	.	*
NC_064043.1	6116306	6116556	peak60751	.	*
NC_064043.1	6125637	6125887	peak60759	.	*
NC_064043.1	6301131	6301381	peak60835	.	*
NC_064043.1	6301745	6301995	peak60836	.	*
NC_064043.1	6304100	6304350	peak60838	.	*
NC_064043.1	6480597	6480847	peak60939	.	*
NC_064043.1	6484695	6484945	peak60947	.	*
NC_064043.1	6489744	6489994	peak60952	.	*
NC_064043.1	6500499	6500749	peak60965	.	*
NC_064043.1	6580776	6581026	peak61000	.	*
NC_064043.1	6984643	6984893	peak61151	.	*
NC_064043.1	7190781	7191031	peak61230	.	*
NC_064043.1	7216016	7216266	peak61235	.	*
NC_064043.1	7585204	7585454	peak61379	.	*
NC_064043.1	7591144	7591394	peak61383	.	*
NC_064043.1	7591687	7591937	peak61384	.	*
NC_064043.1	7592506	7592756	peak61386	.	*
NC_064043.1	7619664	7619914	peak61401	.	*
NC_064043.1	7754259	7754509	peak61477	.	*
NC_064043.1	7810371	7810621	peak61497	.	*
NC_064043.1	7838289	7838539	peak61510	.	*
NC_064043.1	7839414	7839664	peak61512	.	*
NC_064043.1	7868630	7868880	peak61546	.	*
NC_064043.1	8143268	8143518	peak61648	.	*
NC_064043.1	8192306	8192556	peak61668	.	*
NC_064043.1	8195869	8196119	peak61676	.	*
NC_064043.1	8197583	8197833	peak61679	.	*
NC_064043.1	8203148	8203398	peak61687	.	*
NC_064043.1	8203547	8203797	peak61688	.	*
NC_064043.1	8968358	8968608	peak61960	.	*
NC_064043.1	9255427	9255677	peak62065	.	*
NC_064043.1	9275427	9275677	peak62083	.	*
NC_064043.1	9316917	9317167	peak62100	.	*
NC_064043.1	9346783	9347033	peak62113	.	*
NC_064043.1	10092961	10093211	peak62343	.	*
NC_064043.1	10181038	10181288	peak62397	.	*
NC_064043.1	10204491	10204741	peak62400	.	*
NC_064043.1	10321705	10321955	peak62441	.	*
NC_064043.1	10342234	10342484	peak62448	.	*
NC_064043.1	10700338	10700588	peak62622	.	*
NC_064043.1	10834770	10835020	peak62683	.	*
NC_064043.1	10848423	10848673	peak62685	.	*
NC_064043.1	10848757	10849007	peak62686	.	*
NC_064043.1	11009342	11009592	peak62772	.	*
NC_064043.1	11010143	11010393	peak62773	.	*
NC_064043.1	11029951	11030201	peak62776	.	*
NC_064043.1	11045517	11045767	peak62784	.	*
NC_064043.1	11046506	11046756	peak62787	.	*
NC_064043.1	11048657	11048907	peak62790	.	*
NC_064043.1	11049620	11049870	peak62791	.	*
NC_064043.1	11070517	11070767	peak62802	.	*
NC_064043.1	11161063	11161313	peak62836	.	*
NC_064043.1	12025160	12025410	peak63137	.	*
NC_064043.1	12025461	12025711	peak63138	.	*
NC_064043.1	12105204	12105454	peak63159	.	*
NC_064043.1	12163419	12163669	peak63191	.	*
NC_064043.1	12164426	12164676	peak63193	.	*
NC_064043.1	12165707	12165957	peak63196	.	*
NC_064043.1	12166162	12166412	peak63197	.	*
NC_064043.1	12416904	12417154	peak63295	.	*
NC_064043.1	12420907	12421157	peak63300	.	*
NC_064043.1	12592875	12593125	peak63377	.	*
NC_064043.1	12596290	12596540	peak63383	.	*
NC_064043.1	12679054	12679304	peak63435	.	*
NC_064043.1	12724358	12724608	peak63467	.	*
NC_064043.1	12817337	12817587	peak63493	.	*
NC_064043.1	12818608	12818858	peak63494	.	*
NC_064043.1	12852459	12852709	peak63511	.	*
NC_064043.1	12910437	12910687	peak63528	.	*
NC_064043.1	12931961	12932211	peak63552	.	*
NC_064043.1	13527515	13527765	peak63730	.	*
NC_064043.1	13700770	13701020	peak63827	.	*
NC_064043.1	14109639	14109889	peak64038	.	*
NC_064043.1	14227611	14227861	peak64066	.	*
NC_064043.1	14247026	14247276	peak64091	.	*
NC_064043.1	14540956	14541206	peak64187	.	*
NC_064043.1	14760314	14760564	peak64274	.	*
NC_064043.1	14762222	14762472	peak64276	.	*
NC_064043.1	15196109	15196359	peak64387	.	*
NC_064043.1	15325234	15325484	peak64462	.	*
NC_064043.1	15326780	15327030	peak64464	.	*
NC_064043.1	15333114	15333364	peak64465	.	*
NC_064043.1	15348401	15348651	peak64479	.	*
NC_064043.1	15462293	15462543	peak64509	.	*
NC_064043.1	15462857	15463107	peak64510	.	*
NC_064043.1	15463274	15463524	peak64511	.	*
NC_064043.1	15463609	15463859	peak64512	.	*
NC_064043.1	15464460	15464710	peak64514	.	*
NC_064043.1	15572784	15573034	peak64544	.	*
NC_064043.1	15602199	15602449	peak64553	.	*
NC_064043.1	15602649	15602899	peak64554	.	*
NC_064044.1	1026220	1026470	peak64859	.	*
NC_064044.1	1027877	1028127	peak64860	.	*
NC_064044.1	1030959	1031209	peak64866	.	*
NC_064044.1	1031158	1031407	peak64867	.	*
NC_064044.1	2802802	2803052	peak65032	.	*
NC_064044.1	2802966	2803215	peak65033	.	*
NC_064044.1	2803931	2804181	peak65035	.	*
NC_064044.1	3263894	3264144	peak65178	.	*
NC_064044.1	3279059	3279309	peak65194	.	*
NC_064044.1	3721235	3721485	peak65338	.	*
NC_064044.1	3952549	3952799	peak65427	.	*
NC_064044.1	4089512	4089762	peak65467	.	*
NC_064044.1	4091537	4091787	peak65471	.	*
NC_064044.1	4092292	4092542	peak65472	.	*
NC_064044.1	4092718	4092968	peak65473	.	*
NC_064044.1	4764760	4765010	peak65698	.	*
NC_064044.1	5556432	5556682	peak65930	.	*
NC_064044.1	6250519	6250769	peak66097	.	*
NC_064044.1	6422024	6422274	peak66149	.	*
NC_064044.1	6572763	6573013	peak66200	.	*
NC_064044.1	6574582	6574832	peak66203	.	*
NC_064044.1	6640720	6640970	peak66234	.	*
NC_064044.1	6938502	6938752	peak66347	.	*
NC_064044.1	7189388	7189638	peak66430	.	*
NC_064044.1	7267704	7267954	peak66462	.	*
NC_064044.1	7270650	7270900	peak66468	.	*
NC_064044.1	7540402	7540652	peak66570	.	*
NC_064044.1	7635502	7635752	peak66620	.	*
NC_064044.1	7807888	7808138	peak66673	.	*
NC_064044.1	7849742	7849992	peak66684	.	*
NC_064044.1	7880951	7881201	peak66699	.	*
NC_064044.1	7883098	7883348	peak66703	.	*
NC_064044.1	8059124	8059374	peak66756	.	*
NC_064044.1	8083023	8083273	peak66775	.	*
NC_064044.1	8085152	8085402	peak66777	.	*
NC_064044.1	8087200	8087450	peak66780	.	*
NC_064044.1	8144380	8144630	peak66805	.	*
NC_064044.1	8158286	8158536	peak66812	.	*
NC_064044.1	8263539	8263789	peak66856	.	*
NC_064044.1	8348607	8348857	peak66897	.	*
NC_064044.1	8370075	8370325	peak66908	.	*
NC_064044.1	8434886	8435136	peak66936	.	*
NC_064044.1	8574884	8575134	peak66985	.	*
NC_064044.1	8688937	8689187	peak67035	.	*
NC_064044.1	8689841	8690091	peak67037	.	*
NC_064044.1	8690204	8690454	peak67038	.	*
NC_064044.1	8691169	8691419	peak67040	.	*
NC_064044.1	8691711	8691961	peak67041	.	*
NC_064044.1	9878018	9878268	peak67429	.	*
NC_064044.1	10072629	10072879	peak67495	.	*
NC_064044.1	11449039	11449288	peak67876	.	*
NC_064044.1	11589329	11589579	peak67931	.	*
NC_064044.1	11596846	11597096	peak67943	.	*
NC_064044.1	11612547	11612797	peak67951	.	*
NC_064044.1	11762942	11763192	peak67998	.	*
NC_064044.1	11908991	11909241	peak68060	.	*
NC_064044.1	12165526	12165776	peak68170	.	*
NC_064044.1	12165778	12166028	peak68171	.	*
NC_064044.1	12169801	12170051	peak68175	.	*
NC_064044.1	12174079	12174329	peak68180	.	*
NC_064044.1	12178551	12178801	peak68189	.	*
NC_064044.1	12582635	12582885	peak68333	.	*
NC_064044.1	12593490	12593740	peak68351	.	*
NC_064044.1	12611413	12611663	peak68367	.	*
NC_064044.1	12768188	12768438	peak68417	.	*
NC_064044.1	12769454	12769704	peak68419	.	*
NC_064044.1	12770619	12770869	peak68422	.	*
NC_064044.1	12963695	12963945	peak68514	.	*
NC_064044.1	13192768	13193018	peak68585	.	*
NC_064044.1	13212062	13212312	peak68605	.	*
NC_064044.1	13702240	13702490	peak68742	.	*
NC_064044.1	13782507	13782757	peak68778	.	*
NC_064044.1	15688665	15688915	peak69179	.	*
NC_064044.1	15887094	15887344	peak69263	.	*
NC_064044.1	15944315	15944565	peak69291	.	*
NC_064044.1	15953653	15953903	peak69298	.	*
NC_064044.1	15954987	15955237	peak69301	.	*
NC_064045.1	2126037	2126287	peak69673	.	*
NC_064045.1	2176647	2176897	peak69700	.	*
NC_064045.1	2220802	2221052	peak69723	.	*
NC_064045.1	2233977	2234227	peak69733	.	*
NC_064045.1	2695384	2695634	peak69786	.	*
NC_064045.1	2695759	2696009	peak69787	.	*
NC_064045.1	3415104	3415354	peak70040	.	*
NC_064045.1	3909924	3910174	peak70245	.	*
NC_064045.1	4372110	4372360	peak70418	.	*
NC_064045.1	4385084	4385334	peak70425	.	*
NC_064045.1	4390007	4390257	peak70428	.	*
NC_064045.1	4390593	4390843	peak70429	.	*
NC_064045.1	4392155	4392405	peak70432	.	*
NC_064045.1	4512336	4512586	peak70474	.	*
NC_064045.1	4762450	4762700	peak70563	.	*
NC_064045.1	4796940	4797190	peak70586	.	*
NC_064045.1	4797405	4797655	peak70587	.	*
NC_064045.1	4801788	4802038	peak70592	.	*
NC_064045.1	4802091	4802341	peak70593	.	*
NC_064045.1	4808726	4808976	peak70603	.	*
NC_064045.1	4941885	4942135	peak70660	.	*
NC_064045.1	5016216	5016466	peak70678	.	*
NC_064045.1	5057653	5057903	peak70687	.	*
NC_064045.1	5058536	5058786	peak70688	.	*
NC_064045.1	5059408	5059658	peak70689	.	*
NC_064045.1	5480801	5481051	peak70858	.	*
NC_064045.1	5483446	5483696	peak70862	.	*
NC_064045.1	5484360	5484610	peak70864	.	*
NC_064045.1	5484848	5485098	peak70865	.	*
NC_064045.1	5485250	5485500	peak70866	.	*
NC_064045.1	5687726	5687976	peak70913	.	*
NC_064045.1	5863800	5864050	peak70982	.	*
NC_064045.1	5933285	5933535	peak71006	.	*
NC_064045.1	6017843	6018093	peak71030	.	*
NC_064045.1	6077582	6077832	peak71057	.	*
NC_064045.1	6077888	6078138	peak71058	.	*
NC_064045.1	6523250	6523500	peak71196	.	*
NC_064045.1	6838467	6838717	peak71314	.	*
NC_064045.1	6893663	6893913	peak71339	.	*
NC_064045.1	6938078	6938328	peak71356	.	*
NC_064045.1	7034011	7034261	peak71403	.	*
NC_064045.1	7060607	7060857	peak71409	.	*
NC_064045.1	7061134	7061384	peak71410	.	*
NC_064045.1	7083725	7083975	peak71421	.	*
NC_064045.1	7151195	7151445	peak71438	.	*
NC_064045.1	7151708	7151958	peak71439	.	*
NC_064045.1	7153444	7153694	peak71441	.	*
NC_064045.1	7166275	7166525	peak71457	.	*
NC_064045.1	7301945	7302195	peak71507	.	*
NC_064045.1	8062330	8062580	peak71575	.	*
NC_064045.1	8063584	8063834	peak71578	.	*
NC_064045.1	8360400	8360650	peak71700	.	*
NC_064045.1	8388010	8388260	peak71716	.	*
NC_064045.1	8484859	8485109	peak71757	.	*
NC_064045.1	8486049	8486299	peak71759	.	*
NC_064045.1	8490472	8490722	peak71761	.	*
NC_064045.1	8492087	8492337	peak71764	.	*
NC_064045.1	8919326	8919576	peak71872	.	*
NC_064045.1	9061710	9061960	peak71921	.	*
NC_064045.1	9071042	9071292	peak71929	.	*
NC_064045.1	9073862	9074112	peak71932	.	*
NC_064045.1	9120511	9120761	peak71946	.	*
NC_064045.1	9341442	9341692	peak72007	.	*
NC_064045.1	9583787	9584037	peak72100	.	*
NC_064045.1	9946979	9947229	peak72242	.	*
NC_064045.1	9947345	9947595	peak72243	.	*
NC_064045.1	9948191	9948441	peak72244	.	*
NC_064045.1	10091691	10091941	peak72280	.	*
NC_064045.1	10092173	10092423	peak72281	.	*
NC_064045.1	10093310	10093560	peak72283	.	*
NC_064045.1	10094093	10094343	peak72285	.	*
NC_064045.1	10267317	10267567	peak72346	.	*
NC_064045.1	10269232	10269482	peak72348	.	*
NC_064045.1	10269631	10269881	peak72349	.	*
NC_064045.1	10271803	10272053	peak72351	.	*
NC_064045.1	10523451	10523701	peak72434	.	*
NC_064045.1	10737412	10737662	peak72499	.	*
NC_064045.1	10898227	10898477	peak72534	.	*
NC_064045.1	10899289	10899539	peak72536	.	*
NC_064045.1	10906858	10907108	peak72539	.	*
NC_064045.1	11594109	11594359	peak72735	.	*
NC_064045.1	11595267	11595517	peak72738	.	*
NC_064045.1	11607553	11607803	peak72741	.	*
NC_064045.1	11607911	11608161	peak72742	.	*
NC_064045.1	12739892	12740142	peak73176	.	*
NC_064045.1	12836015	12836265	peak73198	.	*
NC_064045.1	13011867	13012117	peak73270	.	*
NC_064045.1	13012969	13013219	peak73272	.	*
NC_064045.1	13015257	13015507	peak73274	.	*
NC_064045.1	14048272	14048522	peak73553	.	*
NC_064045.1	14093565	14093815	peak73572	.	*
NC_064045.1	14117023	14117273	peak73586	.	*
NC_064045.1	14117340	14117590	peak73587	.	*
NC_064045.1	14123836	14124086	peak73592	.	*
NC_064045.1	14140120	14140370	peak73601	.	*
NC_064045.1	14155054	14155304	peak73608	.	*
NC_064045.1	14373663	14373913	peak73643	.	*
NC_064045.1	14612282	14612532	peak73718	.	*
NC_064045.1	14928176	14928426	peak73830	.	*
NC_064045.1	14928636	14928886	peak73831	.	*
NC_064045.1	14929639	14929889	peak73832	.	*
NC_064045.1	14930377	14930627	peak73833	.	*
NC_064046.1	212560	212810	peak74089	.	*
NC_064046.1	658518	658768	peak74244	.	*
NC_064046.1	746941	747191	peak74279	.	*
NC_064046.1	747356	747606	peak74280	.	*
NC_064046.1	882259	882509	peak74340	.	*
NC_064046.1	918991	919241	peak74363	.	*
NC_064046.1	919999	920249	peak74365	.	*
NC_064046.1	921092	921342	peak74368	.	*
NC_064046.1	1211318	1211568	peak74458	.	*
NC_064046.1	1244578	1244828	peak74475	.	*
NC_064046.1	1552927	1553177	peak74613	.	*
NC_064046.1	1554463	1554712	peak74614	.	*
NC_064046.1	1554657	1554907	peak74615	.	*
NC_064046.1	1555382	1555632	peak74616	.	*
NC_064046.1	1562040	1562290	peak74622	.	*
NC_064046.1	1562953	1563203	peak74624	.	*
NC_064046.1	1660936	1661186	peak74674	.	*
NC_064046.1	1769795	1770045	peak74723	.	*
NC_064046.1	2081979	2082229	peak74831	.	*
NC_064046.1	2082612	2082862	peak74832	.	*
NC_064046.1	2089631	2089881	peak74843	.	*
NC_064046.1	2133022	2133272	peak74868	.	*
NC_064046.1	2265447	2265697	peak74924	.	*
NC_064046.1	2285090	2285340	peak74934	.	*
NC_064046.1	2286269	2286519	peak74936	.	*
NC_064046.1	2405388	2405638	peak74971	.	*
NC_064046.1	2443362	2443612	peak74987	.	*
NC_064046.1	2565161	2565411	peak75030	.	*
NC_064046.1	2968601	2968851	peak75179	.	*
NC_064046.1	3119172	3119422	peak75264	.	*
NC_064046.1	3331208	3331458	peak75331	.	*
NC_064046.1	4165825	4166075	peak75632	.	*
NC_064046.1	4655485	4655735	peak75811	.	*
NC_064046.1	5154466	5154716	peak75987	.	*
NC_064046.1	5161041	5161291	peak75995	.	*
NC_064046.1	5261699	5261949	peak76022	.	*
NC_064046.1	5263919	5264169	peak76025	.	*
NC_064046.1	5671891	5672141	peak76076	.	*
NC_064046.1	5678683	5678933	peak76079	.	*
NC_064046.1	5679383	5679633	peak76081	.	*
NC_064046.1	6045981	6046231	peak76152	.	*
NC_064046.1	6060692	6060942	peak76164	.	*
NC_064046.1	6316897	6317147	peak76250	.	*
NC_064046.1	6469403	6469653	peak76303	.	*
NC_064046.1	6470821	6471071	peak76304	.	*
NC_064046.1	7128080	7128330	peak76502	.	*
NC_064046.1	7226149	7226399	peak76532	.	*
NC_064046.1	8091733	8091983	peak76725	.	*
NC_064046.1	8099167	8099417	peak76737	.	*
NC_064046.1	8108803	8109053	peak76747	.	*
NC_064046.1	9070262	9070512	peak77047	.	*
NC_064046.1	9425206	9425456	peak77123	.	*
NC_064046.1	9619731	9619981	peak77181	.	*
NC_064046.1	9738995	9739245	peak77205	.	*
NC_064046.1	10224722	10224972	peak77351	.	*
NC_064046.1	10255888	10256138	peak77364	.	*
NC_064046.1	10257137	10257387	peak77366	.	*
NC_064046.1	10258448	10258698	peak77369	.	*
NC_064046.1	10569180	10569430	peak77489	.	*
NC_064046.1	10976859	10977109	peak77628	.	*
NC_064046.1	10980240	10980490	peak77633	.	*
NC_064046.1	11487413	11487663	peak77796	.	*
NC_064046.1	11490208	11490458	peak77801	.	*
NC_064046.1	11490943	11491193	peak77802	.	*
NC_064046.1	11535455	11535705	peak77820	.	*
NC_064046.1	11588904	11589154	peak77851	.	*
NC_064046.1	11708830	11709080	peak77892	.	*
NC_064046.1	11710037	11710287	peak77893	.	*
NC_064046.1	11861365	11861615	peak77972	.	*
NC_064046.1	11885573	11885823	peak77980	.	*
NC_064046.1	11885896	11886146	peak77981	.	*
NC_064046.1	11907263	11907513	peak77994	.	*
NC_064046.1	11908508	11908758	peak77997	.	*
NC_064046.1	12024348	12024598	peak78089	.	*
NC_064046.1	12816238	12816488	peak78404	.	*
NC_064046.1	12841736	12841986	peak78421	.	*
NC_064046.1	12913839	12914089	peak78467	.	*
NC_064046.1	12914607	12914857	peak78469	.	*
NC_064046.1	12987009	12987258	peak78506	.	*
NC_064046.1	12990271	12990521	peak78509	.	*
NC_064046.1	12990961	12991211	peak78510	.	*
NC_064046.1	12991372	12991622	peak78511	.	*
NC_064046.1	13002053	13002303	peak78516	.	*
NC_064046.1	13002228	13002477	peak78517	.	*
NC_064046.1	13003893	13004143	peak78519	.	*
NC_064046.1	13016785	13017035	peak78530	.	*
NC_064046.1	13016956	13017205	peak78531	.	*
NC_064046.1	13018057	13018307	peak78533	.	*
NC_064046.1	13399929	13400179	peak78719	.	*
NC_064046.1	13404408	13404658	peak78725	.	*
NC_064046.1	13422279	13422529	peak78737	.	*
NC_064046.1	13479236	13479486	peak78777	.	*
NC_064046.1	13662075	13662325	peak78816	.	*
NC_064046.1	13734197	13734446	peak78856	.	*
NC_064046.1	13734457	13734707	peak78857	.	*
NC_064046.1	13760987	13761237	peak78864	.	*
NC_064046.1	13787481	13787731	peak78870	.	*
NC_064046.1	14142693	14142943	peak78988	.	*
NC_064046.1	14329234	14329484	peak79041	.	*
NC_064046.1	14634846	14635096	peak79136	.	*
NC_064046.1	14682090	14682340	peak79149	.	*
NC_064047.1	574503	574753	peak79248	.	*
NC_064047.1	601412	601662	peak79257	.	*
NC_064047.1	621339	621589	peak79266	.	*
NC_064047.1	892488	892738	peak79368	.	*
NC_064047.1	899563	899813	peak79383	.	*
NC_064047.1	1731252	1731502	peak79663	.	*
NC_064047.1	1731677	1731927	peak79664	.	*
NC_064047.1	1869300	1869550	peak79707	.	*
NC_064047.1	1872268	1872518	peak79710	.	*
NC_064047.1	1872839	1873089	peak79711	.	*
NC_064047.1	1874481	1874731	peak79715	.	*
NC_064047.1	1876781	1877031	peak79718	.	*
NC_064047.1	2360920	2361170	peak79906	.	*
NC_064047.1	2361419	2361669	peak79907	.	*
NC_064047.1	2952514	2952764	peak80139	.	*
NC_064047.1	3058174	3058424	peak80229	.	*
NC_064047.1	3423338	3423588	peak80282	.	*
NC_064047.1	3949180	3949430	peak80421	.	*
NC_064047.1	3982191	3982441	peak80431	.	*
NC_064047.1	3987599	3987849	peak80432	.	*
NC_064047.1	3987888	3988138	peak80433	.	*
NC_064047.1	4317833	4318083	peak80561	.	*
NC_064047.1	4381497	4381747	peak80581	.	*
NC_064047.1	4910349	4910599	peak80720	.	*
NC_064047.1	5126871	5127121	peak80780	.	*
NC_064047.1	5443631	5443881	peak80873	.	*
NC_064047.1	5679714	5679964	peak80961	.	*
NC_064047.1	5681119	5681369	peak80964	.	*
NC_064047.1	6195853	6196103	peak81139	.	*
NC_064047.1	6196381	6196631	peak81140	.	*
NC_064047.1	6308707	6308957	peak81175	.	*
NC_064047.1	6331307	6331557	peak81184	.	*
NC_064047.1	6688475	6688725	peak81332	.	*
NC_064047.1	6727448	6727698	peak81349	.	*
NC_064047.1	6899890	6900140	peak81401	.	*
NC_064047.1	7752191	7752441	peak81553	.	*
NC_064047.1	7788778	7789028	peak81573	.	*
NC_064047.1	7789585	7789835	peak81574	.	*
NC_064047.1	8211778	8212028	peak81666	.	*
NC_064047.1	8225731	8225981	peak81684	.	*
NC_064047.1	8349194	8349444	peak81710	.	*
NC_064047.1	8498075	8498325	peak81784	.	*
NC_064047.1	8666314	8666564	peak81833	.	*
NC_064047.1	8814975	8815224	peak81890	.	*
NC_064047.1	8947653	8947903	peak81947	.	*
NC_064047.1	9803849	9804099	peak82229	.	*
NC_064047.1	9804739	9804989	peak82231	.	*
NC_064047.1	10014561	10014811	peak82339	.	*
NC_064047.1	10246827	10247077	peak82433	.	*
NC_064047.1	10247878	10248128	peak82435	.	*
NC_064047.1	10260379	10260629	peak82440	.	*
NC_064047.1	10260890	10261140	peak82441	.	*
NC_064047.1	10262002	10262252	peak82443	.	*
NC_064047.1	10540486	10540736	peak82565	.	*
NC_064047.1	10541221	10541471	peak82566	.	*
NC_064047.1	10697260	10697510	peak82600	.	*
NC_064047.1	10902028	10902278	peak82649	.	*
NC_064047.1	10902721	10902971	peak82651	.	*
NC_064047.1	11127361	11127611	peak82728	.	*
NC_064047.1	11217484	11217734	peak82771	.	*
NC_064047.1	11235459	11235709	peak82794	.	*
NC_064047.1	11404946	11405196	peak82840	.	*
NC_064047.1	11698240	11698490	peak82896	.	*
NC_064047.1	11698679	11698929	peak82897	.	*
NC_064047.1	11699314	11699564	peak82898	.	*
NC_064047.1	13015662	13015912	peak83072	.	*
NC_064047.1	13017524	13017774	peak83074	.	*
NC_064047.1	14065266	14065516	peak83322	.	*
NC_064047.1	14075855	14076105	peak83326	.	*
NC_064048.1	885839	886089	peak83807	.	*
NC_064048.1	1064933	1065183	peak83874	.	*
NC_064048.1	1065293	1065543	peak83875	.	*
NC_064048.1	1065655	1065905	peak83876	.	*
NC_064048.1	1067264	1067514	peak83879	.	*
NC_064048.1	1070420	1070670	peak83881	.	*
NC_064048.1	1070999	1071249	peak83882	.	*
NC_064048.1	1072083	1072333	peak83884	.	*
NC_064048.1	1072281	1072530	peak83885	.	*
NC_064048.1	1072437	1072687	peak83886	.	*
NC_064048.1	1736589	1736839	peak84127	.	*
NC_064048.1	2112643	2112893	peak84244	.	*
NC_064048.1	2124919	2125169	peak84247	.	*
NC_064048.1	2687872	2688122	peak84491	.	*
NC_064048.1	3412642	3412892	peak84700	.	*
NC_064048.1	3414936	3415185	peak84706	.	*
NC_064048.1	3942060	3942310	peak84900	.	*
NC_064048.1	3942414	3942664	peak84901	.	*
NC_064048.1	4025648	4025898	peak84939	.	*
NC_064048.1	4519210	4519460	peak85158	.	*
NC_064048.1	4633078	4633328	peak85213	.	*
NC_064048.1	4891800	4892050	peak85279	.	*
NC_064048.1	4911938	4912188	peak85297	.	*
NC_064048.1	5157888	5158138	peak85401	.	*
NC_064048.1	5361628	5361878	peak85469	.	*
NC_064048.1	5979236	5979486	peak85708	.	*
NC_064048.1	6110996	6111246	peak85772	.	*
NC_064048.1	6126319	6126569	peak85790	.	*
NC_064048.1	6263249	6263499	peak85848	.	*
NC_064048.1	6273633	6273883	peak85858	.	*
NC_064048.1	7131085	7131335	peak86122	.	*
NC_064048.1	7330160	7330410	peak86186	.	*
NC_064048.1	7331935	7332185	peak86190	.	*
NC_064048.1	7332371	7332621	peak86191	.	*
NC_064048.1	7336298	7336548	peak86197	.	*
NC_064048.1	7336804	7337054	peak86198	.	*
NC_064048.1	7830779	7831029	peak86387	.	*
NC_064048.1	8401532	8401782	peak86570	.	*
NC_064048.1	8477315	8477565	peak86610	.	*
NC_064048.1	8477802	8478052	peak86611	.	*
NC_064048.1	8478517	8478767	peak86613	.	*
NC_064048.1	8760104	8760354	peak86696	.	*
NC_064048.1	8778190	8778440	peak86708	.	*
NC_064048.1	8778771	8779021	peak86709	.	*
NC_064048.1	9106961	9107211	peak86835	.	*
NC_064048.1	9486515	9486765	peak86961	.	*
NC_064048.1	9487748	9487998	peak86963	.	*
NC_064048.1	9782084	9782334	peak87072	.	*
NC_064048.1	9790446	9790696	peak87084	.	*
NC_064048.1	9813291	9813541	peak87110	.	*
NC_064048.1	10083944	10084194	peak87206	.	*
NC_064048.1	10722048	10722298	peak87428	.	*
NC_064048.1	10818464	10818714	peak87481	.	*
NC_064048.1	10928518	10928768	peak87524	.	*
