NC_064034.1	633225	633475	peak24	.	*
NC_064034.1	634437	634687	peak26	.	*
NC_064034.1	2175810	2176060	peak552	.	*
NC_064034.1	2176232	2176482	peak553	.	*
NC_064034.1	2182306	2182556	peak562	.	*
NC_064034.1	2191048	2191298	peak570	.	*
NC_064034.1	2191408	2191658	peak571	.	*
NC_064034.1	2192287	2192537	peak573	.	*
NC_064034.1	2200333	2200583	peak588	.	*
NC_064034.1	3909201	3909451	peak1221	.	*
NC_064034.1	4088421	4088671	peak1276	.	*
NC_064034.1	4135195	4135445	peak1294	.	*
NC_064034.1	4683178	4683428	peak1541	.	*
NC_064034.1	4912701	4912951	peak1667	.	*
NC_064034.1	4913712	4913962	peak1668	.	*
NC_064034.1	4914924	4915174	peak1670	.	*
NC_064034.1	5032750	5033000	peak1713	.	*
NC_064034.1	5112344	5112594	peak1744	.	*
NC_064034.1	5264070	5264320	peak1803	.	*
NC_064034.1	5695512	5695762	peak1970	.	*
NC_064034.1	5697719	5697969	peak1975	.	*
NC_064034.1	5779056	5779306	peak2010	.	*
NC_064034.1	6195136	6195386	peak2106	.	*
NC_064034.1	6205522	6205772	peak2119	.	*
NC_064034.1	6423490	6423740	peak2182	.	*
NC_064034.1	6662773	6663023	peak2271	.	*
NC_064034.1	6724426	6724676	peak2314	.	*
NC_064034.1	6737125	6737375	peak2334	.	*
NC_064034.1	6738059	6738309	peak2337	.	*
NC_064034.1	8058376	8058626	peak2837	.	*
NC_064034.1	8109049	8109299	peak2858	.	*
NC_064034.1	8111327	8111577	peak2863	.	*
NC_064034.1	8212643	8212893	peak2909	.	*
NC_064034.1	8213178	8213428	peak2910	.	*
NC_064034.1	8774403	8774653	peak3123	.	*
NC_064034.1	8777076	8777326	peak3128	.	*
NC_064034.1	10437825	10438075	peak3834	.	*
NC_064034.1	10511086	10511336	peak3881	.	*
NC_064034.1	11231643	11231893	peak4090	.	*
NC_064034.1	11232517	11232767	peak4092	.	*
NC_064034.1	12314955	12315205	peak4487	.	*
NC_064034.1	12315630	12315880	peak4488	.	*
NC_064034.1	12398540	12398790	peak4502	.	*
NC_064034.1	12491022	12491272	peak4586	.	*
NC_064034.1	12491329	12491579	peak4587	.	*
NC_064034.1	12660772	12661022	peak4650	.	*
NC_064034.1	12661793	12662043	peak4651	.	*
NC_064034.1	15762440	15762689	peak5495	.	*
NC_064034.1	16414634	16414884	peak5713	.	*
NC_064034.1	16415300	16415550	peak5714	.	*
NC_064034.1	18318356	18318606	peak6330	.	*
NC_064034.1	18318942	18319191	peak6332	.	*
NC_064034.1	18321466	18321716	peak6336	.	*
NC_064034.1	19402125	19402375	peak6781	.	*
NC_064034.1	20350814	20351064	peak7148	.	*
NC_064034.1	21283215	21283465	peak7490	.	*
NC_064035.1	1171881	1172131	peak7904	.	*
NC_064035.1	1424300	1424550	peak7995	.	*
NC_064035.1	2313014	2313264	peak8340	.	*
NC_064035.1	2313811	2314061	peak8342	.	*
NC_064035.1	2314653	2314903	peak8344	.	*
NC_064035.1	2440500	2440749	peak8400	.	*
NC_064035.1	3423225	3423475	peak8777	.	*
NC_064035.1	3505601	3505851	peak8818	.	*
NC_064035.1	4198559	4198809	peak9101	.	*
NC_064035.1	4539605	4539855	peak9228	.	*
NC_064035.1	4540860	4541110	peak9230	.	*
NC_064035.1	5337547	5337797	peak9544	.	*
NC_064035.1	5340515	5340765	peak9547	.	*
NC_064035.1	5342378	5342628	peak9551	.	*
NC_064035.1	5344394	5344644	peak9556	.	*
NC_064035.1	5345173	5345423	peak9557	.	*
NC_064035.1	5345609	5345859	peak9558	.	*
NC_064035.1	5375478	5375728	peak9583	.	*
NC_064035.1	5382915	5383165	peak9591	.	*
NC_064035.1	5383572	5383822	peak9593	.	*
NC_064035.1	5394973	5395223	peak9607	.	*
NC_064035.1	5739835	5740085	peak9763	.	*
NC_064035.1	5783522	5783772	peak9782	.	*
NC_064035.1	5784005	5784255	peak9783	.	*
NC_064035.1	6358208	6358458	peak9983	.	*
NC_064035.1	6358904	6359154	peak9985	.	*
NC_064035.1	6359800	6360050	peak9987	.	*
NC_064035.1	6660895	6661145	peak10090	.	*
NC_064035.1	7158631	7158881	peak10276	.	*
NC_064035.1	7288794	7289044	peak10316	.	*
NC_064035.1	7505976	7506226	peak10382	.	*
NC_064035.1	7558402	7558652	peak10412	.	*
NC_064035.1	7823279	7823529	peak10480	.	*
NC_064035.1	7823981	7824231	peak10481	.	*
NC_064035.1	7889044	7889294	peak10511	.	*
NC_064035.1	7889945	7890195	peak10512	.	*
NC_064035.1	7892495	7892745	peak10518	.	*
NC_064035.1	7892883	7893133	peak10519	.	*
NC_064035.1	7898464	7898714	peak10526	.	*
NC_064035.1	7905140	7905390	peak10538	.	*
NC_064035.1	7905428	7905678	peak10539	.	*
NC_064035.1	7929182	7929432	peak10554	.	*
NC_064035.1	8113134	8113384	peak10628	.	*
NC_064035.1	8113642	8113892	peak10629	.	*
NC_064035.1	8161375	8161625	peak10640	.	*
NC_064035.1	8468787	8469037	peak10732	.	*
NC_064035.1	8682340	8682590	peak10813	.	*
NC_064035.1	8737344	8737594	peak10833	.	*
NC_064035.1	8898663	8898913	peak10896	.	*
NC_064035.1	9035503	9035753	peak10973	.	*
NC_064035.1	9394636	9394886	peak11124	.	*
NC_064035.1	9395546	9395796	peak11125	.	*
NC_064035.1	10341553	10341803	peak11485	.	*
NC_064035.1	10765284	10765534	peak11639	.	*
NC_064035.1	10887623	10887873	peak11723	.	*
NC_064035.1	12127913	12128163	peak12167	.	*
NC_064035.1	12489388	12489638	peak12304	.	*
NC_064035.1	12490770	12491020	peak12305	.	*
NC_064035.1	12491362	12491612	peak12306	.	*
NC_064035.1	12530689	12530939	peak12320	.	*
NC_064035.1	12531365	12531615	peak12321	.	*
NC_064035.1	12531821	12532071	peak12322	.	*
NC_064035.1	12804263	12804513	peak12417	.	*
NC_064035.1	12838295	12838545	peak12431	.	*
NC_064035.1	12839093	12839343	peak12433	.	*
NC_064035.1	12839440	12839690	peak12434	.	*
NC_064035.1	13490114	13490364	peak12683	.	*
NC_064035.1	13491342	13491592	peak12685	.	*
NC_064035.1	14441475	14441725	peak12978	.	*
NC_064035.1	14443746	14443996	peak12981	.	*
NC_064035.1	14828664	14828914	peak13151	.	*
NC_064035.1	14995816	14996066	peak13202	.	*
NC_064035.1	15045688	15045938	peak13220	.	*
NC_064035.1	15515026	15515276	peak13356	.	*
NC_064035.1	15716912	15717162	peak13450	.	*
NC_064035.1	15717391	15717641	peak13452	.	*
NC_064035.1	16012985	16013235	peak13559	.	*
NC_064035.1	16711904	16712154	peak13872	.	*
NC_064035.1	16712957	16713207	peak13874	.	*
NC_064035.1	17117087	17117337	peak14038	.	*
NC_064035.1	17121962	17122212	peak14043	.	*
NC_064035.1	18420876	18421126	peak14578	.	*
NC_064035.1	18422946	18423196	peak14582	.	*
NC_064035.1	19920846	19921096	peak15238	.	*
NC_064035.1	19967661	19967911	peak15254	.	*
NC_064035.1	19974894	19975144	peak15259	.	*
NC_064036.1	1344740	1344990	peak16102	.	*
NC_064036.1	1442474	1442724	peak16148	.	*
NC_064036.1	1696065	1696315	peak16293	.	*
NC_064036.1	1891036	1891286	peak16389	.	*
NC_064036.1	2272372	2272622	peak16513	.	*
NC_064036.1	2273252	2273502	peak16515	.	*
NC_064036.1	2275886	2276136	peak16518	.	*
NC_064036.1	2278725	2278975	peak16520	.	*
NC_064036.1	2477925	2478175	peak16604	.	*
NC_064036.1	2601047	2601297	peak16637	.	*
NC_064036.1	2601461	2601711	peak16638	.	*
NC_064036.1	2601782	2602032	peak16639	.	*
NC_064036.1	3277114	3277364	peak16894	.	*
NC_064036.1	3551669	3551919	peak16975	.	*
NC_064036.1	3552680	3552930	peak16976	.	*
NC_064036.1	3745760	3746010	peak17033	.	*
NC_064036.1	3961133	3961383	peak17109	.	*
NC_064036.1	3965375	3965625	peak17116	.	*
NC_064036.1	3965709	3965959	peak17117	.	*
NC_064036.1	4229870	4230120	peak17199	.	*
NC_064036.1	4230367	4230617	peak17200	.	*
NC_064036.1	5202002	5202252	peak17545	.	*
NC_064036.1	5569895	5570145	peak17660	.	*
NC_064036.1	5706743	5706993	peak17724	.	*
NC_064036.1	6113964	6114214	peak17906	.	*
NC_064036.1	6266059	6266309	peak17989	.	*
NC_064036.1	6656356	6656606	peak18138	.	*
NC_064036.1	9074733	9074983	peak19115	.	*
NC_064036.1	9085338	9085588	peak19125	.	*
NC_064036.1	9085648	9085898	peak19126	.	*
NC_064036.1	10021940	10022190	peak19481	.	*
NC_064036.1	10147370	10147619	peak19568	.	*
NC_064036.1	10147554	10147804	peak19569	.	*
NC_064036.1	10681486	10681736	peak19811	.	*
NC_064036.1	10910479	10910729	peak19902	.	*
NC_064036.1	11202982	11203232	peak20045	.	*
NC_064036.1	11203743	11203993	peak20046	.	*
NC_064036.1	11209073	11209323	peak20053	.	*
NC_064036.1	11211500	11211750	peak20057	.	*
NC_064036.1	11996608	11996858	peak20364	.	*
NC_064036.1	12016659	12016909	peak20380	.	*
NC_064036.1	13063555	13063805	peak20823	.	*
NC_064036.1	13064009	13064259	peak20824	.	*
NC_064036.1	13579463	13579713	peak21020	.	*
NC_064036.1	14740721	14740971	peak21511	.	*
NC_064036.1	14775011	14775261	peak21541	.	*
NC_064036.1	15219966	15220216	peak21695	.	*
NC_064036.1	15224341	15224591	peak21702	.	*
NC_064036.1	15517265	15517515	peak21861	.	*
NC_064036.1	16685312	16685562	peak22204	.	*
NC_064037.1	1171400	1171650	peak23476	.	*
NC_064037.1	1232018	1232268	peak23518	.	*
NC_064037.1	1434554	1434804	peak23603	.	*
NC_064037.1	1712664	1712914	peak23711	.	*
NC_064037.1	2047900	2048150	peak23844	.	*
NC_064037.1	2589827	2590077	peak24044	.	*
NC_064037.1	2591021	2591271	peak24045	.	*
NC_064037.1	2591818	2592068	peak24046	.	*
NC_064037.1	3267610	3267860	peak24309	.	*
NC_064037.1	3268021	3268271	peak24310	.	*
NC_064037.1	4146645	4146895	peak24598	.	*
NC_064037.1	4152309	4152559	peak24601	.	*
NC_064037.1	4843211	4843461	peak24888	.	*
NC_064037.1	4883728	4883978	peak24905	.	*
NC_064037.1	5114613	5114863	peak25030	.	*
NC_064037.1	5875160	5875410	peak25302	.	*
NC_064037.1	6226909	6227159	peak25432	.	*
NC_064037.1	6227283	6227533	peak25434	.	*
NC_064037.1	6232294	6232544	peak25444	.	*
NC_064037.1	6258337	6258587	peak25456	.	*
NC_064037.1	6262755	6263005	peak25462	.	*
NC_064037.1	6364881	6365131	peak25518	.	*
NC_064037.1	6436337	6436587	peak25547	.	*
NC_064037.1	7187169	7187419	peak25821	.	*
NC_064037.1	7188128	7188378	peak25822	.	*
NC_064037.1	8199137	8199387	peak26208	.	*
NC_064037.1	8511166	8511416	peak26300	.	*
NC_064037.1	8946891	8947141	peak26474	.	*
NC_064037.1	9337681	9337931	peak26585	.	*
NC_064037.1	10003458	10003708	peak26845	.	*
NC_064037.1	10874913	10875163	peak27164	.	*
NC_064037.1	11394224	11394474	peak27348	.	*
NC_064037.1	11759619	11759869	peak27466	.	*
NC_064037.1	11759936	11760186	peak27467	.	*
NC_064037.1	12749055	12749305	peak27793	.	*
NC_064037.1	13370452	13370702	peak27987	.	*
NC_064037.1	15663002	15663252	peak28756	.	*
NC_064037.1	15909362	15909612	peak28863	.	*
NC_064037.1	16007821	16008071	peak28904	.	*
NC_064037.1	16011408	16011658	peak28912	.	*
NC_064037.1	16324934	16325184	peak28996	.	*
NC_064037.1	16449279	16449529	peak29042	.	*
NC_064037.1	16459336	16459586	peak29050	.	*
NC_064037.1	17242491	17242741	peak29266	.	*
NC_064037.1	17242846	17243096	peak29267	.	*
NC_064038.1	1046338	1046588	peak29878	.	*
NC_064038.1	1050959	1051209	peak29890	.	*
NC_064038.1	3360179	3360428	peak30280	.	*
NC_064038.1	3360375	3360625	peak30281	.	*
NC_064038.1	3885118	3885368	peak30472	.	*
NC_064038.1	4348539	4348789	peak30664	.	*
NC_064038.1	4468213	4468463	peak30699	.	*
NC_064038.1	4604622	4604872	peak30752	.	*
NC_064038.1	4611426	4611675	peak30765	.	*
NC_064038.1	5005185	5005435	peak30922	.	*
NC_064038.1	5006483	5006733	peak30925	.	*
NC_064038.1	5309160	5309410	peak30975	.	*
NC_064038.1	5834152	5834402	peak31146	.	*
NC_064038.1	5881250	5881500	peak31190	.	*
NC_064038.1	5883598	5883848	peak31193	.	*
NC_064038.1	6297694	6297944	peak31427	.	*
NC_064038.1	6944998	6945248	peak31609	.	*
NC_064038.1	7072904	7073154	peak31657	.	*
NC_064038.1	7425130	7425380	peak31742	.	*
NC_064038.1	9330199	9330449	peak32365	.	*
NC_064038.1	9330756	9331006	peak32366	.	*
NC_064038.1	9820284	9820534	peak32577	.	*
NC_064038.1	9983602	9983852	peak32633	.	*
NC_064038.1	9985065	9985315	peak32635	.	*
NC_064038.1	10026719	10026969	peak32654	.	*
NC_064038.1	10089857	10090106	peak32670	.	*
NC_064038.1	10090670	10090920	peak32672	.	*
NC_064038.1	10091705	10091955	peak32674	.	*
NC_064038.1	10540620	10540870	peak32859	.	*
NC_064038.1	10782588	10782838	peak32944	.	*
NC_064038.1	10911977	10912227	peak32978	.	*
NC_064038.1	11007197	11007447	peak33010	.	*
NC_064038.1	11363256	11363506	peak33142	.	*
NC_064038.1	11363434	11363683	peak33143	.	*
NC_064038.1	11419079	11419329	peak33175	.	*
NC_064038.1	11419559	11419809	peak33176	.	*
NC_064038.1	11813127	11813377	peak33300	.	*
NC_064038.1	12263145	12263395	peak33370	.	*
NC_064038.1	12416098	12416348	peak33413	.	*
NC_064038.1	12417047	12417297	peak33416	.	*
NC_064038.1	12419718	12419968	peak33421	.	*
NC_064038.1	12420333	12420583	peak33423	.	*
NC_064038.1	12422164	12422414	peak33427	.	*
NC_064038.1	12516156	12516406	peak33488	.	*
NC_064038.1	12516880	12517130	peak33490	.	*
NC_064038.1	12674694	12674944	peak33554	.	*
NC_064038.1	12750485	12750735	peak33591	.	*
NC_064038.1	13930026	13930276	peak33978	.	*
NC_064038.1	14015271	14015521	peak34025	.	*
NC_064038.1	14015728	14015978	peak34026	.	*
NC_064038.1	14302903	14303153	peak34100	.	*
NC_064039.1	367147	367397	peak35131	.	*
NC_064039.1	447888	448138	peak35159	.	*
NC_064039.1	1485908	1486158	peak35537	.	*
NC_064039.1	1559582	1559832	peak35561	.	*
NC_064039.1	3377474	3377724	peak36236	.	*
NC_064039.1	3485129	3485379	peak36282	.	*
NC_064039.1	4058690	4058940	peak36592	.	*
NC_064039.1	4613273	4613523	peak36818	.	*
NC_064039.1	5905382	5905632	peak37343	.	*
NC_064039.1	5905939	5906189	peak37344	.	*
NC_064039.1	5908647	5908897	peak37348	.	*
NC_064039.1	5908821	5909070	peak37349	.	*
NC_064039.1	5909168	5909418	peak37350	.	*
NC_064039.1	5909955	5910205	peak37351	.	*
NC_064039.1	5910408	5910658	peak37352	.	*
NC_064039.1	6383761	6384011	peak37538	.	*
NC_064039.1	6584117	6584367	peak37620	.	*
NC_064039.1	6587973	6588223	peak37630	.	*
NC_064039.1	6604193	6604443	peak37645	.	*
NC_064039.1	6604453	6604703	peak37646	.	*
NC_064039.1	6605569	6605819	peak37649	.	*
NC_064039.1	6637634	6637884	peak37670	.	*
NC_064039.1	6650324	6650574	peak37682	.	*
NC_064039.1	6655684	6655934	peak37690	.	*
NC_064039.1	6672083	6672333	peak37705	.	*
NC_064039.1	6706658	6706908	peak37749	.	*
NC_064039.1	6878886	6879136	peak37820	.	*
NC_064039.1	7919452	7919702	peak38296	.	*
NC_064039.1	7920013	7920263	peak38297	.	*
NC_064039.1	8354007	8354257	peak38430	.	*
NC_064039.1	8354582	8354832	peak38431	.	*
NC_064039.1	8506397	8506647	peak38492	.	*
NC_064039.1	8584064	8584314	peak38526	.	*
NC_064039.1	10266188	10266438	peak39310	.	*
NC_064039.1	10309547	10309797	peak39328	.	*
NC_064039.1	10508285	10508535	peak39414	.	*
NC_064039.1	11139822	11140072	peak39675	.	*
NC_064039.1	11140315	11140565	peak39676	.	*
NC_064039.1	11144279	11144529	peak39682	.	*
NC_064039.1	11144736	11144986	peak39683	.	*
NC_064039.1	11145075	11145325	peak39684	.	*
NC_064039.1	11727633	11727883	peak39879	.	*
NC_064039.1	12150962	12151212	peak40167	.	*
NC_064039.1	12697815	12698065	peak40389	.	*
NC_064039.1	12698885	12699135	peak40390	.	*
NC_064039.1	12711009	12711259	peak40407	.	*
NC_064039.1	12712195	12712445	peak40409	.	*
NC_064039.1	12817621	12817871	peak40465	.	*
NC_064039.1	14382925	14383175	peak41006	.	*
NC_064039.1	14398755	14399005	peak41018	.	*
NC_064039.1	14530443	14530693	peak41054	.	*
NC_064039.1	15289495	15289745	peak41350	.	*
NC_064040.1	1843056	1843306	peak42205	.	*
NC_064040.1	1843214	1843463	peak42206	.	*
NC_064040.1	3624794	3625044	peak42660	.	*
NC_064040.1	3625689	3625939	peak42663	.	*
NC_064040.1	4114337	4114587	peak42819	.	*
NC_064040.1	4116228	4116478	peak42822	.	*
NC_064040.1	4338573	4338823	peak42909	.	*
NC_064040.1	4658294	4658544	peak43050	.	*
NC_064040.1	5271026	5271276	peak43280	.	*
NC_064040.1	5815113	5815363	peak43541	.	*
NC_064040.1	6862219	6862469	peak43958	.	*
NC_064040.1	6863688	6863938	peak43960	.	*
NC_064040.1	7084746	7084996	peak44005	.	*
NC_064040.1	7212728	7212978	peak44083	.	*
NC_064040.1	8134564	8134814	peak44462	.	*
NC_064040.1	8171864	8172114	peak44487	.	*
NC_064040.1	8263231	8263481	peak44531	.	*
NC_064040.1	8264365	8264615	peak44533	.	*
NC_064040.1	8578210	8578460	peak44659	.	*
NC_064040.1	9375062	9375312	peak44980	.	*
NC_064040.1	9471153	9471403	peak45024	.	*
NC_064040.1	10634864	10635114	peak45408	.	*
NC_064040.1	10783390	10783640	peak45469	.	*
NC_064040.1	11225745	11225995	peak45653	.	*
NC_064040.1	11932300	11932550	peak45919	.	*
NC_064040.1	14120984	14121234	peak46663	.	*
NC_064040.1	14123343	14123593	peak46666	.	*
NC_064040.1	14124909	14125159	peak46669	.	*
NC_064040.1	14126482	14126732	peak46672	.	*
NC_064040.1	14127037	14127287	peak46673	.	*
NC_064040.1	14127422	14127672	peak46674	.	*
NC_064040.1	14129264	14129514	peak46678	.	*
NC_064040.1	14131950	14132200	peak46686	.	*
NC_064040.1	14138092	14138342	peak46698	.	*
NC_064040.1	14141744	14141994	peak46704	.	*
NC_064040.1	14145801	14146051	peak46712	.	*
NC_064040.1	14146197	14146447	peak46713	.	*
NC_064040.1	14146547	14146797	peak46714	.	*
NC_064040.1	14726427	14726677	peak46893	.	*
NC_064040.1	16099985	16100235	peak47301	.	*
NC_064040.1	16614081	16614331	peak47424	.	*
NC_064040.1	16614850	16615100	peak47426	.	*
NC_064041.1	1824325	1824575	peak48343	.	*
NC_064041.1	1824644	1824894	peak48344	.	*
NC_064041.1	1825500	1825750	peak48346	.	*
NC_064041.1	1825907	1826157	peak48347	.	*
NC_064041.1	2624527	2624777	peak48564	.	*
NC_064041.1	4444699	4444949	peak49145	.	*
NC_064041.1	4778433	4778683	peak49228	.	*
NC_064041.1	4937602	4937852	peak49278	.	*
NC_064041.1	4944849	4945099	peak49292	.	*
NC_064041.1	4946736	4946986	peak49297	.	*
NC_064041.1	5584458	5584708	peak49503	.	*
NC_064041.1	5585334	5585584	peak49505	.	*
NC_064041.1	5590702	5590952	peak49512	.	*
NC_064041.1	6104760	6105010	peak49682	.	*
NC_064041.1	6105954	6106204	peak49684	.	*
NC_064041.1	6870625	6870875	peak49918	.	*
NC_064041.1	7140938	7141188	peak50014	.	*
NC_064041.1	7143329	7143579	peak50017	.	*
NC_064041.1	7143764	7144014	peak50018	.	*
NC_064041.1	7144317	7144567	peak50020	.	*
NC_064041.1	7893280	7893530	peak50262	.	*
NC_064041.1	7893451	7893700	peak50263	.	*
NC_064041.1	8916688	8916938	peak50513	.	*
NC_064041.1	9647467	9647717	peak50710	.	*
NC_064041.1	9764139	9764389	peak50749	.	*
NC_064041.1	10368782	10369032	peak50836	.	*
NC_064041.1	11138900	11139150	peak51155	.	*
NC_064041.1	11384736	11384986	peak51253	.	*
NC_064041.1	11438558	11438808	peak51279	.	*
NC_064041.1	11439903	11440153	peak51282	.	*
NC_064041.1	12995073	12995323	peak51581	.	*
NC_064041.1	13549507	13549757	peak51771	.	*
NC_064041.1	14365049	14365299	peak52015	.	*
NC_064041.1	15405551	15405801	peak52419	.	*
NC_064041.1	15869883	15870133	peak52466	.	*
NC_064042.1	1204325	1204575	peak53207	.	*
NC_064042.1	2074929	2075179	peak53529	.	*
NC_064042.1	2883472	2883722	peak53816	.	*
NC_064042.1	2883864	2884114	peak53817	.	*
NC_064042.1	2884507	2884757	peak53818	.	*
NC_064042.1	3241352	3241602	peak53961	.	*
NC_064042.1	3295233	3295483	peak54002	.	*
NC_064042.1	3297595	3297845	peak54007	.	*
NC_064042.1	3335275	3335525	peak54047	.	*
NC_064042.1	3401339	3401589	peak54067	.	*
NC_064042.1	3401993	3402243	peak54068	.	*
NC_064042.1	6257694	6257944	peak55054	.	*
NC_064042.1	8854677	8854927	peak55968	.	*
NC_064042.1	10005012	10005262	peak56353	.	*
NC_064042.1	10335054	10335304	peak56451	.	*
NC_064042.1	10346333	10346583	peak56466	.	*
NC_064042.1	10348532	10348782	peak56470	.	*
NC_064042.1	12841374	12841624	peak57319	.	*
NC_064042.1	12842016	12842266	peak57321	.	*
NC_064042.1	14075381	14075631	peak57719	.	*
NC_064043.1	1563763	1564013	peak58752	.	*
NC_064043.1	1564937	1565187	peak58754	.	*
NC_064043.1	1597591	1597841	peak58765	.	*
NC_064043.1	1713678	1713927	peak58816	.	*
NC_064043.1	1933896	1934146	peak58903	.	*
NC_064043.1	1934356	1934606	peak58904	.	*
NC_064043.1	2392985	2393235	peak59083	.	*
NC_064043.1	3539289	3539539	peak59522	.	*
NC_064043.1	3598368	3598618	peak59543	.	*
NC_064043.1	3719788	3720038	peak59630	.	*
NC_064043.1	3966228	3966478	peak59718	.	*
NC_064043.1	4559596	4559846	peak59996	.	*
NC_064043.1	4560451	4560701	peak59998	.	*
NC_064043.1	5606282	5606532	peak60427	.	*
NC_064043.1	5606546	5606796	peak60428	.	*
NC_064043.1	5667250	5667500	peak60465	.	*
NC_064043.1	5927200	5927450	peak60628	.	*
NC_064043.1	5967428	5967678	peak60652	.	*
NC_064043.1	5967582	5967831	peak60653	.	*
NC_064043.1	6502525	6502775	peak60969	.	*
NC_064043.1	6722182	6722432	peak61072	.	*
NC_064043.1	6722614	6722864	peak61073	.	*
NC_064043.1	6879421	6879671	peak61120	.	*
NC_064043.1	7642105	7642355	peak61413	.	*
NC_064043.1	7645330	7645580	peak61414	.	*
NC_064043.1	7853920	7854170	peak61521	.	*
NC_064043.1	8120320	8120570	peak61630	.	*
NC_064043.1	8965633	8965883	peak61955	.	*
NC_064043.1	9636169	9636419	peak62219	.	*
NC_064043.1	10813418	10813668	peak62672	.	*
NC_064043.1	10892379	10892628	peak62709	.	*
NC_064043.1	11643154	11643404	peak62998	.	*
NC_064043.1	12580148	12580398	peak63364	.	*
NC_064043.1	12639706	12639956	peak63414	.	*
NC_064043.1	12845200	12845450	peak63506	.	*
NC_064043.1	12845510	12845760	peak63507	.	*
NC_064043.1	13095968	13096218	peak63589	.	*
NC_064043.1	13760275	13760525	peak63883	.	*
NC_064043.1	14233825	14234075	peak64076	.	*
NC_064043.1	14234739	14234989	peak64078	.	*
NC_064043.1	14579863	14580113	peak64210	.	*
NC_064044.1	2766610	2766860	peak65020	.	*
NC_064044.1	2766915	2767165	peak65021	.	*
NC_064044.1	2910175	2910425	peak65060	.	*
NC_064044.1	3219818	3220068	peak65163	.	*
NC_064044.1	4169023	4169273	peak65503	.	*
NC_064044.1	5917197	5917447	peak66038	.	*
NC_064044.1	7082146	7082396	peak66391	.	*
NC_064044.1	7288550	7288800	peak66474	.	*
NC_064044.1	7289807	7290057	peak66476	.	*
NC_064044.1	7297912	7298162	peak66479	.	*
NC_064044.1	7517413	7517663	peak66559	.	*
NC_064044.1	7695042	7695292	peak66638	.	*
NC_064044.1	8129351	8129601	peak66799	.	*
NC_064044.1	8158286	8158536	peak66812	.	*
NC_064044.1	8509015	8509265	peak66966	.	*
NC_064044.1	8509422	8509672	peak66967	.	*
NC_064044.1	8581588	8581838	peak66989	.	*
NC_064044.1	8690204	8690454	peak67038	.	*
NC_064044.1	8691169	8691419	peak67040	.	*
NC_064044.1	8691711	8691961	peak67041	.	*
NC_064044.1	10161479	10161729	peak67526	.	*
NC_064044.1	10169067	10169317	peak67533	.	*
NC_064044.1	11619468	11619718	peak67957	.	*
NC_064044.1	11855075	11855325	peak68046	.	*
NC_064044.1	12029160	12029410	peak68111	.	*
NC_064044.1	12715057	12715307	peak68405	.	*
NC_064044.1	12716688	12716938	peak68407	.	*
NC_064044.1	12843610	12843860	peak68462	.	*
NC_064044.1	12844958	12845208	peak68465	.	*
NC_064044.1	12845930	12846180	peak68467	.	*
NC_064044.1	13327828	13328078	peak68639	.	*
NC_064044.1	15684052	15684302	peak69167	.	*
NC_064044.1	15688981	15689231	peak69180	.	*
NC_064045.1	3405170	3405420	peak70024	.	*
NC_064045.1	4091287	4091537	peak70316	.	*
NC_064045.1	4095341	4095591	peak70322	.	*
NC_064045.1	4830251	4830501	peak70612	.	*
NC_064045.1	5255616	5255866	peak70794	.	*
NC_064045.1	5867830	5868080	peak70984	.	*
NC_064045.1	6200284	6200534	peak71106	.	*
NC_064045.1	6200570	6200820	peak71107	.	*
NC_064045.1	6232263	6232513	peak71122	.	*
NC_064045.1	6310023	6310273	peak71156	.	*
NC_064045.1	6310345	6310595	peak71157	.	*
NC_064045.1	6723555	6723805	peak71272	.	*
NC_064045.1	6893663	6893913	peak71339	.	*
NC_064045.1	7141191	7141441	peak71434	.	*
NC_064045.1	7142652	7142902	peak71435	.	*
NC_064045.1	7357628	7357878	peak71532	.	*
NC_064045.1	7646281	7646531	peak71543	.	*
NC_064045.1	7648399	7648649	peak71546	.	*
NC_064045.1	12647449	12647699	peak73127	.	*
NC_064045.1	13623713	13623963	peak73442	.	*
NC_064045.1	13624432	13624682	peak73443	.	*
NC_064045.1	15097495	15097745	peak73907	.	*
NC_064045.1	15098471	15098721	peak73908	.	*
NC_064045.1	15251155	15251405	peak73972	.	*
NC_064046.1	743839	744089	peak74272	.	*
NC_064046.1	744788	745037	peak74274	.	*
NC_064046.1	746060	746310	peak74277	.	*
NC_064046.1	748992	749242	peak74284	.	*
NC_064046.1	789184	789434	peak74312	.	*
NC_064046.1	1659228	1659478	peak74670	.	*
NC_064046.1	1893189	1893439	peak74770	.	*
NC_064046.1	1893803	1894052	peak74772	.	*
NC_064046.1	3329433	3329683	peak75330	.	*
NC_064046.1	4082644	4082894	peak75596	.	*
NC_064046.1	4271504	4271754	peak75669	.	*
NC_064046.1	4769875	4770125	peak75862	.	*
NC_064046.1	6231851	6232101	peak76227	.	*
NC_064046.1	7451927	7452177	peak76605	.	*
NC_064046.1	8099744	8099994	peak76739	.	*
NC_064046.1	8390524	8390774	peak76840	.	*
NC_064046.1	8393289	8393539	peak76843	.	*
NC_064046.1	9030133	9030383	peak77029	.	*
NC_064046.1	9897329	9897579	peak77266	.	*
NC_064046.1	10469258	10469508	peak77439	.	*
NC_064046.1	11025677	11025927	peak77654	.	*
NC_064046.1	11914655	11914905	peak78008	.	*
NC_064046.1	11914822	11915071	peak78009	.	*
NC_064046.1	11940419	11940669	peak78033	.	*
NC_064046.1	12987009	12987258	peak78506	.	*
NC_064046.1	13429727	13429977	peak78745	.	*
NC_064046.1	13581070	13581320	peak78803	.	*
NC_064046.1	14514729	14514979	peak79094	.	*
NC_064047.1	773415	773665	peak79321	.	*
NC_064047.1	925966	926216	peak79397	.	*
NC_064047.1	1271625	1271875	peak79525	.	*
NC_064047.1	2466670	2466920	peak79961	.	*
NC_064047.1	2751528	2751778	peak80048	.	*
NC_064047.1	2990506	2990756	peak80174	.	*
NC_064047.1	2994585	2994835	peak80183	.	*
NC_064047.1	2994999	2995249	peak80184	.	*
NC_064047.1	4802189	4802439	peak80694	.	*
NC_064047.1	4853524	4853774	peak80706	.	*
NC_064047.1	5275825	5276075	peak80816	.	*
NC_064047.1	5276961	5277211	peak80818	.	*
NC_064047.1	6140106	6140356	peak81110	.	*
NC_064047.1	6726729	6726979	peak81348	.	*
NC_064047.1	6751612	6751862	peak81361	.	*
NC_064047.1	9582713	9582963	peak82149	.	*
NC_064047.1	9584621	9584871	peak82150	.	*
NC_064047.1	9662411	9662661	peak82171	.	*
NC_064047.1	11204158	11204408	peak82759	.	*
NC_064047.1	12991666	12991916	peak83050	.	*
NC_064048.1	1452745	1452995	peak84010	.	*
NC_064048.1	1461118	1461368	peak84019	.	*
NC_064048.1	1758770	1759020	peak84142	.	*
NC_064048.1	3971441	3971691	peak84909	.	*
NC_064048.1	4081363	4081613	peak84974	.	*
NC_064048.1	4083050	4083300	peak84978	.	*
NC_064048.1	5479660	5479910	peak85504	.	*
NC_064048.1	5674932	5675182	peak85583	.	*
NC_064048.1	6121554	6121804	peak85783	.	*
NC_064048.1	6672069	6672319	peak85984	.	*
NC_064048.1	7193023	7193273	peak86144	.	*
NC_064048.1	7206663	7206913	peak86159	.	*
NC_064048.1	8254964	8255214	peak86506	.	*
NC_064048.1	8477802	8478052	peak86611	.	*
NC_064048.1	8832027	8832277	peak86718	.	*
NC_064048.1	8833544	8833794	peak86720	.	*
NC_064048.1	9312657	9312907	peak86907	.	*
NC_064048.1	9315502	9315752	peak86909	.	*
NC_064048.1	9795775	9796025	peak87093	.	*
NC_064048.1	9849717	9849967	peak87117	.	*
NC_064048.1	10604358	10604608	peak87379	.	*
