pattern	cluster
ecto_aboral_pos_pattern_0	94
ecto_pharynx_pos_pattern_0	94
NPC_pos_pattern_2	94
ectoderm_pos_pattern_1	94
gland_mucin_pos_pattern_2	94
neuron_GATA_Islet_1_pos_pattern_0	94
muscle_2_pos_pattern_0	94
precursors_1_pos_pattern_0	94
cnidocyte_gastrula_pos_pattern_0	94
muscle_1_pos_pattern_0	94
gastro_parietal_muscle_pos_pattern_0	94
EMS_ecto_boundary_pos_pattern_1	94
gland_pos_pattern_0	94
digestive_filaments_1_pos_pattern_0	94
gastro_unknown_2_pos_pattern_1	94
gastro_circular_muscle_1_pos_pattern_2	94
gastro_circular_muscle_2_pos_pattern_2	94
neuronal_pos_pattern_1	94
cnidocyte_pos_pattern_0	94
digestive_filaments_2_pos_pattern_1	94
gastro_unknown_1_pos_pattern_1	94
digestive_filaments_2_neg_pattern_2	94
epidermis_1_pos_pattern_0	94
neuron_Pou4_FoxL2_2_pos_pattern_0	94
precursors_2_pos_pattern_0	94
EMS_pos_pattern_1	94
epidermis_1_neg_pattern_3	94
cnidocyte_neg_pattern_4	94
precursors_3_pos_pattern_2	94
precursors_1_neg_pattern_1	94
muscle_1_neg_pattern_0	94
neuron_GATA_Islet_1_neg_pattern_0	94
gastro_circular_muscle_2_neg_pattern_6	94
precursors_3_neg_pattern_6	94
muscle_2_neg_pattern_4	94
gastro_parietal_muscle_neg_pattern_5	94
gastro_circular_muscle_1_neg_pattern_4	94
digestive_filaments_1_neg_pattern_1	94
precursors_2_neg_pattern_3	94
ecto_aboral_neg_pattern_12	94
cnidocyte_gastrula_neg_pattern_4	94
gastro_unknown_1_neg_pattern_8	94
neuron_Pou4_FoxL2_2_neg_pattern_0	94
NPC_neg_pattern_12	94
gastro_unknown_2_neg_pattern_4	94
gland_mucin_neg_pattern_13	94
gastro_parietal_muscle_pos_pattern_22	94
EMS_neg_pattern_4	94
ecto_pharynx_neg_pattern_7	94
gland_neg_pattern_0	94
neuronal_neg_pattern_6	94
neuron_Pou4_FoxL2_2_pos_pattern_5	277
muscle_1_pos_pattern_4	277
gland_pos_pattern_7	277
ecto_aboral_pos_pattern_5	277
ecto_pharynx_pos_pattern_12	277
ectoderm_pos_pattern_8	277
neuron_Pou4_FoxL2_2_neg_pattern_4	277
precursors_1_pos_pattern_5	277
EMS_ecto_boundary_pos_pattern_5	277
neuron_GATA_Islet_1_pos_pattern_9	277
NPC_pos_pattern_5	277
precursors_2_pos_pattern_6	277
cnidocyte_gastrula_pos_pattern_5	277
digestive_filaments_2_pos_pattern_8	277
gland_mucin_pos_pattern_4	277
gastro_parietal_muscle_pos_pattern_5	277
epidermis_1_pos_pattern_6	277
precursors_3_pos_pattern_5	277
cnidocyte_pos_pattern_5	277
gastro_unknown_2_pos_pattern_5	277
epidermis_1_neg_pattern_5	277
gastro_circular_muscle_1_pos_pattern_4	277
EMS_pos_pattern_5	277
gastro_circular_muscle_2_pos_pattern_7	277
digestive_filaments_1_pos_pattern_4	277
muscle_2_pos_pattern_7	277
neuronal_pos_pattern_4	277
neuron_Pou4_FoxL2_2_neg_pattern_7	277
muscle_1_neg_pattern_3	277
precursors_1_neg_pattern_4	277
digestive_filaments_2_neg_pattern_1	277
neuron_GATA_Islet_1_neg_pattern_2	277
gland_neg_pattern_3	277
cnidocyte_gastrula_neg_pattern_3	277
ecto_pharynx_neg_pattern_9	277
ectoderm_neg_pattern_6	277
gland_mucin_neg_pattern_6	277
digestive_filaments_1_neg_pattern_2	277
gastro_parietal_muscle_neg_pattern_3	277
cnidocyte_neg_pattern_2	277
precursors_2_neg_pattern_2	277
gastro_unknown_2_neg_pattern_2	277
EMS_ecto_boundary_neg_pattern_6	277
muscle_2_neg_pattern_1	277
precursors_3_neg_pattern_0	277
neuronal_neg_pattern_2	277
precursors_1_pos_pattern_2	290
EMS_pos_pattern_2	290
muscle_1_pos_pattern_1	290
gastro_circular_muscle_2_pos_pattern_5	290
neuron_GATA_Islet_1_pos_pattern_1	290
cnidocyte_pos_pattern_4	290
gastro_circular_muscle_1_pos_pattern_5	290
gastro_unknown_2_pos_pattern_3	290
neuron_Pou4_FoxL2_2_pos_pattern_1	290
cnidocyte_neg_pattern_6	290
digestive_filaments_2_pos_pattern_2	290
epidermis_1_pos_pattern_1	290
gland_pos_pattern_1	290
ecto_aboral_pos_pattern_1	290
cnidocyte_gastrula_pos_pattern_1	290
gastro_unknown_1_pos_pattern_4	290
gastro_parietal_muscle_pos_pattern_4	290
ecto_pharynx_pos_pattern_3	290
muscle_2_pos_pattern_2	290
precursors_3_pos_pattern_3	290
epidermis_1_neg_pattern_2	290
gastro_circular_muscle_2_neg_pattern_8	290
digestive_filaments_2_neg_pattern_5	290
EMS_ecto_boundary_pos_pattern_0	290
ectoderm_pos_pattern_2	290
EMS_neg_pattern_8	290
precursors_2_pos_pattern_3	290
gastro_parietal_muscle_neg_pattern_4	290
gland_mucin_neg_pattern_5	290
NPC_pos_pattern_3	290
digestive_filaments_1_pos_pattern_1	290
gland_mucin_pos_pattern_1	290
gastro_unknown_2_neg_pattern_3	290
neuron_Pou4_FoxL2_2_neg_pattern_1	290
gland_neg_pattern_2	290
muscle_1_neg_pattern_1	290
precursors_1_neg_pattern_2	290
cnidocyte_gastrula_neg_pattern_2	290
gastro_circular_muscle_1_neg_pattern_11	290
ecto_pharynx_neg_pattern_2	290
EMS_ecto_boundary_neg_pattern_3	290
ecto_aboral_neg_pattern_6	290
digestive_filaments_1_neg_pattern_3	290
gastro_unknown_1_neg_pattern_7	290
precursors_3_neg_pattern_9	290
neuron_GATA_Islet_1_neg_pattern_1	290
muscle_1_pos_pattern_5	245
neuron_Pou4_FoxL2_2_pos_pattern_3	245
cnidocyte_gastrula_pos_pattern_6	245
muscle_2_pos_pattern_8	245
NPC_pos_pattern_9	245
EMS_ecto_boundary_pos_pattern_11	245
EMS_pos_pattern_11	245
neuron_GATA_Islet_1_pos_pattern_2	245
ectoderm_pos_pattern_10	245
ecto_aboral_pos_pattern_7	245
precursors_1_pos_pattern_7	245
digestive_filaments_2_pos_pattern_7	245
cnidocyte_pos_pattern_7	245
epidermis_1_pos_pattern_2	245
precursors_2_pos_pattern_5	245
muscle_2_pos_pattern_33	245
gland_pos_pattern_4	245
digestive_filaments_1_pos_pattern_5	245
gland_mucin_pos_pattern_5	245
precursors_3_pos_pattern_6	245
gastro_circular_muscle_2_pos_pattern_6	245
gastro_parietal_muscle_pos_pattern_8	245
ecto_pharynx_pos_pattern_5	245
gastro_unknown_1_pos_pattern_8	245
gastro_unknown_2_pos_pattern_4	245
neuronal_pos_pattern_6	245
ectoderm_neg_pattern_18	245
precursors_1_neg_pattern_5	245
NPC_pos_pattern_30	245
gland_mucin_neg_pattern_15	245
gland_neg_pattern_10	245
epidermis_1_neg_pattern_12	245
muscle_2_neg_pattern_10	245
gastro_circular_muscle_1_neg_pattern_6	245
gastro_circular_muscle_1_pos_pattern_12	149
neuron_GATA_Islet_1_pos_pattern_6	149
cnidocyte_pos_pattern_9	149
gastro_circular_muscle_2_pos_pattern_11	149
cnidocyte_gastrula_pos_pattern_9	149
EMS_pos_pattern_8	149
muscle_1_pos_pattern_6	149
precursors_1_pos_pattern_9	149
epidermis_1_pos_pattern_12	149
gland_pos_pattern_8	149
precursors_3_pos_pattern_8	149
gland_mucin_pos_pattern_6	149
neuron_Pou4_FoxL2_2_pos_pattern_6	149
gastro_unknown_2_pos_pattern_8	149
digestive_filaments_1_pos_pattern_9	149
precursors_2_pos_pattern_7	149
ecto_pharynx_pos_pattern_9	149
muscle_2_pos_pattern_9	149
ecto_aboral_pos_pattern_9	149
NPC_pos_pattern_8	149
gastro_parietal_muscle_pos_pattern_9	149
gastro_unknown_1_pos_pattern_6	149
neuronal_pos_pattern_5	149
gastro_circular_muscle_1_pos_pattern_16	149
epidermis_1_neg_pattern_15	149
EMS_ecto_boundary_pos_pattern_10	149
precursors_1_neg_pattern_9	149
precursors_3_neg_pattern_12	149
ectoderm_pos_pattern_4	149
neuronal_pos_pattern_20	149
digestive_filaments_2_pos_pattern_6	149
digestive_filaments_2_neg_pattern_13	75
gastro_circular_muscle_2_pos_pattern_14	75
precursors_1_pos_pattern_10	75
neuron_Pou4_FoxL2_2_pos_pattern_9	75
neuron_GATA_Islet_1_pos_pattern_10	75
gland_mucin_pos_pattern_13	75
gland_pos_pattern_11	75
muscle_2_pos_pattern_12	75
cnidocyte_gastrula_pos_pattern_7	75
digestive_filaments_1_pos_pattern_10	75
gastro_parietal_muscle_pos_pattern_14	75
EMS_pos_pattern_13	75
ectoderm_pos_pattern_9	75
ecto_aboral_pos_pattern_8	75
ecto_pharynx_pos_pattern_8	75
NPC_pos_pattern_12	75
EMS_ecto_boundary_pos_pattern_12	75
digestive_filaments_2_pos_pattern_10	75
epidermis_1_pos_pattern_11	75
gastro_circular_muscle_1_pos_pattern_10	75
precursors_2_pos_pattern_10	75
gastro_unknown_2_pos_pattern_9	75
gastro_unknown_1_pos_pattern_13	75
neuronal_pos_pattern_16	75
ectoderm_neg_pattern_14	75
cnidocyte_gastrula_neg_pattern_13	75
gastro_unknown_2_pos_pattern_12	200
gastro_circular_muscle_1_pos_pattern_14	200
precursors_1_pos_pattern_6	200
ecto_aboral_pos_pattern_10	200
ectoderm_pos_pattern_6	200
gastro_parietal_muscle_pos_pattern_12	200
gastro_circular_muscle_2_pos_pattern_10	200
cnidocyte_gastrula_pos_pattern_8	200
digestive_filaments_2_pos_pattern_9	200
neuron_GATA_Islet_1_pos_pattern_4	200
ecto_pharynx_pos_pattern_6	200
epidermis_1_pos_pattern_7	200
muscle_1_pos_pattern_7	200
digestive_filaments_1_pos_pattern_7	200
EMS_ecto_boundary_pos_pattern_8	200
precursors_1_neg_pattern_6	200
cnidocyte_gastrula_neg_pattern_10	200
muscle_2_pos_pattern_15	200
NPC_pos_pattern_10	200
gland_pos_pattern_5	200
neuron_GATA_Islet_1_neg_pattern_10	200
muscle_1_neg_pattern_6	200
epidermis_1_neg_pattern_14	200
digestive_filaments_1_pos_pattern_21	64
ectoderm_pos_pattern_12	64
ecto_aboral_pos_pattern_36	64
ecto_pharynx_pos_pattern_14	64
muscle_1_pos_pattern_8	64
digestive_filaments_1_pos_pattern_16	64
gastro_circular_muscle_1_pos_pattern_13	64
precursors_1_pos_pattern_8	64
epidermis_1_pos_pattern_13	64
ecto_aboral_pos_pattern_11	64
gland_mucin_pos_pattern_22	64
neuron_Pou4_FoxL2_2_pos_pattern_8	64
neuron_GATA_Islet_1_pos_pattern_3	64
precursors_3_pos_pattern_11	64
precursors_1_neg_pattern_10	64
precursors_1_pos_pattern_23	64
gastro_parietal_muscle_pos_pattern_7	64
gland_pos_pattern_6	64
cnidocyte_pos_pattern_10	64
neuron_Pou4_FoxL2_2_pos_pattern_15	64
epidermis_1_pos_pattern_20	64
NPC_pos_pattern_15	64
epidermis_1_pos_pattern_8	147
gastro_parietal_muscle_pos_pattern_3	147
muscle_2_pos_pattern_5	147
gland_neg_pattern_6	147
gland_pos_pattern_2	147
muscle_1_pos_pattern_2	147
NPC_pos_pattern_1	147
ecto_aboral_neg_pattern_2	147
cnidocyte_gastrula_pos_pattern_2	147
gland_mucin_pos_pattern_0	147
neuronal_neg_pattern_5	147
EMS_neg_pattern_5	147
precursors_3_pos_pattern_0	147
gastro_parietal_muscle_neg_pattern_2	147
gastro_circular_muscle_2_neg_pattern_3	147
precursors_3_neg_pattern_4	147
gland_pos_pattern_15	147
cnidocyte_gastrula_neg_pattern_1	147
precursors_2_neg_pattern_0	147
cnidocyte_neg_pattern_0	147
ectoderm_neg_pattern_1	147
EMS_ecto_boundary_neg_pattern_0	147
precursors_1_pos_pattern_14	288
ecto_aboral_pos_pattern_15	288
digestive_filaments_2_pos_pattern_12	288
epidermis_1_pos_pattern_10	288
EMS_ecto_boundary_pos_pattern_9	288
gastro_circular_muscle_2_pos_pattern_9	288
gastro_unknown_2_pos_pattern_7	288
gastro_parietal_muscle_pos_pattern_10	288
neuron_GATA_Islet_1_neg_pattern_3	288
neuron_GATA_Islet_1_pos_pattern_7	288
gastro_circular_muscle_1_pos_pattern_7	288
EMS_pos_pattern_4	288
gland_pos_pattern_9	288
ectoderm_pos_pattern_24	288
ecto_pharynx_pos_pattern_10	288
digestive_filaments_1_pos_pattern_8	288
ecto_pharynx_neg_pattern_3	288
EMS_neg_pattern_1	288
precursors_1_neg_pattern_8	288
gastro_unknown_1_pos_pattern_3	288
gland_neg_pattern_5	288
digestive_filaments_2_neg_pattern_10	288
neuron_GATA_Islet_1_pos_pattern_8	270
ecto_pharynx_pos_pattern_11	270
digestive_filaments_1_pos_pattern_6	270
EMS_ecto_boundary_pos_pattern_7	270
digestive_filaments_2_pos_pattern_4	270
EMS_pos_pattern_7	270
neuron_Pou4_FoxL2_2_pos_pattern_4	270
precursors_1_pos_pattern_4	270
gastro_circular_muscle_2_pos_pattern_4	270
ecto_aboral_pos_pattern_4	270
ectoderm_pos_pattern_7	270
muscle_1_neg_pattern_2	270
gastro_unknown_1_pos_pattern_0	270
neuronal_pos_pattern_2	270
cnidocyte_pos_pattern_2	270
precursors_1_neg_pattern_0	270
precursors_2_pos_pattern_2	270
gastro_parietal_muscle_neg_pattern_9	270
neuron_Pou4_FoxL2_2_pos_pattern_7	278
neuron_GATA_Islet_1_pos_pattern_5	278
ecto_aboral_pos_pattern_3	278
ecto_pharynx_pos_pattern_4	278
gastro_unknown_2_pos_pattern_6	278
muscle_1_pos_pattern_3	278
gland_mucin_pos_pattern_3	278
digestive_filaments_1_pos_pattern_2	278
EMS_neg_pattern_12	278
gland_pos_pattern_3	278
muscle_1_neg_pattern_4	278
EMS_ecto_boundary_pos_pattern_2	278
ectoderm_neg_pattern_13	278
precursors_2_pos_pattern_1	278
precursors_2_neg_pattern_5	278
muscle_2_pos_pattern_6	278
digestive_filaments_1_neg_pattern_4	278
NPC_neg_pattern_17	278
cnidocyte_gastrula_neg_pattern_12	40
neuronal_pos_pattern_21	40
cnidocyte_gastrula_pos_pattern_13	40
epidermis_1_pos_pattern_24	40
muscle_1_pos_pattern_12	40
gland_mucin_pos_pattern_11	40
ecto_aboral_pos_pattern_2	40
ectoderm_pos_pattern_0	40
NPC_pos_pattern_0	40
ecto_aboral_neg_pattern_0	40
ecto_pharynx_pos_pattern_1	40
ectoderm_neg_pattern_0	40
ecto_pharynx_neg_pattern_0	40
NPC_neg_pattern_0	40
precursors_3_pos_pattern_1	40
gland_mucin_neg_pattern_1	40
cnidocyte_gastrula_pos_pattern_18	42
gastro_circular_muscle_2_neg_pattern_12	42
gastro_unknown_1_pos_pattern_10	42
digestive_filaments_2_neg_pattern_8	42
precursors_1_pos_pattern_3	42
cnidocyte_gastrula_pos_pattern_4	42
ectoderm_pos_pattern_3	42
gastro_parietal_muscle_pos_pattern_6	42
digestive_filaments_2_pos_pattern_3	42
cnidocyte_pos_pattern_6	42
neuronal_pos_pattern_12	42
ecto_pharynx_neg_pattern_11	42
gastro_circular_muscle_2_pos_pattern_17	42
ecto_aboral_neg_pattern_8	42
gastro_unknown_1_pos_pattern_16	42
gastro_parietal_muscle_pos_pattern_2	177
gastro_parietal_muscle_pos_pattern_11	177
EMS_ecto_boundary_neg_pattern_11	177
gastro_circular_muscle_2_pos_pattern_1	177
gastro_circular_muscle_1_pos_pattern_1	177
gland_pos_pattern_12	177
gastro_unknown_2_pos_pattern_2	177
gastro_circular_muscle_2_neg_pattern_1	177
gastro_unknown_2_neg_pattern_0	177
muscle_2_neg_pattern_0	177
muscle_2_pos_pattern_3	177
gastro_circular_muscle_1_neg_pattern_0	177
digestive_filaments_1_neg_pattern_0	177
digestive_filaments_2_neg_pattern_0	177
EMS_neg_pattern_0	177
gland_mucin_pos_pattern_31	217
cnidocyte_gastrula_pos_pattern_22	217
NPC_pos_pattern_24	217
gastro_unknown_2_pos_pattern_28	217
NPC_neg_pattern_20	217
EMS_ecto_boundary_neg_pattern_19	217
gland_mucin_neg_pattern_17	217
NPC_neg_pattern_14	217
gland_mucin_neg_pattern_20	217
gastro_unknown_1_neg_pattern_11	217
neuronal_neg_pattern_10	217
NPC_neg_pattern_16	217
cnidocyte_neg_pattern_9	217
precursors_3_neg_pattern_10	217
precursors_1_pos_pattern_19	217
gland_pos_pattern_16	224
digestive_filaments_2_pos_pattern_13	224
neuron_GATA_Islet_1_pos_pattern_15	224
NPC_pos_pattern_14	224
gland_pos_pattern_22	224
ecto_aboral_pos_pattern_24	224
digestive_filaments_2_pos_pattern_23	224
EMS_ecto_boundary_pos_pattern_14	224
ectoderm_pos_pattern_14	224
gland_mucin_pos_pattern_12	224
digestive_filaments_1_pos_pattern_11	224
ectoderm_neg_pattern_8	224
NPC_neg_pattern_8	224
gland_mucin_neg_pattern_8	224
neuron_GATA_Islet_1_pos_pattern_27	264
gastro_circular_muscle_2_pos_pattern_32	264
neuron_GATA_Islet_1_pos_pattern_30	264
neuron_GATA_Islet_1_pos_pattern_31	264
gastro_unknown_1_pos_pattern_14	264
muscle_2_pos_pattern_22	264
precursors_3_pos_pattern_20	264
epidermis_1_pos_pattern_26	264
ectoderm_pos_pattern_18	264
precursors_2_pos_pattern_15	264
precursors_3_pos_pattern_32	264
precursors_3_pos_pattern_19	264
EMS_neg_pattern_16	264
ecto_pharynx_neg_pattern_13	264
neuron_Pou4_FoxL2_2_neg_pattern_9	274
precursors_1_pos_pattern_11	274
neuron_Pou4_FoxL2_2_pos_pattern_12	274
neuron_GATA_Islet_1_pos_pattern_11	274
epidermis_1_pos_pattern_5	274
gastro_circular_muscle_2_pos_pattern_3	274
gastro_unknown_2_pos_pattern_0	274
muscle_2_pos_pattern_1	274
gastro_parietal_muscle_pos_pattern_1	274
muscle_2_neg_pattern_2	274
gastro_circular_muscle_2_neg_pattern_4	274
gastro_circular_muscle_1_pos_pattern_0	274
digestive_filaments_1_pos_pattern_3	274
NPC_neg_pattern_4	274
ecto_aboral_pos_pattern_54	111
precursors_1_pos_pattern_33	111
EMS_pos_pattern_6	111
NPC_pos_pattern_6	111
gastro_circular_muscle_1_pos_pattern_8	111
precursors_3_pos_pattern_12	111
gastro_circular_muscle_2_pos_pattern_8	111
epidermis_1_pos_pattern_3	111
gastro_parietal_muscle_pos_pattern_25	111
cnidocyte_gastrula_pos_pattern_15	111
gland_pos_pattern_19	111
gastro_unknown_1_pos_pattern_12	111
gastro_unknown_1_pos_pattern_34	111
precursors_3_pos_pattern_17	312
cnidocyte_gastrula_pos_pattern_12	312
neuron_Pou4_FoxL2_2_pos_pattern_13	312
muscle_1_pos_pattern_10	312
neuronal_pos_pattern_14	312
gastro_circular_muscle_1_pos_pattern_21	312
precursors_1_pos_pattern_1	312
gastro_parietal_muscle_pos_pattern_13	312
epidermis_1_pos_pattern_18	312
digestive_filaments_1_pos_pattern_12	312
gland_pos_pattern_10	312
gastro_unknown_2_pos_pattern_27	312
gastro_unknown_1_pos_pattern_5	312
ectoderm_pos_pattern_15	127
precursors_2_pos_pattern_13	127
EMS_pos_pattern_10	127
EMS_ecto_boundary_pos_pattern_3	127
NPC_neg_pattern_9	127
ectoderm_neg_pattern_4	127
ecto_aboral_neg_pattern_7	127
ecto_pharynx_neg_pattern_4	127
EMS_ecto_boundary_neg_pattern_1	127
NPC_pos_pattern_7	127
neuronal_neg_pattern_3	127
gastro_unknown_1_neg_pattern_6	127
muscle_1_neg_pattern_5	238
ecto_aboral_pos_pattern_6	238
gastro_unknown_2_neg_pattern_1	238
gastro_unknown_1_pos_pattern_2	238
gastro_unknown_1_neg_pattern_4	238
digestive_filaments_2_pos_pattern_0	238
gland_neg_pattern_1	238
gastro_parietal_muscle_neg_pattern_0	238
gastro_circular_muscle_1_neg_pattern_1	238
EMS_pos_pattern_0	238
NPC_neg_pattern_2	238
ecto_pharynx_pos_pattern_2	238
neuron_GATA_Islet_1_pos_pattern_21	261
neuron_Pou4_FoxL2_2_pos_pattern_14	261
gastro_circular_muscle_2_pos_pattern_23	261
gastro_circular_muscle_1_pos_pattern_31	261
digestive_filaments_2_pos_pattern_22	261
muscle_1_pos_pattern_13	261
NPC_pos_pattern_16	261
cnidocyte_gastrula_pos_pattern_14	261
ectoderm_pos_pattern_28	261
muscle_2_pos_pattern_27	261
ecto_pharynx_neg_pattern_15	261
cnidocyte_gastrula_neg_pattern_7	261
ectoderm_pos_pattern_23	128
neuron_Pou4_FoxL2_2_neg_pattern_8	128
precursors_1_neg_pattern_7	128
muscle_2_neg_pattern_8	128
gland_mucin_neg_pattern_14	128
NPC_neg_pattern_11	128
neuronal_pos_pattern_15	128
neuronal_pos_pattern_18	128
gastro_circular_muscle_1_neg_pattern_3	128
gastro_unknown_1_pos_pattern_9	128
epidermis_1_pos_pattern_16	141
ecto_aboral_pos_pattern_16	141
ecto_pharynx_pos_pattern_13	141
gland_neg_pattern_9	141
epidermis_1_neg_pattern_13	141
ecto_pharynx_neg_pattern_10	141
ecto_aboral_neg_pattern_14	141
EMS_ecto_boundary_neg_pattern_5	141
digestive_filaments_2_neg_pattern_4	141
digestive_filaments_1_neg_pattern_9	141
muscle_1_pos_pattern_15	241
digestive_filaments_1_pos_pattern_26	241
neuron_GATA_Islet_1_pos_pattern_26	241
EMS_ecto_boundary_pos_pattern_20	241
cnidocyte_pos_pattern_19	241
gastro_unknown_1_pos_pattern_24	241
gland_pos_pattern_21	241
muscle_2_pos_pattern_26	241
gastro_circular_muscle_2_pos_pattern_20	241
gastro_unknown_2_pos_pattern_18	241
digestive_filaments_2_pos_pattern_18	78
gastro_circular_muscle_2_pos_pattern_13	78
EMS_pos_pattern_9	78
gland_mucin_pos_pattern_7	78
epidermis_1_pos_pattern_9	78
precursors_2_pos_pattern_9	78
gastro_circular_muscle_1_pos_pattern_6	78
digestive_filaments_2_neg_pattern_3	78
gastro_unknown_1_neg_pattern_3	78
ecto_aboral_pos_pattern_18	96
neuron_GATA_Islet_1_pos_pattern_13	96
ectoderm_pos_pattern_20	96
gland_pos_pattern_25	96
gastro_parietal_muscle_pos_pattern_17	96
EMS_ecto_boundary_pos_pattern_17	96
digestive_filaments_2_pos_pattern_14	96
epidermis_1_pos_pattern_17	96
gastro_circular_muscle_1_pos_pattern_18	96
gland_neg_pattern_4	223
gastro_unknown_1_pos_pattern_11	223
epidermis_1_neg_pattern_11	223
neuronal_pos_pattern_3	223
neuronal_neg_pattern_4	223
EMS_neg_pattern_3	223
NPC_neg_pattern_7	223
precursors_3_neg_pattern_5	223
digestive_filaments_2_neg_pattern_7	223
muscle_2_pos_pattern_19	246
precursors_2_pos_pattern_16	246
gastro_unknown_2_pos_pattern_20	246
cnidocyte_pos_pattern_16	246
ecto_aboral_pos_pattern_37	246
neuronal_pos_pattern_10	246
ectoderm_pos_pattern_21	246
ecto_aboral_pos_pattern_25	246
gland_mucin_pos_pattern_14	246
neuron_GATA_Islet_1_neg_pattern_6	256
muscle_2_pos_pattern_10	256
cnidocyte_gastrula_pos_pattern_11	256
gastro_circular_muscle_2_pos_pattern_15	256
neuronal_pos_pattern_11	256
EMS_ecto_boundary_pos_pattern_13	256
precursors_2_pos_pattern_8	256
precursors_2_pos_pattern_14	256
ecto_pharynx_pos_pattern_18	256
neuron_GATA_Islet_1_pos_pattern_33	267
digestive_filaments_1_pos_pattern_48	267
ecto_aboral_pos_pattern_46	267
gland_neg_pattern_13	267
ecto_aboral_neg_pattern_18	267
ecto_aboral_neg_pattern_16	267
EMS_ecto_boundary_neg_pattern_17	267
gland_mucin_neg_pattern_19	267
gland_mucin_neg_pattern_9	267
digestive_filaments_1_pos_pattern_13	62
cnidocyte_pos_pattern_13	62
digestive_filaments_2_pos_pattern_17	62
gastro_circular_muscle_2_pos_pattern_24	62
ecto_aboral_pos_pattern_19	62
gastro_circular_muscle_1_pos_pattern_20	62
ecto_pharynx_pos_pattern_7	62
digestive_filaments_1_neg_pattern_6	62
ecto_aboral_neg_pattern_5	93
epidermis_1_neg_pattern_0	93
ectoderm_pos_pattern_5	93
EMS_ecto_boundary_pos_pattern_6	93
NPC_pos_pattern_4	93
NPC_neg_pattern_6	93
gland_mucin_neg_pattern_0	93
ecto_pharynx_neg_pattern_1	93
epidermis_1_pos_pattern_33	142
precursors_1_pos_pattern_16	142
gastro_circular_muscle_1_pos_pattern_32	142
digestive_filaments_2_pos_pattern_21	142
gastro_circular_muscle_2_pos_pattern_18	142
ectoderm_pos_pattern_22	142
gastro_parietal_muscle_pos_pattern_23	142
digestive_filaments_1_pos_pattern_25	142
gastro_unknown_2_pos_pattern_13	201
ecto_aboral_pos_pattern_21	201
gland_pos_pattern_14	201
digestive_filaments_2_pos_pattern_43	201
gland_mucin_pos_pattern_10	201
EMS_neg_pattern_6	201
gland_mucin_neg_pattern_2	201
NPC_neg_pattern_18	201
gland_mucin_pos_pattern_8	220
EMS_pos_pattern_3	220
cnidocyte_pos_pattern_3	220
precursors_2_neg_pattern_7	220
neuron_Pou4_FoxL2_2_pos_pattern_2	220
precursors_2_pos_pattern_4	220
precursors_3_pos_pattern_9	220
cnidocyte_neg_pattern_3	220
NPC_pos_pattern_21	31
ectoderm_pos_pattern_16	31
ecto_pharynx_pos_pattern_16	31
ecto_aboral_pos_pattern_17	31
gland_mucin_pos_pattern_9	31
digestive_filaments_2_pos_pattern_20	31
gland_mucin_pos_pattern_16	31
digestive_filaments_2_pos_pattern_25	80
EMS_ecto_boundary_pos_pattern_22	80
ecto_pharynx_pos_pattern_20	80
gland_mucin_pos_pattern_21	80
gland_pos_pattern_20	80
cnidocyte_pos_pattern_21	80
gastro_unknown_2_pos_pattern_25	80
ecto_aboral_neg_pattern_4	92
gastro_circular_muscle_1_neg_pattern_2	92
gastro_circular_muscle_2_neg_pattern_2	92
cnidocyte_gastrula_neg_pattern_5	92
NPC_neg_pattern_3	92
epidermis_1_neg_pattern_4	92
gastro_unknown_1_neg_pattern_0	92
ecto_aboral_pos_pattern_31	102
neuron_GATA_Islet_1_pos_pattern_17	102
ectoderm_pos_pattern_25	102
muscle_1_pos_pattern_11	102
precursors_1_pos_pattern_24	102
digestive_filaments_1_pos_pattern_19	102
EMS_pos_pattern_12	102
ecto_pharynx_neg_pattern_12	112
precursors_2_neg_pattern_6	112
ecto_aboral_neg_pattern_1	112
EMS_neg_pattern_7	112
epidermis_1_neg_pattern_7	112
gland_neg_pattern_7	112
muscle_2_neg_pattern_3	112
ectoderm_pos_pattern_35	132
ectoderm_pos_pattern_19	132
ecto_aboral_pos_pattern_13	132
epidermis_1_pos_pattern_15	132
epidermis_1_neg_pattern_8	132
epidermis_1_pos_pattern_4	132
ectoderm_neg_pattern_5	132
gland_mucin_pos_pattern_20	212
gastro_unknown_2_pos_pattern_15	212
gastro_parietal_muscle_pos_pattern_32	212
digestive_filaments_2_pos_pattern_16	212
ecto_aboral_pos_pattern_53	212
epidermis_1_pos_pattern_21	212
gastro_circular_muscle_1_pos_pattern_36	212
gland_mucin_pos_pattern_29	216
ecto_pharynx_pos_pattern_28	216
digestive_filaments_1_pos_pattern_31	216
ectoderm_pos_pattern_31	216
gland_pos_pattern_27	216
gastro_circular_muscle_2_pos_pattern_22	216
neuron_Pou4_FoxL2_2_pos_pattern_17	216
gland_pos_pattern_46	236
neuron_GATA_Islet_1_pos_pattern_19	236
gastro_circular_muscle_1_pos_pattern_22	236
digestive_filaments_2_pos_pattern_33	236
epidermis_1_pos_pattern_22	236
gastro_parietal_muscle_pos_pattern_21	236
precursors_1_pos_pattern_18	236
muscle_1_pos_pattern_21	243
digestive_filaments_2_pos_pattern_47	243
digestive_filaments_1_pos_pattern_15	243
gastro_parietal_muscle_pos_pattern_28	243
precursors_2_pos_pattern_27	243
gastro_circular_muscle_1_pos_pattern_28	243
EMS_ecto_boundary_neg_pattern_10	243
precursors_1_pos_pattern_25	292
neuron_GATA_Islet_1_pos_pattern_24	292
gland_pos_pattern_23	292
digestive_filaments_1_pos_pattern_30	292
gastro_parietal_muscle_pos_pattern_40	292
gastro_circular_muscle_1_pos_pattern_27	292
EMS_ecto_boundary_pos_pattern_21	292
cnidocyte_gastrula_neg_pattern_11	39
gastro_circular_muscle_1_pos_pattern_3	39
ecto_pharynx_neg_pattern_14	39
digestive_filaments_1_neg_pattern_11	39
ecto_aboral_neg_pattern_11	39
NPC_neg_pattern_19	39
cnidocyte_pos_pattern_14	52
neuron_Pou4_FoxL2_2_pos_pattern_11	52
cnidocyte_gastrula_pos_pattern_10	52
neuron_Pou4_FoxL2_2_neg_pattern_2	52
cnidocyte_pos_pattern_15	52
cnidocyte_gastrula_neg_pattern_8	52
gastro_circular_muscle_2_pos_pattern_16	164
EMS_ecto_boundary_pos_pattern_15	164
muscle_2_pos_pattern_11	164
gastro_circular_muscle_1_neg_pattern_10	164
muscle_2_neg_pattern_6	164
ectoderm_neg_pattern_15	164
gastro_circular_muscle_2_pos_pattern_19	165
digestive_filaments_1_pos_pattern_23	165
gastro_unknown_2_pos_pattern_16	165
gastro_circular_muscle_2_pos_pattern_29	165
precursors_3_pos_pattern_15	165
gastro_unknown_1_pos_pattern_7	165
gastro_parietal_muscle_pos_pattern_46	184
gastro_circular_muscle_1_pos_pattern_15	184
gastro_parietal_muscle_pos_pattern_15	184
gastro_circular_muscle_2_pos_pattern_12	184
gastro_circular_muscle_2_neg_pattern_9	184
gastro_circular_muscle_1_neg_pattern_9	184
gland_mucin_pos_pattern_18	211
neuronal_neg_pattern_13	211
gastro_unknown_2_neg_pattern_8	211
ectoderm_neg_pattern_12	211
EMS_ecto_boundary_neg_pattern_7	211
gastro_unknown_2_neg_pattern_7	211
neuron_Pou4_FoxL2_2_pos_pattern_19	275
ectoderm_pos_pattern_29	275
muscle_1_pos_pattern_16	275
neuron_GATA_Islet_1_pos_pattern_22	275
epidermis_1_pos_pattern_30	275
digestive_filaments_1_pos_pattern_24	275
precursors_1_neg_pattern_11	285
ecto_aboral_pos_pattern_12	285
NPC_pos_pattern_13	285
precursors_2_pos_pattern_12	285
muscle_2_pos_pattern_4	285
neuron_GATA_Islet_1_pos_pattern_12	285
precursors_1_neg_pattern_3	286
cnidocyte_pos_pattern_8	286
precursors_3_pos_pattern_4	286
precursors_3_neg_pattern_3	286
gastro_unknown_2_pos_pattern_11	286
muscle_2_pos_pattern_17	286
EMS_ecto_boundary_neg_pattern_16	1
ectoderm_neg_pattern_17	1
muscle_2_neg_pattern_11	1
EMS_neg_pattern_9	1
ectoderm_neg_pattern_16	1
EMS_ecto_boundary_pos_pattern_35	8
gastro_parietal_muscle_pos_pattern_26	8
EMS_ecto_boundary_pos_pattern_38	8
precursors_2_pos_pattern_30	8
gastro_unknown_2_neg_pattern_6	8
cnidocyte_gastrula_pos_pattern_3	45
NPC_neg_pattern_13	45
precursors_3_pos_pattern_7	45
precursors_3_neg_pattern_1	45
neuronal_neg_pattern_0	45
cnidocyte_pos_pattern_12	51
gastro_parietal_muscle_pos_pattern_24	51
digestive_filaments_1_pos_pattern_22	51
epidermis_1_pos_pattern_23	51
gastro_parietal_muscle_neg_pattern_8	51
cnidocyte_pos_pattern_23	54
gastro_parietal_muscle_pos_pattern_38	54
EMS_ecto_boundary_pos_pattern_31	54
precursors_2_pos_pattern_20	54
digestive_filaments_2_pos_pattern_28	54
cnidocyte_pos_pattern_28	56
cnidocyte_pos_pattern_17	56
neuronal_pos_pattern_9	56
neuronal_pos_pattern_8	56
gastro_circular_muscle_2_pos_pattern_30	56
digestive_filaments_2_neg_pattern_6	76
digestive_filaments_2_pos_pattern_15	76
digestive_filaments_2_pos_pattern_11	76
EMS_ecto_boundary_neg_pattern_4	76
EMS_ecto_boundary_pos_pattern_4	76
digestive_filaments_2_pos_pattern_46	90
neuron_GATA_Islet_1_pos_pattern_36	90
gastro_circular_muscle_1_pos_pattern_37	90
gastro_parietal_muscle_pos_pattern_31	90
precursors_1_pos_pattern_26	90
ectoderm_neg_pattern_7	125
digestive_filaments_1_neg_pattern_5	125
NPC_neg_pattern_5	125
EMS_ecto_boundary_neg_pattern_13	125
EMS_neg_pattern_2	125
gastro_unknown_1_pos_pattern_27	195
cnidocyte_neg_pattern_8	195
gastro_circular_muscle_1_pos_pattern_25	195
digestive_filaments_1_pos_pattern_14	195
gastro_circular_muscle_1_neg_pattern_7	195
gland_pos_pattern_18	225
cnidocyte_pos_pattern_18	225
EMS_pos_pattern_16	225
ectoderm_pos_pattern_17	225
epidermis_1_pos_pattern_28	225
gland_pos_pattern_37	230
muscle_2_pos_pattern_13	230
neuron_Pou4_FoxL2_2_pos_pattern_18	230
neuronal_pos_pattern_13	230
neuronal_pos_pattern_19	230
gland_pos_pattern_44	234
neuron_GATA_Islet_1_pos_pattern_38	234
cnidocyte_pos_pattern_31	234
EMS_ecto_boundary_pos_pattern_26	234
cnidocyte_gastrula_pos_pattern_24	234
neuron_Pou4_FoxL2_2_neg_pattern_6	273
digestive_filaments_2_pos_pattern_34	273
precursors_2_pos_pattern_21	273
neuron_GATA_Islet_1_neg_pattern_5	273
EMS_ecto_boundary_pos_pattern_30	273
neuronal_neg_pattern_14	280
ecto_pharynx_neg_pattern_16	280
EMS_neg_pattern_15	280
gland_mucin_neg_pattern_11	280
EMS_ecto_boundary_neg_pattern_9	280
neuronal_pos_pattern_0	281
ectoderm_neg_pattern_3	281
muscle_2_neg_pattern_7	281
NPC_pos_pattern_11	281
digestive_filaments_1_neg_pattern_10	281
precursors_1_pos_pattern_20	291
epidermis_1_pos_pattern_27	291
EMS_pos_pattern_18	291
gastro_parietal_muscle_pos_pattern_20	291
muscle_2_pos_pattern_16	291
precursors_1_pos_pattern_36	296
neuron_Pou4_FoxL2_2_pos_pattern_22	296
muscle_1_pos_pattern_20	296
neuronal_pos_pattern_23	296
precursors_2_pos_pattern_22	296
precursors_2_pos_pattern_11	301
epidermis_1_neg_pattern_6	301
gastro_circular_muscle_2_neg_pattern_7	301
ecto_aboral_neg_pattern_10	301
gastro_circular_muscle_1_neg_pattern_5	301
EMS_pos_pattern_22	20
digestive_filaments_2_pos_pattern_27	20
precursors_1_pos_pattern_17	20
muscle_2_pos_pattern_18	20
cnidocyte_gastrula_pos_pattern_30	46
cnidocyte_gastrula_pos_pattern_26	46
cnidocyte_pos_pattern_26	46
neuron_Pou4_FoxL2_2_neg_pattern_10	46
cnidocyte_pos_pattern_1	50
cnidocyte_gastrula_neg_pattern_0	50
EMS_ecto_boundary_neg_pattern_15	50
cnidocyte_neg_pattern_1	50
digestive_filaments_1_pos_pattern_17	63
gland_mucin_pos_pattern_17	63
gland_neg_pattern_8	63
digestive_filaments_2_pos_pattern_5	63
ecto_aboral_pos_pattern_14	95
ectoderm_neg_pattern_11	95
ecto_aboral_neg_pattern_9	95
ectoderm_pos_pattern_11	95
ecto_pharynx_pos_pattern_15	114
ecto_pharynx_neg_pattern_8	114
EMS_ecto_boundary_neg_pattern_2	114
gastro_unknown_2_pos_pattern_17	114
ectoderm_pos_pattern_30	130
ecto_aboral_pos_pattern_32	130
precursors_3_pos_pattern_23	130
ectoderm_pos_pattern_26	130
gastro_parietal_muscle_pos_pattern_19	176
cnidocyte_pos_pattern_20	176
gastro_unknown_2_pos_pattern_19	176
precursors_2_pos_pattern_19	176
gastro_parietal_muscle_pos_pattern_37	179
digestive_filaments_1_pos_pattern_29	179
precursors_3_pos_pattern_31	179
epidermis_1_pos_pattern_31	179
gastro_unknown_1_pos_pattern_15	190
epidermis_1_neg_pattern_1	190
gastro_unknown_1_neg_pattern_2	190
epidermis_1_pos_pattern_14	190
gland_neg_pattern_12	221
EMS_neg_pattern_10	221
ecto_pharynx_neg_pattern_18	221
neuronal_neg_pattern_12	221
gland_pos_pattern_47	237
digestive_filaments_1_pos_pattern_49	237
ecto_pharynx_pos_pattern_32	237
cnidocyte_gastrula_pos_pattern_25	237
muscle_1_pos_pattern_14	240
ecto_aboral_pos_pattern_28	240
cnidocyte_gastrula_pos_pattern_23	240
gland_mucin_pos_pattern_19	240
neuron_GATA_Islet_1_neg_pattern_7	257
digestive_filaments_2_pos_pattern_36	257
cnidocyte_gastrula_neg_pattern_6	257
gland_mucin_neg_pattern_16	257
neuron_GATA_Islet_1_pos_pattern_14	259
muscle_1_pos_pattern_9	259
epidermis_1_pos_pattern_32	259
epidermis_1_pos_pattern_19	259
neuron_GATA_Islet_1_pos_pattern_39	269
gastro_unknown_2_pos_pattern_30	269
gastro_unknown_1_pos_pattern_20	269
NPC_pos_pattern_20	269
neuron_Pou4_FoxL2_2_pos_pattern_20	276
precursors_2_pos_pattern_25	276
gastro_circular_muscle_2_pos_pattern_21	276
gastro_unknown_1_pos_pattern_23	276
precursors_1_pos_pattern_15	289
gland_pos_pattern_17	289
ectoderm_pos_pattern_33	289
ecto_aboral_pos_pattern_35	289
precursors_2_neg_pattern_10	298
muscle_2_neg_pattern_9	298
ecto_aboral_pos_pattern_23	298
neuron_GATA_Islet_1_neg_pattern_4	298
precursors_2_neg_pattern_9	300
muscle_2_neg_pattern_5	300
epidermis_1_neg_pattern_9	300
neuronal_neg_pattern_8	300
precursors_2_pos_pattern_31	303
NPC_pos_pattern_25	303
muscle_2_pos_pattern_24	303
gland_mucin_pos_pattern_27	303
precursors_3_pos_pattern_16	311
digestive_filaments_1_pos_pattern_42	311
neuronal_pos_pattern_7	311
EMS_ecto_boundary_neg_pattern_12	311
precursors_3_pos_pattern_30	317
neuronal_neg_pattern_11	317
EMS_ecto_boundary_neg_pattern_18	317
EMS_ecto_boundary_neg_pattern_8	317
EMS_ecto_boundary_pos_pattern_36	9
muscle_2_pos_pattern_21	9
gastro_unknown_2_pos_pattern_23	9
EMS_ecto_boundary_pos_pattern_45	14
gland_pos_pattern_41	14
digestive_filaments_1_pos_pattern_46	14
EMS_neg_pattern_11	15
gastro_parietal_muscle_neg_pattern_10	15
gastro_unknown_2_neg_pattern_5	15
EMS_pos_pattern_35	26
gland_mucin_pos_pattern_28	26
precursors_2_pos_pattern_26	26
NPC_pos_pattern_17	29
EMS_pos_pattern_14	29
cnidocyte_pos_pattern_11	29
cnidocyte_gastrula_pos_pattern_21	43
ecto_aboral_pos_pattern_42	43
gastro_circular_muscle_1_pos_pattern_24	43
cnidocyte_gastrula_pos_pattern_35	49
gastro_circular_muscle_1_neg_pattern_8	49
digestive_filaments_1_neg_pattern_8	49
cnidocyte_pos_pattern_25	55
gastro_circular_muscle_1_pos_pattern_41	55
epidermis_1_pos_pattern_44	55
cnidocyte_pos_pattern_33	60
digestive_filaments_2_pos_pattern_29	60
muscle_2_pos_pattern_23	60
digestive_filaments_1_pos_pattern_37	68
gastro_circular_muscle_1_pos_pattern_35	68
muscle_2_pos_pattern_29	68
digestive_filaments_2_pos_pattern_32	82
digestive_filaments_2_neg_pattern_12	82
gastro_circular_muscle_2_neg_pattern_10	82
digestive_filaments_2_pos_pattern_37	84
digestive_filaments_1_pos_pattern_35	84
epidermis_1_pos_pattern_34	84
digestive_filaments_2_pos_pattern_42	87
precursors_1_pos_pattern_31	87
ecto_aboral_neg_pattern_13	87
digestive_filaments_2_pos_pattern_44	88
gastro_circular_muscle_2_pos_pattern_33	88
digestive_filaments_2_pos_pattern_40	88
ecto_aboral_pos_pattern_29	101
neuron_Pou4_FoxL2_2_pos_pattern_10	101
epidermis_1_pos_pattern_25	101
ecto_aboral_pos_pattern_39	105
EMS_ecto_boundary_pos_pattern_25	105
NPC_pos_pattern_35	105
ecto_aboral_pos_pattern_41	107
ectoderm_pos_pattern_32	107
gastro_parietal_muscle_pos_pattern_27	107
ecto_aboral_pos_pattern_50	110
gland_mucin_pos_pattern_34	110
muscle_2_pos_pattern_36	110
ecto_pharynx_pos_pattern_33	119
cnidocyte_pos_pattern_24	119
NPC_pos_pattern_32	119
ectoderm_pos_pattern_41	137
digestive_filaments_1_pos_pattern_40	137
gastro_unknown_2_pos_pattern_33	137
epidermis_1_neg_pattern_10	139
gland_neg_pattern_11	139
gastro_unknown_1_pos_pattern_17	139
epidermis_1_pos_pattern_41	145
epidermis_1_pos_pattern_37	145
digestive_filaments_1_pos_pattern_18	145
gastro_circular_muscle_1_pos_pattern_45	159
neuronal_pos_pattern_28	159
precursors_3_pos_pattern_36	159
gastro_circular_muscle_2_neg_pattern_5	162
gastro_parietal_muscle_pos_pattern_18	162
ecto_aboral_neg_pattern_3	162
gastro_circular_muscle_2_pos_pattern_0	163
precursors_3_neg_pattern_7	163
gastro_circular_muscle_2_neg_pattern_0	163
gastro_circular_muscle_2_pos_pattern_25	166
gastro_unknown_1_pos_pattern_33	166
EMS_pos_pattern_33	166
gastro_circular_muscle_2_pos_pattern_34	169
gland_mucin_pos_pattern_30	169
precursors_1_pos_pattern_28	169
gastro_unknown_1_neg_pattern_1	187
gland_mucin_pos_pattern_35	187
epidermis_1_pos_pattern_38	187
gastro_unknown_1_pos_pattern_26	194
precursors_1_pos_pattern_22	194
gastro_parietal_muscle_neg_pattern_11	194
gastro_unknown_2_pos_pattern_35	205
EMS_pos_pattern_17	205
gastro_parietal_muscle_pos_pattern_33	205
gland_mucin_neg_pattern_3	209
NPC_neg_pattern_1	209
precursors_2_neg_pattern_1	209
gland_mucin_pos_pattern_23	213
epidermis_1_pos_pattern_42	213
precursors_2_pos_pattern_17	213
gland_mucin_pos_pattern_25	214
EMS_pos_pattern_19	214
cnidocyte_gastrula_pos_pattern_16	214
gland_mucin_pos_pattern_26	215
muscle_2_pos_pattern_34	215
EMS_pos_pattern_26	215
muscle_2_pos_pattern_37	249
ecto_pharynx_neg_pattern_17	249
EMS_neg_pattern_17	249
neuron_GATA_Islet_1_pos_pattern_23	262
neuron_Pou4_FoxL2_2_pos_pattern_16	262
gastro_circular_muscle_1_pos_pattern_26	262
neuron_GATA_Islet_1_pos_pattern_25	263
precursors_1_pos_pattern_13	263
gland_pos_pattern_13	263
neuron_Pou4_FoxL2_2_neg_pattern_3	271
precursors_2_neg_pattern_8	271
gland_mucin_neg_pattern_4	271
neuronal_pos_pattern_27	284
precursors_3_neg_pattern_14	284
cnidocyte_neg_pattern_7	284
precursors_1_pos_pattern_12	287
precursors_3_pos_pattern_13	287
precursors_3_pos_pattern_10	287
precursors_2_pos_pattern_24	302
muscle_2_pos_pattern_25	302
epidermis_1_pos_pattern_29	302
precursors_3_neg_pattern_13	308
gastro_unknown_1_neg_pattern_9	308
gland_mucin_neg_pattern_12	308
precursors_3_pos_pattern_28	316
muscle_2_pos_pattern_31	316
muscle_2_pos_pattern_14	316
EMS_ecto_boundary_pos_pattern_16	2
gland_pos_pattern_33	2
EMS_ecto_boundary_pos_pattern_23	4
ecto_aboral_neg_pattern_17	4
EMS_ecto_boundary_pos_pattern_27	6
precursors_2_pos_pattern_29	6
EMS_ecto_boundary_pos_pattern_34	7
cnidocyte_gastrula_pos_pattern_17	7
EMS_ecto_boundary_pos_pattern_39	11
precursors_3_pos_pattern_24	11
EMS_neg_pattern_13	16
gastro_unknown_2_neg_pattern_10	16
EMS_pos_pattern_15	18
ecto_pharynx_pos_pattern_24	18
EMS_pos_pattern_21	19
gland_mucin_neg_pattern_7	19
EMS_pos_pattern_24	22
gland_pos_pattern_26	22
NPC_neg_pattern_15	27
precursors_3_neg_pattern_8	27
NPC_neg_pattern_21	28
digestive_filaments_2_neg_pattern_14	28
NPC_pos_pattern_18	30
precursors_3_pos_pattern_18	30
NPC_pos_pattern_23	33
digestive_filaments_1_pos_pattern_27	33
NPC_pos_pattern_28	35
neuronal_pos_pattern_24	35
cnidocyte_gastrula_pos_pattern_31	47
EMS_pos_pattern_30	47
cnidocyte_pos_pattern_29	57
EMS_pos_pattern_29	57
cnidocyte_pos_pattern_30	58
NPC_pos_pattern_31	58
digestive_filaments_1_neg_pattern_7	61
digestive_filaments_1_pos_pattern_20	61
digestive_filaments_1_pos_pattern_28	65
NPC_pos_pattern_29	65
digestive_filaments_1_pos_pattern_36	67
ecto_aboral_pos_pattern_52	67
digestive_filaments_1_pos_pattern_38	69
precursors_2_pos_pattern_28	69
digestive_filaments_1_pos_pattern_45	71
gastro_unknown_2_pos_pattern_14	71
digestive_filaments_1_pos_pattern_50	73
digestive_filaments_1_pos_pattern_33	73
digestive_filaments_2_neg_pattern_11	74
NPC_neg_pattern_10	74
digestive_filaments_2_neg_pattern_9	77
muscle_2_pos_pattern_28	77
digestive_filaments_2_pos_pattern_24	79
precursors_3_pos_pattern_26	79
digestive_filaments_2_pos_pattern_35	83
muscle_2_pos_pattern_20	83
ecto_aboral_pos_pattern_20	97
neuron_GATA_Islet_1_neg_pattern_11	97
ecto_aboral_pos_pattern_22	98
ecto_aboral_neg_pattern_15	98
ecto_aboral_pos_pattern_38	104
ecto_pharynx_pos_pattern_25	104
ecto_aboral_pos_pattern_49	109
gastro_circular_muscle_2_neg_pattern_11	109
ecto_pharynx_pos_pattern_19	115
EMS_ecto_boundary_pos_pattern_18	115
ecto_pharynx_pos_pattern_31	118
ecto_aboral_pos_pattern_47	118
ecto_pharynx_pos_pattern_34	120
NPC_pos_pattern_33	120
ecto_pharynx_pos_pattern_35	121
neuron_GATA_Islet_1_neg_pattern_9	121
ectoderm_neg_pattern_2	124
gastro_unknown_2_pos_pattern_29	124
ectoderm_pos_pattern_13	126
gastro_unknown_1_pos_pattern_19	126
ectoderm_pos_pattern_27	129
ecto_pharynx_pos_pattern_21	129
ectoderm_pos_pattern_34	131
muscle_1_pos_pattern_18	131
ectoderm_pos_pattern_39	135
EMS_ecto_boundary_pos_pattern_33	135
ectoderm_pos_pattern_40	136
ecto_pharynx_pos_pattern_23	136
epidermis_1_pos_pattern_36	143
neuronal_neg_pattern_7	143
epidermis_1_pos_pattern_39	144
neuron_Pou4_FoxL2_2_pos_pattern_21	144
epidermis_1_pos_pattern_43	146
EMS_pos_pattern_28	146
gastro_circular_muscle_1_neg_pattern_12	148
precursors_3_neg_pattern_11	148
gastro_circular_muscle_1_pos_pattern_29	151
gastro_unknown_2_pos_pattern_24	151
gastro_circular_muscle_1_pos_pattern_30	152
neuron_GATA_Islet_1_pos_pattern_28	152
gastro_circular_muscle_1_pos_pattern_34	154
neuron_GATA_Islet_1_pos_pattern_20	154
gastro_circular_muscle_1_pos_pattern_38	155
cnidocyte_neg_pattern_10	155
gastro_circular_muscle_1_pos_pattern_43	158
gastro_circular_muscle_2_neg_pattern_13	158
gastro_circular_muscle_1_pos_pattern_9	161
ecto_pharynx_neg_pattern_5	161
gastro_circular_muscle_2_pos_pattern_28	167
EMS_ecto_boundary_pos_pattern_41	167
gastro_circular_muscle_2_pos_pattern_35	170
gland_pos_pattern_36	170
gastro_parietal_muscle_neg_pattern_14	173
gastro_unknown_2_neg_pattern_9	173
gastro_parietal_muscle_neg_pattern_7	174
EMS_ecto_boundary_neg_pattern_14	174
gastro_parietal_muscle_pos_pattern_16	175
gastro_circular_muscle_1_pos_pattern_17	175
gastro_parietal_muscle_pos_pattern_35	178
gastro_circular_muscle_2_pos_pattern_26	178
gastro_parietal_muscle_pos_pattern_41	180
ecto_pharynx_pos_pattern_29	180
gastro_parietal_muscle_pos_pattern_43	182
gastro_circular_muscle_1_pos_pattern_46	182
gastro_parietal_muscle_pos_pattern_44	183
gland_mucin_pos_pattern_24	183
gastro_parietal_muscle_pos_pattern_48	186
epidermis_1_pos_pattern_35	186
gastro_unknown_1_neg_pattern_5	189
neuronal_neg_pattern_9	189
gastro_unknown_1_pos_pattern_18	191
gastro_unknown_1_pos_pattern_21	191
gastro_unknown_2_pos_pattern_10	199
gastro_circular_muscle_1_pos_pattern_11	199
gastro_unknown_2_pos_pattern_36	206
ecto_pharynx_pos_pattern_30	206
gland_mucin_neg_pattern_18	208
gland_mucin_neg_pattern_21	208
gland_mucin_pos_pattern_15	210
ectoderm_neg_pattern_9	210
gland_mucin_pos_pattern_33	218
muscle_1_pos_pattern_19	218
gland_mucin_pos_pattern_38	219
gastro_unknown_2_pos_pattern_22	219
muscle_1_pos_pattern_22	244
gastro_parietal_muscle_pos_pattern_45	244
muscle_2_pos_pattern_32	247
ectoderm_pos_pattern_36	247
muscle_2_pos_pattern_42	254
muscle_2_pos_pattern_30	254
neuron_GATA_Islet_1_neg_pattern_8	258
neuronal_pos_pattern_25	258
neuron_GATA_Islet_1_pos_pattern_16	260
neuron_GATA_Islet_1_pos_pattern_18	260
neuron_GATA_Islet_1_pos_pattern_37	268
gland_pos_pattern_35	268
neuron_Pou4_FoxL2_2_neg_pattern_5	272
cnidocyte_neg_pattern_5	272
neuronal_neg_pattern_1	279
gastro_parietal_muscle_neg_pattern_6	279
neuronal_pos_pattern_26	283
gastro_unknown_1_pos_pattern_37	283
precursors_1_pos_pattern_37	297
precursors_3_pos_pattern_29	297
precursors_2_pos_pattern_33	304
neuron_GATA_Islet_1_pos_pattern_34	304
precursors_2_pos_pattern_35	306
EMS_ecto_boundary_pos_pattern_29	306
precursors_3_neg_pattern_2	309
digestive_filaments_2_pos_pattern_19	309
precursors_3_pos_pattern_14	310
gastro_parietal_muscle_neg_pattern_13	310
precursors_3_pos_pattern_25	314
precursors_1_pos_pattern_21	314
precursors_3_pos_pattern_27	315
precursors_3_pos_pattern_22	315
precursors_3_pos_pattern_33	318
NPC_pos_pattern_19	318
precursors_3_pos_pattern_34	319
ecto_pharynx_pos_pattern_17	319
EMS_ecto_boundary_pos_pattern_19	3
EMS_ecto_boundary_pos_pattern_24	5
EMS_ecto_boundary_pos_pattern_37	10
EMS_ecto_boundary_pos_pattern_40	12
EMS_ecto_boundary_pos_pattern_44	13
EMS_neg_pattern_14	17
EMS_pos_pattern_23	21
EMS_pos_pattern_31	23
EMS_pos_pattern_32	24
EMS_pos_pattern_34	25
NPC_pos_pattern_22	32
NPC_pos_pattern_26	34
NPC_pos_pattern_34	36
NPC_pos_pattern_36	37
NPC_pos_pattern_37	38
cnidocyte_gastrula_neg_pattern_9	41
cnidocyte_gastrula_pos_pattern_28	44
cnidocyte_gastrula_pos_pattern_34	48
cnidocyte_pos_pattern_22	53
cnidocyte_pos_pattern_32	59
digestive_filaments_1_pos_pattern_34	66
digestive_filaments_1_pos_pattern_39	70
digestive_filaments_1_pos_pattern_47	72
digestive_filaments_2_pos_pattern_31	81
digestive_filaments_2_pos_pattern_38	85
digestive_filaments_2_pos_pattern_41	86
digestive_filaments_2_pos_pattern_45	89
digestive_filaments_2_pos_pattern_48	91
ecto_aboral_pos_pattern_26	99
ecto_aboral_pos_pattern_27	100
ecto_aboral_pos_pattern_33	103
ecto_aboral_pos_pattern_40	106
ecto_aboral_pos_pattern_48	108
ecto_pharynx_neg_pattern_6	113
ecto_pharynx_pos_pattern_22	116
ecto_pharynx_pos_pattern_26	117
ectoderm_neg_pattern_10	122
ectoderm_neg_pattern_19	123
ectoderm_pos_pattern_37	133
ectoderm_pos_pattern_38	134
ectoderm_pos_pattern_42	138
epidermis_1_neg_pattern_16	140
gastro_circular_muscle_1_pos_pattern_19	150
gastro_circular_muscle_1_pos_pattern_33	153
gastro_circular_muscle_1_pos_pattern_40	156
gastro_circular_muscle_1_pos_pattern_42	157
gastro_circular_muscle_1_pos_pattern_48	160
gastro_circular_muscle_2_pos_pattern_31	168
gastro_parietal_muscle_neg_pattern_1	171
gastro_parietal_muscle_neg_pattern_12	172
gastro_parietal_muscle_pos_pattern_42	181
gastro_parietal_muscle_pos_pattern_47	185
gastro_unknown_1_neg_pattern_10	188
gastro_unknown_1_pos_pattern_22	192
gastro_unknown_1_pos_pattern_25	193
gastro_unknown_1_pos_pattern_28	196
gastro_unknown_1_pos_pattern_35	197
gastro_unknown_1_pos_pattern_36	198
gastro_unknown_2_pos_pattern_21	202
gastro_unknown_2_pos_pattern_26	203
gastro_unknown_2_pos_pattern_34	204
gland_mucin_neg_pattern_10	207
gland_neg_pattern_14	222
gland_pos_pattern_24	226
gland_pos_pattern_30	227
gland_pos_pattern_31	228
gland_pos_pattern_32	229
gland_pos_pattern_39	231
gland_pos_pattern_40	232
gland_pos_pattern_42	233
gland_pos_pattern_45	235
muscle_1_neg_pattern_7	239
muscle_1_pos_pattern_17	242
muscle_2_pos_pattern_35	248
muscle_2_pos_pattern_38	250
muscle_2_pos_pattern_39	251
muscle_2_pos_pattern_40	252
muscle_2_pos_pattern_41	253
muscle_2_pos_pattern_43	255
neuron_GATA_Islet_1_pos_pattern_29	265
neuron_GATA_Islet_1_pos_pattern_32	266
neuronal_pos_pattern_17	282
precursors_1_pos_pattern_29	293
precursors_1_pos_pattern_32	294
precursors_1_pos_pattern_34	295
precursors_2_neg_pattern_4	299
precursors_2_pos_pattern_34	305
precursors_2_pos_pattern_37	307
precursors_3_pos_pattern_21	313
precursors_3_pos_pattern_38	320
