pattern	cell_type	contribution
cnidocyte_pos_pattern_0	cnidocyte	0.0121912085521139
cnidocyte_pos_pattern_1	cnidocyte	0.00726893076715652
cnidocyte_pos_pattern_10	cnidocyte	0.00429142956651692
cnidocyte_pos_pattern_11	cnidocyte	0.00512696472944412
cnidocyte_pos_pattern_12	cnidocyte	0.00505525225310986
cnidocyte_pos_pattern_13	cnidocyte	0.00364347081852639
cnidocyte_pos_pattern_14	cnidocyte	0.00439194054670737
cnidocyte_pos_pattern_15	cnidocyte	0.00391098403412363
cnidocyte_pos_pattern_16	cnidocyte	0.00329571645616909
cnidocyte_pos_pattern_17	cnidocyte	0.00305816141098582
cnidocyte_pos_pattern_18	cnidocyte	0.00417099660531634
cnidocyte_pos_pattern_19	cnidocyte	0.00764148885553533
cnidocyte_pos_pattern_2	cnidocyte	0.00787245717310222
cnidocyte_pos_pattern_20	cnidocyte	0.00946433544158936
cnidocyte_pos_pattern_21	cnidocyte	0.00562222169177367
cnidocyte_pos_pattern_22	cnidocyte	0.00799053971485425
cnidocyte_pos_pattern_23	cnidocyte	0.0096138041952382
cnidocyte_pos_pattern_24	cnidocyte	0.011212474421451
cnidocyte_pos_pattern_25	cnidocyte	0.00474337677457439
cnidocyte_pos_pattern_26	cnidocyte	0.00745609828404018
cnidocyte_pos_pattern_27	cnidocyte	0.00254351042565845
cnidocyte_pos_pattern_28	cnidocyte	0.00315707070486886
cnidocyte_pos_pattern_29	cnidocyte	0.00458222466546136
cnidocyte_pos_pattern_3	cnidocyte	0.0070017254621614
cnidocyte_pos_pattern_30	cnidocyte	0.0064389705657959
cnidocyte_pos_pattern_31	cnidocyte	0.00331422260829381
cnidocyte_pos_pattern_32	cnidocyte	0.00650545266958383
cnidocyte_pos_pattern_33	cnidocyte	0.0062106450398763
cnidocyte_pos_pattern_34	cnidocyte	0.00189774036407471
cnidocyte_pos_pattern_4	cnidocyte	0.00711123204678133
cnidocyte_pos_pattern_5	cnidocyte	0.00889471378660297
cnidocyte_pos_pattern_6	cnidocyte	0.00802537005209243
cnidocyte_pos_pattern_7	cnidocyte	0.00906678949825644
cnidocyte_pos_pattern_8	cnidocyte	0.00502632987549415
cnidocyte_pos_pattern_9	cnidocyte	0.00883273283640544
cnidocyte_neg_pattern_0	cnidocyte	-0.00431240992759591
cnidocyte_neg_pattern_1	cnidocyte	-0.00618038114332995
cnidocyte_neg_pattern_10	cnidocyte	-0.00440944944109236
cnidocyte_neg_pattern_2	cnidocyte	-0.00483536582461671
cnidocyte_neg_pattern_3	cnidocyte	-0.00418432151214986
cnidocyte_neg_pattern_4	cnidocyte	-0.00606500185452975
cnidocyte_neg_pattern_5	cnidocyte	-0.00437369713416466
cnidocyte_neg_pattern_6	cnidocyte	-0.00409018993377686
cnidocyte_neg_pattern_7	cnidocyte	-0.00406668186187744
cnidocyte_neg_pattern_8	cnidocyte	-0.0030768666948591
cnidocyte_neg_pattern_9	cnidocyte	-0.00182139078776042
gastro_circular_muscle_1_pos_pattern_0	gastro_circular_muscle_1	0.00534870320745471
gastro_circular_muscle_1_pos_pattern_1	gastro_circular_muscle_1	0.00535650049983922
gastro_circular_muscle_1_pos_pattern_10	gastro_circular_muscle_1	0.00594883362452189
gastro_circular_muscle_1_pos_pattern_11	gastro_circular_muscle_1	0.00496258488012186
gastro_circular_muscle_1_pos_pattern_12	gastro_circular_muscle_1	0.00880747214874143
gastro_circular_muscle_1_pos_pattern_13	gastro_circular_muscle_1	0.00482718198878284
gastro_circular_muscle_1_pos_pattern_14	gastro_circular_muscle_1	0.00565623206220489
gastro_circular_muscle_1_pos_pattern_15	gastro_circular_muscle_1	0.0058025824033023
gastro_circular_muscle_1_pos_pattern_16	gastro_circular_muscle_1	0.00597509716947873
gastro_circular_muscle_1_pos_pattern_17	gastro_circular_muscle_1	0.00438814874905259
gastro_circular_muscle_1_pos_pattern_18	gastro_circular_muscle_1	0.00445338284097067
gastro_circular_muscle_1_pos_pattern_19	gastro_circular_muscle_1	0.00513609238026858
gastro_circular_muscle_1_pos_pattern_2	gastro_circular_muscle_1	0.00816665548608959
gastro_circular_muscle_1_pos_pattern_20	gastro_circular_muscle_1	0.00369216242438293
gastro_circular_muscle_1_pos_pattern_21	gastro_circular_muscle_1	0.00403203504390437
gastro_circular_muscle_1_pos_pattern_22	gastro_circular_muscle_1	0.00848743487627078
gastro_circular_muscle_1_pos_pattern_23	gastro_circular_muscle_1	0.00311394599871447
gastro_circular_muscle_1_pos_pattern_24	gastro_circular_muscle_1	0.00368399975904778
gastro_circular_muscle_1_pos_pattern_25	gastro_circular_muscle_1	0.00374128900725266
gastro_circular_muscle_1_pos_pattern_26	gastro_circular_muscle_1	0.00321131666707251
gastro_circular_muscle_1_pos_pattern_27	gastro_circular_muscle_1	0.00504762179230991
gastro_circular_muscle_1_pos_pattern_28	gastro_circular_muscle_1	0.00315900092577412
gastro_circular_muscle_1_pos_pattern_29	gastro_circular_muscle_1	0.00491260787815724
gastro_circular_muscle_1_pos_pattern_3	gastro_circular_muscle_1	0.00616214229388055
gastro_circular_muscle_1_pos_pattern_30	gastro_circular_muscle_1	0.0019455881168445
gastro_circular_muscle_1_pos_pattern_31	gastro_circular_muscle_1	0.00245271057918154
gastro_circular_muscle_1_pos_pattern_32	gastro_circular_muscle_1	0.00544841030994094
gastro_circular_muscle_1_pos_pattern_33	gastro_circular_muscle_1	0.00543130802202828
gastro_circular_muscle_1_pos_pattern_34	gastro_circular_muscle_1	0.00584305309858479
gastro_circular_muscle_1_pos_pattern_35	gastro_circular_muscle_1	0.00434835333573191
gastro_circular_muscle_1_pos_pattern_36	gastro_circular_muscle_1	0.00443013209217
gastro_circular_muscle_1_pos_pattern_37	gastro_circular_muscle_1	0.00544123379689343
gastro_circular_muscle_1_pos_pattern_38	gastro_circular_muscle_1	0.00404070171655393
gastro_circular_muscle_1_pos_pattern_39	gastro_circular_muscle_1	0.0026121243186619
gastro_circular_muscle_1_pos_pattern_4	gastro_circular_muscle_1	0.00735998177403865
gastro_circular_muscle_1_pos_pattern_40	gastro_circular_muscle_1	0.00747828483581543
gastro_circular_muscle_1_pos_pattern_41	gastro_circular_muscle_1	0.00457354595786647
gastro_circular_muscle_1_pos_pattern_42	gastro_circular_muscle_1	0.00450521045260959
gastro_circular_muscle_1_pos_pattern_43	gastro_circular_muscle_1	0.0049945626940046
gastro_circular_muscle_1_pos_pattern_44	gastro_circular_muscle_1	0.00200947480542319
gastro_circular_muscle_1_pos_pattern_45	gastro_circular_muscle_1	0.00705447563758263
gastro_circular_muscle_1_pos_pattern_46	gastro_circular_muscle_1	-0.000763563009408804
gastro_circular_muscle_1_pos_pattern_47	gastro_circular_muscle_1	0.0035031537214915
gastro_circular_muscle_1_pos_pattern_48	gastro_circular_muscle_1	0.00325936856477157
gastro_circular_muscle_1_pos_pattern_5	gastro_circular_muscle_1	0.0057012886194386
gastro_circular_muscle_1_pos_pattern_6	gastro_circular_muscle_1	0.00346170531378852
gastro_circular_muscle_1_pos_pattern_7	gastro_circular_muscle_1	0.00568653842060962
gastro_circular_muscle_1_pos_pattern_8	gastro_circular_muscle_1	0.00482814779637379
gastro_circular_muscle_1_pos_pattern_9	gastro_circular_muscle_1	0.00425075953210189
gastro_circular_muscle_1_neg_pattern_0	gastro_circular_muscle_1	-0.00423808562217585
gastro_circular_muscle_1_neg_pattern_1	gastro_circular_muscle_1	-0.00342488545243458
gastro_circular_muscle_1_neg_pattern_10	gastro_circular_muscle_1	-0.00483540790836986
gastro_circular_muscle_1_neg_pattern_11	gastro_circular_muscle_1	-0.00425203222977488
gastro_circular_muscle_1_neg_pattern_12	gastro_circular_muscle_1	-0.00401661313813308
gastro_circular_muscle_1_neg_pattern_2	gastro_circular_muscle_1	-0.00421174547889016
gastro_circular_muscle_1_neg_pattern_3	gastro_circular_muscle_1	-0.00236454010009766
gastro_circular_muscle_1_neg_pattern_4	gastro_circular_muscle_1	-0.00394309946328155
gastro_circular_muscle_1_neg_pattern_5	gastro_circular_muscle_1	-0.00371096306240436
gastro_circular_muscle_1_neg_pattern_6	gastro_circular_muscle_1	-0.00409923804985298
gastro_circular_muscle_1_neg_pattern_7	gastro_circular_muscle_1	-0.00253474406706981
gastro_circular_muscle_1_neg_pattern_8	gastro_circular_muscle_1	-0.0031430537884052
gastro_circular_muscle_1_neg_pattern_9	gastro_circular_muscle_1	-0.00397252021951878
gastro_circular_muscle_2_pos_pattern_0	gastro_circular_muscle_2	0.00591829997666229
gastro_circular_muscle_2_pos_pattern_1	gastro_circular_muscle_2	0.00671868918701662
gastro_circular_muscle_2_pos_pattern_10	gastro_circular_muscle_2	0.00795905907830461
gastro_circular_muscle_2_pos_pattern_11	gastro_circular_muscle_2	0.00761468601040905
gastro_circular_muscle_2_pos_pattern_12	gastro_circular_muscle_2	0.0076686396743312
gastro_circular_muscle_2_pos_pattern_13	gastro_circular_muscle_2	0.0037543790877899
gastro_circular_muscle_2_pos_pattern_14	gastro_circular_muscle_2	0.00716716709917166
gastro_circular_muscle_2_pos_pattern_15	gastro_circular_muscle_2	0.00368488862596709
gastro_circular_muscle_2_pos_pattern_16	gastro_circular_muscle_2	0.00614653596090614
gastro_circular_muscle_2_pos_pattern_17	gastro_circular_muscle_2	0.00520048459370931
gastro_circular_muscle_2_pos_pattern_18	gastro_circular_muscle_2	0.00624011314078553
gastro_circular_muscle_2_pos_pattern_19	gastro_circular_muscle_2	0.00404358567862675
gastro_circular_muscle_2_pos_pattern_2	gastro_circular_muscle_2	0.00790773528632918
gastro_circular_muscle_2_pos_pattern_20	gastro_circular_muscle_2	0.00502116243604203
gastro_circular_muscle_2_pos_pattern_21	gastro_circular_muscle_2	0.00587258889124944
gastro_circular_muscle_2_pos_pattern_22	gastro_circular_muscle_2	0.00872710476750913
gastro_circular_muscle_2_pos_pattern_23	gastro_circular_muscle_2	0.00337583753797743
gastro_circular_muscle_2_pos_pattern_24	gastro_circular_muscle_2	0.00369034690418463
gastro_circular_muscle_2_pos_pattern_25	gastro_circular_muscle_2	0.00792983560001149
gastro_circular_muscle_2_pos_pattern_26	gastro_circular_muscle_2	0.00447437498304579
gastro_circular_muscle_2_pos_pattern_27	gastro_circular_muscle_2	0.00258621817729512
gastro_circular_muscle_2_pos_pattern_28	gastro_circular_muscle_2	0.00559341301352291
gastro_circular_muscle_2_pos_pattern_29	gastro_circular_muscle_2	0.00464664035373264
gastro_circular_muscle_2_pos_pattern_3	gastro_circular_muscle_2	0.00636993579699281
gastro_circular_muscle_2_pos_pattern_30	gastro_circular_muscle_2	0.00338403568711392
gastro_circular_muscle_2_pos_pattern_31	gastro_circular_muscle_2	0.0073930379506704
gastro_circular_muscle_2_pos_pattern_32	gastro_circular_muscle_2	0.0039129586055361
gastro_circular_muscle_2_pos_pattern_33	gastro_circular_muscle_2	0.00809309217664931
gastro_circular_muscle_2_pos_pattern_34	gastro_circular_muscle_2	0.00440502166748047
gastro_circular_muscle_2_pos_pattern_35	gastro_circular_muscle_2	0.00739673773447673
gastro_circular_muscle_2_pos_pattern_4	gastro_circular_muscle_2	0.0090000166284771
gastro_circular_muscle_2_pos_pattern_5	gastro_circular_muscle_2	0.00727713772020192
gastro_circular_muscle_2_pos_pattern_6	gastro_circular_muscle_2	0.00948912977887793
gastro_circular_muscle_2_pos_pattern_7	gastro_circular_muscle_2	0.00839791242680495
gastro_circular_muscle_2_pos_pattern_8	gastro_circular_muscle_2	0.00639422535216659
gastro_circular_muscle_2_pos_pattern_9	gastro_circular_muscle_2	0.00734175904406868
gastro_circular_muscle_2_neg_pattern_0	gastro_circular_muscle_2	-0.00439355175084717
gastro_circular_muscle_2_neg_pattern_1	gastro_circular_muscle_2	-0.00516853377083752
gastro_circular_muscle_2_neg_pattern_10	gastro_circular_muscle_2	-0.00553570371685606
gastro_circular_muscle_2_neg_pattern_11	gastro_circular_muscle_2	-0.00434457338773287
gastro_circular_muscle_2_neg_pattern_12	gastro_circular_muscle_2	-0.00565620090650476
gastro_circular_muscle_2_neg_pattern_13	gastro_circular_muscle_2	-0.00479240417480469
gastro_circular_muscle_2_neg_pattern_2	gastro_circular_muscle_2	-0.00526435260843087
gastro_circular_muscle_2_neg_pattern_3	gastro_circular_muscle_2	-0.00477685844689085
gastro_circular_muscle_2_neg_pattern_4	gastro_circular_muscle_2	-0.00453080495198568
gastro_circular_muscle_2_neg_pattern_5	gastro_circular_muscle_2	-0.00354753958212363
gastro_circular_muscle_2_neg_pattern_6	gastro_circular_muscle_2	-0.00470190915194425
gastro_circular_muscle_2_neg_pattern_7	gastro_circular_muscle_2	-0.00434001432646305
gastro_circular_muscle_2_neg_pattern_8	gastro_circular_muscle_2	-0.00510594930993505
gastro_circular_muscle_2_neg_pattern_9	gastro_circular_muscle_2	-0.00603703485018965
gastro_parietal_muscle_pos_pattern_0	gastro_parietal_muscle	0.010064420714988
gastro_parietal_muscle_pos_pattern_1	gastro_parietal_muscle	0.00576829862039862
gastro_parietal_muscle_pos_pattern_10	gastro_parietal_muscle	0.00669534553601904
gastro_parietal_muscle_pos_pattern_11	gastro_parietal_muscle	0.00594664795757973
gastro_parietal_muscle_pos_pattern_12	gastro_parietal_muscle	0.00670924104224192
gastro_parietal_muscle_pos_pattern_13	gastro_parietal_muscle	0.004468140108832
gastro_parietal_muscle_pos_pattern_14	gastro_parietal_muscle	0.00632524637730567
gastro_parietal_muscle_pos_pattern_15	gastro_parietal_muscle	0.00605938367862039
gastro_parietal_muscle_pos_pattern_16	gastro_parietal_muscle	0.00453969565304843
gastro_parietal_muscle_pos_pattern_17	gastro_parietal_muscle	0.00587428657184521
gastro_parietal_muscle_pos_pattern_18	gastro_parietal_muscle	0.0051086534346853
gastro_parietal_muscle_pos_pattern_19	gastro_parietal_muscle	0.00581471273832232
gastro_parietal_muscle_pos_pattern_2	gastro_parietal_muscle	0.00609059526004653
gastro_parietal_muscle_pos_pattern_20	gastro_parietal_muscle	0.00659951856059413
gastro_parietal_muscle_pos_pattern_21	gastro_parietal_muscle	0.00583815876441666
gastro_parietal_muscle_pos_pattern_22	gastro_parietal_muscle	0.00580040014015054
gastro_parietal_muscle_pos_pattern_23	gastro_parietal_muscle	0.00587993944194955
gastro_parietal_muscle_pos_pattern_24	gastro_parietal_muscle	0.00511540783395013
gastro_parietal_muscle_pos_pattern_25	gastro_parietal_muscle	0.00506772261399489
gastro_parietal_muscle_pos_pattern_26	gastro_parietal_muscle	0.00382331371307373
gastro_parietal_muscle_pos_pattern_27	gastro_parietal_muscle	0.00448771445981918
gastro_parietal_muscle_pos_pattern_28	gastro_parietal_muscle	0.0034618947358258
gastro_parietal_muscle_pos_pattern_29	gastro_parietal_muscle	0.000202096998691559
gastro_parietal_muscle_pos_pattern_3	gastro_parietal_muscle	0.00673239654035364
gastro_parietal_muscle_pos_pattern_30	gastro_parietal_muscle	0.00390466054280599
gastro_parietal_muscle_pos_pattern_31	gastro_parietal_muscle	0.00569706151981165
gastro_parietal_muscle_pos_pattern_32	gastro_parietal_muscle	0.0056308110555013
gastro_parietal_muscle_pos_pattern_33	gastro_parietal_muscle	0.00527158536409077
gastro_parietal_muscle_pos_pattern_34	gastro_parietal_muscle	0.00056488730690696
gastro_parietal_muscle_pos_pattern_35	gastro_parietal_muscle	0.00555659275428922
gastro_parietal_muscle_pos_pattern_36	gastro_parietal_muscle	0.000731185674667358
gastro_parietal_muscle_pos_pattern_37	gastro_parietal_muscle	0.00853330438787287
gastro_parietal_muscle_pos_pattern_38	gastro_parietal_muscle	0.00457763671875
gastro_parietal_muscle_pos_pattern_39	gastro_parietal_muscle	0.00439942688555331
gastro_parietal_muscle_pos_pattern_4	gastro_parietal_muscle	0.00730684584843465
gastro_parietal_muscle_pos_pattern_40	gastro_parietal_muscle	0.00643501281738281
gastro_parietal_muscle_pos_pattern_41	gastro_parietal_muscle	0.00606898603768184
gastro_parietal_muscle_pos_pattern_42	gastro_parietal_muscle	0.00598639029043692
gastro_parietal_muscle_pos_pattern_43	gastro_parietal_muscle	0.000883252620697022
gastro_parietal_muscle_pos_pattern_44	gastro_parietal_muscle	0.00596405029296875
gastro_parietal_muscle_pos_pattern_45	gastro_parietal_muscle	0.00157040596008301
gastro_parietal_muscle_pos_pattern_46	gastro_parietal_muscle	0.0053694588797433
gastro_parietal_muscle_pos_pattern_47	gastro_parietal_muscle	0.00515594482421875
gastro_parietal_muscle_pos_pattern_48	gastro_parietal_muscle	0.00570878982543945
gastro_parietal_muscle_pos_pattern_5	gastro_parietal_muscle	0.00771833469722314
gastro_parietal_muscle_pos_pattern_6	gastro_parietal_muscle	0.00627039719331748
gastro_parietal_muscle_pos_pattern_7	gastro_parietal_muscle	0.00504429227222368
gastro_parietal_muscle_pos_pattern_8	gastro_parietal_muscle	0.00725308755814284
gastro_parietal_muscle_pos_pattern_9	gastro_parietal_muscle	0.0076905046659068
gastro_parietal_muscle_neg_pattern_0	gastro_parietal_muscle	-0.00478930304420742
gastro_parietal_muscle_neg_pattern_1	gastro_parietal_muscle	-0.00489181723476441
gastro_parietal_muscle_neg_pattern_10	gastro_parietal_muscle	-0.00255235872770611
gastro_parietal_muscle_neg_pattern_11	gastro_parietal_muscle	-0.00538099965741558
gastro_parietal_muscle_neg_pattern_12	gastro_parietal_muscle	-0.00457527019359447
gastro_parietal_muscle_neg_pattern_13	gastro_parietal_muscle	-0.00368873596191406
gastro_parietal_muscle_neg_pattern_14	gastro_parietal_muscle	-0.0049454825265067
gastro_parietal_muscle_neg_pattern_2	gastro_parietal_muscle	-0.00426840227703716
gastro_parietal_muscle_neg_pattern_3	gastro_parietal_muscle	-0.00460565948486328
gastro_parietal_muscle_neg_pattern_4	gastro_parietal_muscle	-0.00448015689849854
gastro_parietal_muscle_neg_pattern_5	gastro_parietal_muscle	-0.00434717379118267
gastro_parietal_muscle_neg_pattern_6	gastro_parietal_muscle	-0.00538405776023865
gastro_parietal_muscle_neg_pattern_7	gastro_parietal_muscle	-0.00316398284014534
gastro_parietal_muscle_neg_pattern_8	gastro_parietal_muscle	-0.00273895263671875
gastro_parietal_muscle_neg_pattern_9	gastro_parietal_muscle	-0.00492083231608073
gastro_unknown_1_pos_pattern_0	gastro_unknown_1	0.00650154495413525
gastro_unknown_1_pos_pattern_1	gastro_unknown_1	0.00645993107571799
gastro_unknown_1_pos_pattern_10	gastro_unknown_1	0.00420253808467206
gastro_unknown_1_pos_pattern_11	gastro_unknown_1	0.00373986935374713
gastro_unknown_1_pos_pattern_12	gastro_unknown_1	0.00340994283013518
gastro_unknown_1_pos_pattern_13	gastro_unknown_1	0.00383742559263563
gastro_unknown_1_pos_pattern_14	gastro_unknown_1	0.00251848184374305
gastro_unknown_1_pos_pattern_15	gastro_unknown_1	0.00348839689125928
gastro_unknown_1_pos_pattern_16	gastro_unknown_1	0.00276606175743166
gastro_unknown_1_pos_pattern_17	gastro_unknown_1	0.00323907831773401
gastro_unknown_1_pos_pattern_18	gastro_unknown_1	0.00405976309705136
gastro_unknown_1_pos_pattern_19	gastro_unknown_1	0.00429305880088506
gastro_unknown_1_pos_pattern_2	gastro_unknown_1	0.00389485149504029
gastro_unknown_1_pos_pattern_20	gastro_unknown_1	0.00407706839697702
gastro_unknown_1_pos_pattern_21	gastro_unknown_1	0.00346180614160032
gastro_unknown_1_pos_pattern_22	gastro_unknown_1	0.00367247161044869
gastro_unknown_1_pos_pattern_23	gastro_unknown_1	0.00274838758318612
gastro_unknown_1_pos_pattern_24	gastro_unknown_1	0.00429666778187693
gastro_unknown_1_pos_pattern_25	gastro_unknown_1	0.00462417344789247
gastro_unknown_1_pos_pattern_26	gastro_unknown_1	0.00403857231140137
gastro_unknown_1_pos_pattern_27	gastro_unknown_1	0.00278585532615925
gastro_unknown_1_pos_pattern_28	gastro_unknown_1	0.00340399308638139
gastro_unknown_1_pos_pattern_29	gastro_unknown_1	0.00168345290787366
gastro_unknown_1_pos_pattern_3	gastro_unknown_1	0.00458717851927786
gastro_unknown_1_pos_pattern_30	gastro_unknown_1	0.000532368818918864
gastro_unknown_1_pos_pattern_31	gastro_unknown_1	0.000811741465613956
gastro_unknown_1_pos_pattern_32	gastro_unknown_1	0.00073063714163644
gastro_unknown_1_pos_pattern_33	gastro_unknown_1	0.00509004031910616
gastro_unknown_1_pos_pattern_34	gastro_unknown_1	0.00281391721783262
gastro_unknown_1_pos_pattern_35	gastro_unknown_1	0.00436291550145005
gastro_unknown_1_pos_pattern_36	gastro_unknown_1	0.00459191203117371
gastro_unknown_1_pos_pattern_37	gastro_unknown_1	0.000291087009288647
gastro_unknown_1_pos_pattern_38	gastro_unknown_1	0.0006866271679218
gastro_unknown_1_pos_pattern_4	gastro_unknown_1	0.00502239412089945
gastro_unknown_1_pos_pattern_5	gastro_unknown_1	0.0030710287693701
gastro_unknown_1_pos_pattern_6	gastro_unknown_1	0.00868844290517852
gastro_unknown_1_pos_pattern_7	gastro_unknown_1	0.0031152032443668
gastro_unknown_1_pos_pattern_8	gastro_unknown_1	0.00455281734466553
gastro_unknown_1_pos_pattern_9	gastro_unknown_1	0.00269785713554255
gastro_unknown_1_neg_pattern_0	gastro_unknown_1	-0.0038442228223894
gastro_unknown_1_neg_pattern_1	gastro_unknown_1	-0.00346038793958326
gastro_unknown_1_neg_pattern_10	gastro_unknown_1	-0.00377674536271529
gastro_unknown_1_neg_pattern_11	gastro_unknown_1	-0.00272380835131595
gastro_unknown_1_neg_pattern_2	gastro_unknown_1	-0.00299689901589249
gastro_unknown_1_neg_pattern_3	gastro_unknown_1	-0.00319086142948696
gastro_unknown_1_neg_pattern_4	gastro_unknown_1	-0.00322427420780577
gastro_unknown_1_neg_pattern_5	gastro_unknown_1	-0.00376077550620848
gastro_unknown_1_neg_pattern_6	gastro_unknown_1	-0.00254671055762494
gastro_unknown_1_neg_pattern_7	gastro_unknown_1	-0.00357000931449558
gastro_unknown_1_neg_pattern_8	gastro_unknown_1	-0.00342426300048828
gastro_unknown_1_neg_pattern_9	gastro_unknown_1	-0.00249378383159637
gastro_unknown_2_pos_pattern_0	gastro_unknown_2	0.00584164129900095
gastro_unknown_2_pos_pattern_1	gastro_unknown_2	0.00824735256341787
gastro_unknown_2_pos_pattern_10	gastro_unknown_2	0.0045285817006188
gastro_unknown_2_pos_pattern_11	gastro_unknown_2	0.00350577640347183
gastro_unknown_2_pos_pattern_12	gastro_unknown_2	0.00496204305859886
gastro_unknown_2_pos_pattern_13	gastro_unknown_2	0.00320947154954707
gastro_unknown_2_pos_pattern_14	gastro_unknown_2	0.00352230315145693
gastro_unknown_2_pos_pattern_15	gastro_unknown_2	0.00850425650189806
gastro_unknown_2_pos_pattern_16	gastro_unknown_2	0.00358809838747845
gastro_unknown_2_pos_pattern_17	gastro_unknown_2	0.00458362598958543
gastro_unknown_2_pos_pattern_18	gastro_unknown_2	0.00462506066507368
gastro_unknown_2_pos_pattern_19	gastro_unknown_2	0.00402304552893602
gastro_unknown_2_pos_pattern_2	gastro_unknown_2	0.00472734679965366
gastro_unknown_2_pos_pattern_20	gastro_unknown_2	0.00275915406315202
gastro_unknown_2_pos_pattern_21	gastro_unknown_2	0.00468077229671791
gastro_unknown_2_pos_pattern_22	gastro_unknown_2	0.00289327005545298
gastro_unknown_2_pos_pattern_23	gastro_unknown_2	0.0041044757352861
gastro_unknown_2_pos_pattern_24	gastro_unknown_2	0.00391994885035924
gastro_unknown_2_pos_pattern_25	gastro_unknown_2	0.00505419158935547
gastro_unknown_2_pos_pattern_26	gastro_unknown_2	0.00454953137566062
gastro_unknown_2_pos_pattern_27	gastro_unknown_2	0.00301966459854789
gastro_unknown_2_pos_pattern_28	gastro_unknown_2	0.00273659012534402
gastro_unknown_2_pos_pattern_29	gastro_unknown_2	0.000450016284475521
gastro_unknown_2_pos_pattern_3	gastro_unknown_2	0.00671124528351278
gastro_unknown_2_pos_pattern_30	gastro_unknown_2	0.00462323875837429
gastro_unknown_2_pos_pattern_31	gastro_unknown_2	0.000168770551681519
gastro_unknown_2_pos_pattern_32	gastro_unknown_2	0.000626294901876739
gastro_unknown_2_pos_pattern_33	gastro_unknown_2	0.00384608182040128
gastro_unknown_2_pos_pattern_34	gastro_unknown_2	0.00195540095630445
gastro_unknown_2_pos_pattern_35	gastro_unknown_2	0.00525997303150318
gastro_unknown_2_pos_pattern_36	gastro_unknown_2	0.00203534273000864
gastro_unknown_2_pos_pattern_37	gastro_unknown_2	-0.00159344994104826
gastro_unknown_2_pos_pattern_4	gastro_unknown_2	0.00729003176177902
gastro_unknown_2_pos_pattern_5	gastro_unknown_2	0.00693395152781744
gastro_unknown_2_pos_pattern_6	gastro_unknown_2	0.00578528119806658
gastro_unknown_2_pos_pattern_7	gastro_unknown_2	0.00617323368188638
gastro_unknown_2_pos_pattern_8	gastro_unknown_2	0.00555704738712203
gastro_unknown_2_pos_pattern_9	gastro_unknown_2	0.00435134245527723
gastro_unknown_2_neg_pattern_0	gastro_unknown_2	-0.00427921991499643
gastro_unknown_2_neg_pattern_1	gastro_unknown_2	-0.00333077232792692
gastro_unknown_2_neg_pattern_10	gastro_unknown_2	-0.00376548767089844
gastro_unknown_2_neg_pattern_2	gastro_unknown_2	-0.00427472980972988
gastro_unknown_2_neg_pattern_3	gastro_unknown_2	-0.00362447175112638
gastro_unknown_2_neg_pattern_4	gastro_unknown_2	-0.00379024233136858
gastro_unknown_2_neg_pattern_5	gastro_unknown_2	-0.00257957342899207
gastro_unknown_2_neg_pattern_6	gastro_unknown_2	-0.00171739497083299
gastro_unknown_2_neg_pattern_7	gastro_unknown_2	-0.00227201816647552
gastro_unknown_2_neg_pattern_8	gastro_unknown_2	-0.00364886103449641
gastro_unknown_2_neg_pattern_9	gastro_unknown_2	-0.00505571365356445
muscle_1_pos_pattern_0	muscle_1	0.0147997183931841
muscle_1_pos_pattern_1	muscle_1	0.010786228183523
muscle_1_pos_pattern_10	muscle_1	0.00463825704413893
muscle_1_pos_pattern_11	muscle_1	0.00499316472113782
muscle_1_pos_pattern_12	muscle_1	0.00856123094434862
muscle_1_pos_pattern_13	muscle_1	0.00406605235317297
muscle_1_pos_pattern_14	muscle_1	0.00666668950294962
muscle_1_pos_pattern_15	muscle_1	0.0114800099576457
muscle_1_pos_pattern_16	muscle_1	0.00800349203388343
muscle_1_pos_pattern_17	muscle_1	0.00617597319863059
muscle_1_pos_pattern_18	muscle_1	0.00104037740013816
muscle_1_pos_pattern_19	muscle_1	0.00912929403370824
muscle_1_pos_pattern_2	muscle_1	0.0092738907653217
muscle_1_pos_pattern_20	muscle_1	0.00237905553409032
muscle_1_pos_pattern_21	muscle_1	0.00435398994608128
muscle_1_pos_pattern_22	muscle_1	0.00318661000993517
muscle_1_pos_pattern_23	muscle_1	-0.000769101083278656
muscle_1_pos_pattern_3	muscle_1	0.00786746392488734
muscle_1_pos_pattern_4	muscle_1	0.0107326028067306
muscle_1_pos_pattern_5	muscle_1	0.00934070304588035
muscle_1_pos_pattern_6	muscle_1	0.00964112162650817
muscle_1_pos_pattern_7	muscle_1	0.00726424160263089
muscle_1_pos_pattern_8	muscle_1	0.0051388641080072
muscle_1_pos_pattern_9	muscle_1	0.00471833634049925
muscle_1_neg_pattern_0	muscle_1	-0.00740028741791492
muscle_1_neg_pattern_1	muscle_1	-0.00725250244140625
muscle_1_neg_pattern_2	muscle_1	-0.0063414140181108
muscle_1_neg_pattern_3	muscle_1	-0.00773117390084774
muscle_1_neg_pattern_4	muscle_1	-0.00523218241604892
muscle_1_neg_pattern_5	muscle_1	-0.00619644342466842
muscle_1_neg_pattern_6	muscle_1	-0.00468176603317261
muscle_1_neg_pattern_7	muscle_1	-0.00594323476155599
muscle_2_pos_pattern_0	muscle_2	0.00809220815121937
muscle_2_pos_pattern_1	muscle_2	0.00540248368902174
muscle_2_pos_pattern_10	muscle_2	0.00320178463425435
muscle_2_pos_pattern_11	muscle_2	0.00551495015713026
muscle_2_pos_pattern_12	muscle_2	0.00571206879746067
muscle_2_pos_pattern_13	muscle_2	0.00455671439333538
muscle_2_pos_pattern_14	muscle_2	0.00327561172394971
muscle_2_pos_pattern_15	muscle_2	0.00373913770840492
muscle_2_pos_pattern_16	muscle_2	0.00346075075644034
muscle_2_pos_pattern_17	muscle_2	0.00393068284141511
muscle_2_pos_pattern_18	muscle_2	0.00386146119996613
muscle_2_pos_pattern_19	muscle_2	0.0025023695351421
muscle_2_pos_pattern_2	muscle_2	0.00658177018240516
muscle_2_pos_pattern_20	muscle_2	0.00236883571377624
muscle_2_pos_pattern_21	muscle_2	0.00511251337387983
muscle_2_pos_pattern_22	muscle_2	0.00302035920321941
muscle_2_pos_pattern_23	muscle_2	0.00418359651340274
muscle_2_pos_pattern_24	muscle_2	0.00367590936563783
muscle_2_pos_pattern_25	muscle_2	0.0038524132508498
muscle_2_pos_pattern_26	muscle_2	0.00449956065476543
muscle_2_pos_pattern_27	muscle_2	0.00266910421437231
muscle_2_pos_pattern_28	muscle_2	0.00511727333068848
muscle_2_pos_pattern_29	muscle_2	0.00403602306659405
muscle_2_pos_pattern_3	muscle_2	0.00525116167190704
muscle_2_pos_pattern_30	muscle_2	0.00391564061564784
muscle_2_pos_pattern_31	muscle_2	0.00402889877069192
muscle_2_pos_pattern_32	muscle_2	0.00525077751704625
muscle_2_pos_pattern_33	muscle_2	0.00560353019020774
muscle_2_pos_pattern_34	muscle_2	0.000662914166847865
muscle_2_pos_pattern_35	muscle_2	0.00463485717773438
muscle_2_pos_pattern_36	muscle_2	0.00413420086815244
muscle_2_pos_pattern_37	muscle_2	0.00573963072241806
muscle_2_pos_pattern_38	muscle_2	0.00406720297677176
muscle_2_pos_pattern_39	muscle_2	0.0102973665509905
muscle_2_pos_pattern_4	muscle_2	0.00438082317422305
muscle_2_pos_pattern_40	muscle_2	0.00265053340366908
muscle_2_pos_pattern_41	muscle_2	0.00628743852887835
muscle_2_pos_pattern_42	muscle_2	0.0046755245753697
muscle_2_pos_pattern_43	muscle_2	0.00634983607700893
muscle_2_pos_pattern_5	muscle_2	0.00603430206908247
muscle_2_pos_pattern_6	muscle_2	0.0044805471634635
muscle_2_pos_pattern_7	muscle_2	0.00681525350926997
muscle_2_pos_pattern_8	muscle_2	0.00637987463931067
muscle_2_pos_pattern_9	muscle_2	0.00868120496035095
muscle_2_neg_pattern_0	muscle_2	-0.00432636828571042
muscle_2_neg_pattern_1	muscle_2	-0.00425996111767758
muscle_2_neg_pattern_10	muscle_2	-0.00352957442000106
muscle_2_neg_pattern_11	muscle_2	-0.00203418731689453
muscle_2_neg_pattern_2	muscle_2	-0.00352533084830058
muscle_2_neg_pattern_3	muscle_2	-0.00295591090924173
muscle_2_neg_pattern_4	muscle_2	-0.00385362110780866
muscle_2_neg_pattern_5	muscle_2	-0.00233761966228485
muscle_2_neg_pattern_6	muscle_2	-0.0041998035305149
muscle_2_neg_pattern_7	muscle_2	-0.00429248809814453
muscle_2_neg_pattern_8	muscle_2	-0.00308321822773327
muscle_2_neg_pattern_9	muscle_2	-0.00301202774047852
digestive_filaments_1_pos_pattern_0	digestive_filaments_1	0.00965336313495388
digestive_filaments_1_pos_pattern_1	digestive_filaments_1	0.00646303435657514
digestive_filaments_1_pos_pattern_10	digestive_filaments_1	0.00594024306631738
digestive_filaments_1_pos_pattern_11	digestive_filaments_1	0.00465493367347882
digestive_filaments_1_pos_pattern_12	digestive_filaments_1	0.00337999925485106
digestive_filaments_1_pos_pattern_13	digestive_filaments_1	0.00350522205683366
digestive_filaments_1_pos_pattern_14	digestive_filaments_1	0.00320541834017607
digestive_filaments_1_pos_pattern_15	digestive_filaments_1	0.00341554161872757
digestive_filaments_1_pos_pattern_16	digestive_filaments_1	0.00321248975911535
digestive_filaments_1_pos_pattern_17	digestive_filaments_1	0.00398736482574826
digestive_filaments_1_pos_pattern_18	digestive_filaments_1	0.00428845252004817
digestive_filaments_1_pos_pattern_19	digestive_filaments_1	0.00356142549979977
digestive_filaments_1_pos_pattern_2	digestive_filaments_1	0.00732936966895389
digestive_filaments_1_pos_pattern_20	digestive_filaments_1	0.00504733259232614
digestive_filaments_1_pos_pattern_21	digestive_filaments_1	0.00438305560280295
digestive_filaments_1_pos_pattern_22	digestive_filaments_1	0.00349181145429611
digestive_filaments_1_pos_pattern_23	digestive_filaments_1	0.00341857513251332
digestive_filaments_1_pos_pattern_24	digestive_filaments_1	0.00816640910312269
digestive_filaments_1_pos_pattern_25	digestive_filaments_1	0.00499210357666016
digestive_filaments_1_pos_pattern_26	digestive_filaments_1	0.00588849283033802
digestive_filaments_1_pos_pattern_27	digestive_filaments_1	0.00434283334381726
digestive_filaments_1_pos_pattern_28	digestive_filaments_1	0.00299640880389647
digestive_filaments_1_pos_pattern_29	digestive_filaments_1	0.00745946098776425
digestive_filaments_1_pos_pattern_3	digestive_filaments_1	0.00486813706573658
digestive_filaments_1_pos_pattern_30	digestive_filaments_1	0.00592674860140173
digestive_filaments_1_pos_pattern_31	digestive_filaments_1	0.0112428784370422
digestive_filaments_1_pos_pattern_32	digestive_filaments_1	0.000593354020799909
digestive_filaments_1_pos_pattern_33	digestive_filaments_1	0.00435624584074943
digestive_filaments_1_pos_pattern_34	digestive_filaments_1	0.00528691796695485
digestive_filaments_1_pos_pattern_35	digestive_filaments_1	0.00691024624571508
digestive_filaments_1_pos_pattern_36	digestive_filaments_1	0.0044366717338562
digestive_filaments_1_pos_pattern_37	digestive_filaments_1	0.00545896485794422
digestive_filaments_1_pos_pattern_38	digestive_filaments_1	0.00644905622615371
digestive_filaments_1_pos_pattern_39	digestive_filaments_1	0.00153850913047791
digestive_filaments_1_pos_pattern_4	digestive_filaments_1	0.00831654974780253
digestive_filaments_1_pos_pattern_40	digestive_filaments_1	0.00397855807573367
digestive_filaments_1_pos_pattern_41	digestive_filaments_1	0.000471795216584817
digestive_filaments_1_pos_pattern_42	digestive_filaments_1	0.00352312389173006
digestive_filaments_1_pos_pattern_43	digestive_filaments_1	0.00448955429924859
digestive_filaments_1_pos_pattern_44	digestive_filaments_1	0.000634139234369451
digestive_filaments_1_pos_pattern_45	digestive_filaments_1	0.00790084492076527
digestive_filaments_1_pos_pattern_46	digestive_filaments_1	0.00528448599356192
digestive_filaments_1_pos_pattern_47	digestive_filaments_1	0.00683219344527633
digestive_filaments_1_pos_pattern_48	digestive_filaments_1	0.00461738843184251
digestive_filaments_1_pos_pattern_49	digestive_filaments_1	0.00721969604492188
digestive_filaments_1_pos_pattern_5	digestive_filaments_1	0.00698592927720812
digestive_filaments_1_pos_pattern_50	digestive_filaments_1	0.00625109672546387
digestive_filaments_1_pos_pattern_6	digestive_filaments_1	0.00813580923246254
digestive_filaments_1_pos_pattern_7	digestive_filaments_1	0.00503304831236549
digestive_filaments_1_pos_pattern_8	digestive_filaments_1	0.0059743692482259
digestive_filaments_1_pos_pattern_9	digestive_filaments_1	0.00649545455578448
digestive_filaments_1_neg_pattern_0	digestive_filaments_1	-0.00424140285731012
digestive_filaments_1_neg_pattern_1	digestive_filaments_1	-0.00413338954632099
digestive_filaments_1_neg_pattern_10	digestive_filaments_1	-0.00271865454587069
digestive_filaments_1_neg_pattern_11	digestive_filaments_1	-0.00339422225952148
digestive_filaments_1_neg_pattern_2	digestive_filaments_1	-0.00410008511575712
digestive_filaments_1_neg_pattern_3	digestive_filaments_1	-0.00380895507167762
digestive_filaments_1_neg_pattern_4	digestive_filaments_1	-0.00341319845568749
digestive_filaments_1_neg_pattern_5	digestive_filaments_1	-0.00360778559034116
digestive_filaments_1_neg_pattern_6	digestive_filaments_1	-0.00256714703124247
digestive_filaments_1_neg_pattern_7	digestive_filaments_1	-0.00432322184244792
digestive_filaments_1_neg_pattern_8	digestive_filaments_1	-0.0020935336748759
digestive_filaments_1_neg_pattern_9	digestive_filaments_1	-0.00399785475297408
digestive_filaments_2_pos_pattern_0	digestive_filaments_2	0.00661073085820837
digestive_filaments_2_pos_pattern_1	digestive_filaments_2	0.0112699145284192
digestive_filaments_2_pos_pattern_10	digestive_filaments_2	0.0074856718237645
digestive_filaments_2_pos_pattern_11	digestive_filaments_2	0.00680140440804618
digestive_filaments_2_pos_pattern_12	digestive_filaments_2	0.00746772825255875
digestive_filaments_2_pos_pattern_13	digestive_filaments_2	0.00715510066926788
digestive_filaments_2_pos_pattern_14	digestive_filaments_2	0.00573509727787768
digestive_filaments_2_pos_pattern_15	digestive_filaments_2	0.00640180521997912
digestive_filaments_2_pos_pattern_16	digestive_filaments_2	0.00668960403312336
digestive_filaments_2_pos_pattern_17	digestive_filaments_2	0.00403930807814879
digestive_filaments_2_pos_pattern_18	digestive_filaments_2	0.00434322058116102
digestive_filaments_2_pos_pattern_19	digestive_filaments_2	0.00798496781733998
digestive_filaments_2_pos_pattern_2	digestive_filaments_2	0.00887227358887765
digestive_filaments_2_pos_pattern_20	digestive_filaments_2	0.00464292874322093
digestive_filaments_2_pos_pattern_21	digestive_filaments_2	0.00670634977745287
digestive_filaments_2_pos_pattern_22	digestive_filaments_2	0.00336390416979214
digestive_filaments_2_pos_pattern_23	digestive_filaments_2	0.006386761641621
digestive_filaments_2_pos_pattern_24	digestive_filaments_2	0.00570069911868073
digestive_filaments_2_pos_pattern_25	digestive_filaments_2	0.00610398137292197
digestive_filaments_2_pos_pattern_26	digestive_filaments_2	0.00150790775523466
digestive_filaments_2_pos_pattern_27	digestive_filaments_2	0.00559845523557801
digestive_filaments_2_pos_pattern_28	digestive_filaments_2	0.00739348112647213
digestive_filaments_2_pos_pattern_29	digestive_filaments_2	0.00534951686859131
digestive_filaments_2_pos_pattern_3	digestive_filaments_2	0.00775758004798118
digestive_filaments_2_pos_pattern_30	digestive_filaments_2	0.00210464745759964
digestive_filaments_2_pos_pattern_31	digestive_filaments_2	0.00613018444606236
digestive_filaments_2_pos_pattern_32	digestive_filaments_2	0.00719177939675071
digestive_filaments_2_pos_pattern_33	digestive_filaments_2	0.00615794570357711
digestive_filaments_2_pos_pattern_34	digestive_filaments_2	0.00573843352648677
digestive_filaments_2_pos_pattern_35	digestive_filaments_2	0.00201566829237827
digestive_filaments_2_pos_pattern_36	digestive_filaments_2	0.00619411468505859
digestive_filaments_2_pos_pattern_37	digestive_filaments_2	0.00749471452501085
digestive_filaments_2_pos_pattern_38	digestive_filaments_2	0.00599768667510062
digestive_filaments_2_pos_pattern_39	digestive_filaments_2	0.00159525871276855
digestive_filaments_2_pos_pattern_4	digestive_filaments_2	0.00935667420891549
digestive_filaments_2_pos_pattern_40	digestive_filaments_2	0.00784252535912298
digestive_filaments_2_pos_pattern_41	digestive_filaments_2	0.0065324136189052
digestive_filaments_2_pos_pattern_42	digestive_filaments_2	0.00664477878146701
digestive_filaments_2_pos_pattern_43	digestive_filaments_2	0.00336589813232422
digestive_filaments_2_pos_pattern_44	digestive_filaments_2	0.00927630337801846
digestive_filaments_2_pos_pattern_45	digestive_filaments_2	0.00693402971540179
digestive_filaments_2_pos_pattern_46	digestive_filaments_2	0.00832012721470424
digestive_filaments_2_pos_pattern_47	digestive_filaments_2	0.00452680587768555
digestive_filaments_2_pos_pattern_48	digestive_filaments_2	0.00998802185058594
digestive_filaments_2_pos_pattern_5	digestive_filaments_2	0.0052309458580142
digestive_filaments_2_pos_pattern_6	digestive_filaments_2	0.00585847245658879
digestive_filaments_2_pos_pattern_7	digestive_filaments_2	0.00809294557118394
digestive_filaments_2_pos_pattern_8	digestive_filaments_2	0.00823644624028303
digestive_filaments_2_pos_pattern_9	digestive_filaments_2	0.00827808994487677
digestive_filaments_2_neg_pattern_0	digestive_filaments_2	-0.00563442593529111
digestive_filaments_2_neg_pattern_1	digestive_filaments_2	-0.00547822673669022
digestive_filaments_2_neg_pattern_10	digestive_filaments_2	-0.00448682414951609
digestive_filaments_2_neg_pattern_11	digestive_filaments_2	-0.00599446213036253
digestive_filaments_2_neg_pattern_12	digestive_filaments_2	-0.00429026285807292
digestive_filaments_2_neg_pattern_13	digestive_filaments_2	-0.00518067677815755
digestive_filaments_2_neg_pattern_14	digestive_filaments_2	-0.00433645248413086
digestive_filaments_2_neg_pattern_2	digestive_filaments_2	-0.00632712592376522
digestive_filaments_2_neg_pattern_3	digestive_filaments_2	-0.00370075058763045
digestive_filaments_2_neg_pattern_4	digestive_filaments_2	-0.0064131981503647
digestive_filaments_2_neg_pattern_5	digestive_filaments_2	-0.00525597659024325
digestive_filaments_2_neg_pattern_6	digestive_filaments_2	-0.00636179512793865
digestive_filaments_2_neg_pattern_7	digestive_filaments_2	-0.00461063188375886
digestive_filaments_2_neg_pattern_8	digestive_filaments_2	-0.00500225439304259
digestive_filaments_2_neg_pattern_9	digestive_filaments_2	-0.00287692611281936
epidermis_1_pos_pattern_0	epidermis_1	0.0130973856146012
epidermis_1_pos_pattern_1	epidermis_1	0.00906878503598423
epidermis_1_pos_pattern_10	epidermis_1	0.00943822537290187
epidermis_1_pos_pattern_11	epidermis_1	0.00898199554876233
epidermis_1_pos_pattern_12	epidermis_1	0.00970961913097263
epidermis_1_pos_pattern_13	epidermis_1	0.00581984351394132
epidermis_1_pos_pattern_14	epidermis_1	0.00453482215128486
epidermis_1_pos_pattern_15	epidermis_1	0.00835515119261661
epidermis_1_pos_pattern_16	epidermis_1	0.00853389495878757
epidermis_1_pos_pattern_17	epidermis_1	0.00633235129848434
epidermis_1_pos_pattern_18	epidermis_1	0.00517498330224918
epidermis_1_pos_pattern_19	epidermis_1	0.00520704547150883
epidermis_1_pos_pattern_2	epidermis_1	0.0132251951333117
epidermis_1_pos_pattern_20	epidermis_1	0.00480793761061477
epidermis_1_pos_pattern_21	epidermis_1	0.00724583123240218
epidermis_1_pos_pattern_22	epidermis_1	0.0106645216635608
epidermis_1_pos_pattern_23	epidermis_1	0.00490119434752554
epidermis_1_pos_pattern_24	epidermis_1	0.00863926390751491
epidermis_1_pos_pattern_25	epidermis_1	0.00520236091276186
epidermis_1_pos_pattern_26	epidermis_1	0.00321003783338424
epidermis_1_pos_pattern_27	epidermis_1	0.00692216632435623
epidermis_1_pos_pattern_28	epidermis_1	0.00381819602739008
epidermis_1_pos_pattern_29	epidermis_1	0.00571438435758098
epidermis_1_pos_pattern_3	epidermis_1	0.00843894938881124
epidermis_1_pos_pattern_30	epidermis_1	0.00955305268279219
epidermis_1_pos_pattern_31	epidermis_1	0.00604542818936435
epidermis_1_pos_pattern_32	epidermis_1	0.00615529716014862
epidermis_1_pos_pattern_33	epidermis_1	0.00816104183458302
epidermis_1_pos_pattern_34	epidermis_1	0.0064173183943096
epidermis_1_pos_pattern_35	epidermis_1	0.00621150623668324
epidermis_1_pos_pattern_36	epidermis_1	0.00432642300923665
epidermis_1_pos_pattern_37	epidermis_1	0.00618723164434018
epidermis_1_pos_pattern_38	epidermis_1	0.00092075037401776
epidermis_1_pos_pattern_39	epidermis_1	0.00240632650014517
epidermis_1_pos_pattern_4	epidermis_1	0.0080907168686643
epidermis_1_pos_pattern_40	epidermis_1	0.00153939798474312
epidermis_1_pos_pattern_41	epidermis_1	0.00612285219389817
epidermis_1_pos_pattern_42	epidermis_1	0.00573673954716435
epidermis_1_pos_pattern_43	epidermis_1	0.000958687984026395
epidermis_1_pos_pattern_44	epidermis_1	0.00537452697753906
epidermis_1_pos_pattern_5	epidermis_1	0.00669273226048379
epidermis_1_pos_pattern_6	epidermis_1	0.00934511690284313
epidermis_1_pos_pattern_7	epidermis_1	0.00892014930249184
epidermis_1_pos_pattern_8	epidermis_1	0.0077279835867479
epidermis_1_pos_pattern_9	epidermis_1	0.00501068329914308
epidermis_1_neg_pattern_0	epidermis_1	-0.00490129316175306
epidermis_1_neg_pattern_1	epidermis_1	-0.00422268210297422
epidermis_1_neg_pattern_10	epidermis_1	-0.00448188534030667
epidermis_1_neg_pattern_11	epidermis_1	-0.00507226537485592
epidermis_1_neg_pattern_12	epidermis_1	-0.00579375551457991
epidermis_1_neg_pattern_13	epidermis_1	-0.00673866271972656
epidermis_1_neg_pattern_14	epidermis_1	-0.0046743348587391
epidermis_1_neg_pattern_15	epidermis_1	-0.00509394539727105
epidermis_1_neg_pattern_16	epidermis_1	-0.00497269630432129
epidermis_1_neg_pattern_17	epidermis_1	-0.000975900888442993
epidermis_1_neg_pattern_2	epidermis_1	-0.00569992715662176
epidermis_1_neg_pattern_3	epidermis_1	-0.00692745597062711
epidermis_1_neg_pattern_4	epidermis_1	-0.00519573596096778
epidermis_1_neg_pattern_5	epidermis_1	-0.00611416238253234
epidermis_1_neg_pattern_6	epidermis_1	-0.00571337316790198
epidermis_1_neg_pattern_7	epidermis_1	-0.00414649077824184
epidermis_1_neg_pattern_8	epidermis_1	-0.00594585313709504
epidermis_1_neg_pattern_9	epidermis_1	-0.00389070864076968
precursors_1_pos_pattern_0	precursors_1	0.0147498454293241
precursors_1_pos_pattern_1	precursors_1	0.0064203062408805
precursors_1_pos_pattern_10	precursors_1	0.00970238824433918
precursors_1_pos_pattern_11	precursors_1	0.00662961408689425
precursors_1_pos_pattern_12	precursors_1	0.00842426008391149
precursors_1_pos_pattern_13	precursors_1	0.00906008350057621
precursors_1_pos_pattern_14	precursors_1	0.00768597808406547
precursors_1_pos_pattern_15	precursors_1	0.00921402096376984
precursors_1_pos_pattern_16	precursors_1	0.00703331722024961
precursors_1_pos_pattern_17	precursors_1	0.00598491553877508
precursors_1_pos_pattern_18	precursors_1	0.0076624595078846
precursors_1_pos_pattern_19	precursors_1	0.00274599458969815
precursors_1_pos_pattern_2	precursors_1	0.00997998955980861
precursors_1_pos_pattern_20	precursors_1	0.00674174002957243
precursors_1_pos_pattern_21	precursors_1	0.00655915823068705
precursors_1_pos_pattern_22	precursors_1	0.00678815392299472
precursors_1_pos_pattern_23	precursors_1	0.00522922004401351
precursors_1_pos_pattern_24	precursors_1	0.00596867331975623
precursors_1_pos_pattern_25	precursors_1	0.00751486625380188
precursors_1_pos_pattern_26	precursors_1	0.00909734944828221
precursors_1_pos_pattern_27	precursors_1	0.000497392917934217
precursors_1_pos_pattern_28	precursors_1	0.0105042012532552
precursors_1_pos_pattern_29	precursors_1	0.00265193081671192
precursors_1_pos_pattern_3	precursors_1	0.00833901023796186
precursors_1_pos_pattern_30	precursors_1	0.00293008576739918
precursors_1_pos_pattern_31	precursors_1	0.0077974186387173
precursors_1_pos_pattern_32	precursors_1	0.00738747914632161
precursors_1_pos_pattern_33	precursors_1	0.00625118456388775
precursors_1_pos_pattern_34	precursors_1	0.00945201996834047
precursors_1_pos_pattern_35	precursors_1	0.000257487807955061
precursors_1_pos_pattern_36	precursors_1	-0.00149520635604858
precursors_1_pos_pattern_37	precursors_1	0.00847482681274414
precursors_1_pos_pattern_4	precursors_1	0.0092934965653853
precursors_1_pos_pattern_5	precursors_1	0.0105527266839953
precursors_1_pos_pattern_6	precursors_1	0.0103906713986417
precursors_1_pos_pattern_7	precursors_1	0.00890952143175849
precursors_1_pos_pattern_8	precursors_1	0.00559069232737764
precursors_1_pos_pattern_9	precursors_1	0.00918422377969363
precursors_1_neg_pattern_0	precursors_1	-0.0050160919410595
precursors_1_neg_pattern_1	precursors_1	-0.0060583423165714
precursors_1_neg_pattern_10	precursors_1	-0.00385920206705729
precursors_1_neg_pattern_11	precursors_1	-0.0046177864074707
precursors_1_neg_pattern_2	precursors_1	-0.0051182979761168
precursors_1_neg_pattern_3	precursors_1	-0.00451523917061942
precursors_1_neg_pattern_4	precursors_1	-0.00502686751516242
precursors_1_neg_pattern_5	precursors_1	-0.00490803621253189
precursors_1_neg_pattern_6	precursors_1	-0.00514878617956283
precursors_1_neg_pattern_7	precursors_1	-0.00542752851139415
precursors_1_neg_pattern_8	precursors_1	-0.00530091454001034
precursors_1_neg_pattern_9	precursors_1	-0.00379250844319661
precursors_2_pos_pattern_0	precursors_2	0.0123704789477659
precursors_2_pos_pattern_1	precursors_2	0.00871006120054758
precursors_2_pos_pattern_10	precursors_2	0.00576261298244114
precursors_2_pos_pattern_11	precursors_2	0.00673492876628829
precursors_2_pos_pattern_12	precursors_2	0.00436084945145427
precursors_2_pos_pattern_13	precursors_2	0.00396000503820215
precursors_2_pos_pattern_14	precursors_2	0.00371702496368106
precursors_2_pos_pattern_15	precursors_2	0.00345665687436304
precursors_2_pos_pattern_16	precursors_2	0.00355555290399596
precursors_2_pos_pattern_17	precursors_2	0.00464676598371085
precursors_2_pos_pattern_18	precursors_2	0.000943032483900747
precursors_2_pos_pattern_19	precursors_2	0.00489598266349351
precursors_2_pos_pattern_2	precursors_2	0.00761251437470196
precursors_2_pos_pattern_20	precursors_2	0.0100023651123047
precursors_2_pos_pattern_21	precursors_2	0.00668740883851663
precursors_2_pos_pattern_22	precursors_2	0.00218688371853951
precursors_2_pos_pattern_23	precursors_2	0.00062865179938239
precursors_2_pos_pattern_24	precursors_2	0.00564448038736979
precursors_2_pos_pattern_25	precursors_2	0.0159697899451623
precursors_2_pos_pattern_26	precursors_2	0.00810388534788102
precursors_2_pos_pattern_27	precursors_2	0.00385198053323998
precursors_2_pos_pattern_28	precursors_2	0.0113969690659467
precursors_2_pos_pattern_29	precursors_2	0.00509854858996821
precursors_2_pos_pattern_3	precursors_2	0.00895168352100283
precursors_2_pos_pattern_30	precursors_2	0.00524086356163025
precursors_2_pos_pattern_31	precursors_2	0.00912094116210938
precursors_2_pos_pattern_32	precursors_2	0.000188794629327182
precursors_2_pos_pattern_33	precursors_2	0.00657027108328683
precursors_2_pos_pattern_34	precursors_2	0.0060570790217473
precursors_2_pos_pattern_35	precursors_2	0.00652870178222656
precursors_2_pos_pattern_36	precursors_2	0.00167729025301726
precursors_2_pos_pattern_37	precursors_2	0.00767326354980469
precursors_2_pos_pattern_4	precursors_2	0.00691762133112357
precursors_2_pos_pattern_5	precursors_2	0.00941820615109294
precursors_2_pos_pattern_6	precursors_2	0.0096603598727648
precursors_2_pos_pattern_7	precursors_2	0.0107114871768677
precursors_2_pos_pattern_8	precursors_2	0.00423698246542647
precursors_2_pos_pattern_9	precursors_2	0.0045483501047042
precursors_2_neg_pattern_0	precursors_2	-0.00457738729623648
precursors_2_neg_pattern_1	precursors_2	-0.00523943231816877
precursors_2_neg_pattern_10	precursors_2	-0.00427458021375868
precursors_2_neg_pattern_2	precursors_2	-0.00563034230032883
precursors_2_neg_pattern_3	precursors_2	-0.00550956509330056
precursors_2_neg_pattern_4	precursors_2	-0.00502478842641793
precursors_2_neg_pattern_5	precursors_2	-0.00495082991463797
precursors_2_neg_pattern_6	precursors_2	-0.00431782266368037
precursors_2_neg_pattern_7	precursors_2	-0.00528858983239462
precursors_2_neg_pattern_8	precursors_2	-0.00429429763402694
precursors_2_neg_pattern_9	precursors_2	-0.00547451443142361
precursors_3_pos_pattern_0	precursors_3	0.00805929837618193
precursors_3_pos_pattern_1	precursors_3	0.009378201168857
precursors_3_pos_pattern_10	precursors_3	0.00402648569149163
precursors_3_pos_pattern_11	precursors_3	0.00402477562312231
precursors_3_pos_pattern_12	precursors_3	0.00570855686046925
precursors_3_pos_pattern_13	precursors_3	0.00525559354682052
precursors_3_pos_pattern_14	precursors_3	0.00529745339368828
precursors_3_pos_pattern_15	precursors_3	0.00445376169521178
precursors_3_pos_pattern_16	precursors_3	0.00322936652751451
precursors_3_pos_pattern_17	precursors_3	0.0049441117314216
precursors_3_pos_pattern_18	precursors_3	0.00918809487400944
precursors_3_pos_pattern_19	precursors_3	0.00347064300016923
precursors_3_pos_pattern_2	precursors_3	0.01003880403374
precursors_3_pos_pattern_20	precursors_3	0.00374351734677777
precursors_3_pos_pattern_21	precursors_3	0.0087264392869588
precursors_3_pos_pattern_22	precursors_3	0.00527339008119371
precursors_3_pos_pattern_23	precursors_3	0.00926652065543241
precursors_3_pos_pattern_24	precursors_3	0.00517402468500911
precursors_3_pos_pattern_25	precursors_3	0.00665815009011163
precursors_3_pos_pattern_26	precursors_3	0.00544080138206482
precursors_3_pos_pattern_27	precursors_3	0.00469102316755589
precursors_3_pos_pattern_28	precursors_3	0.00493164749832841
precursors_3_pos_pattern_29	precursors_3	0.00631463173592445
precursors_3_pos_pattern_3	precursors_3	0.00944767311871945
precursors_3_pos_pattern_30	precursors_3	0.00313692092895508
precursors_3_pos_pattern_31	precursors_3	0.00615244898302802
precursors_3_pos_pattern_32	precursors_3	0.00361126508468237
precursors_3_pos_pattern_33	precursors_3	0.00199266274770101
precursors_3_pos_pattern_34	precursors_3	0.00722799909875748
precursors_3_pos_pattern_35	precursors_3	0.000552320166638023
precursors_3_pos_pattern_36	precursors_3	0.00768444754860618
precursors_3_pos_pattern_37	precursors_3	0.00207199156284332
precursors_3_pos_pattern_38	precursors_3	0.00263957977294922
precursors_3_pos_pattern_4	precursors_3	0.0054344821542222
precursors_3_pos_pattern_5	precursors_3	0.0103466813614184
precursors_3_pos_pattern_6	precursors_3	0.0076336040658183
precursors_3_pos_pattern_7	precursors_3	0.00593841001739027
precursors_3_pos_pattern_8	precursors_3	0.00677580766564691
precursors_3_pos_pattern_9	precursors_3	0.00561182186982342
precursors_3_neg_pattern_0	precursors_3	-0.00599177107214928
precursors_3_neg_pattern_1	precursors_3	-0.00468587195788313
precursors_3_neg_pattern_10	precursors_3	0.000751583962827116
precursors_3_neg_pattern_11	precursors_3	-0.004531509736005
precursors_3_neg_pattern_12	precursors_3	-0.00432816991266215
precursors_3_neg_pattern_13	precursors_3	-0.00445923981843171
precursors_3_neg_pattern_14	precursors_3	-0.00530997566554857
precursors_3_neg_pattern_2	precursors_3	-0.00796662296157285
precursors_3_neg_pattern_3	precursors_3	-0.00420652614550644
precursors_3_neg_pattern_4	precursors_3	-0.00483515954786731
precursors_3_neg_pattern_5	precursors_3	-0.00493868914517489
precursors_3_neg_pattern_6	precursors_3	-0.00552178010707948
precursors_3_neg_pattern_7	precursors_3	-0.00402210297123078
precursors_3_neg_pattern_8	precursors_3	-0.00383330753871373
precursors_3_neg_pattern_9	precursors_3	-0.00633126786611613
neuron_GATA_Islet_1_pos_pattern_0	neuron_GATA_Islet_1	0.0133851892712173
neuron_GATA_Islet_1_pos_pattern_1	neuron_GATA_Islet_1	0.0106332845444295
neuron_GATA_Islet_1_pos_pattern_10	neuron_GATA_Islet_1	0.00908722460621232
neuron_GATA_Islet_1_pos_pattern_11	neuron_GATA_Islet_1	0.00786536744856086
neuron_GATA_Islet_1_pos_pattern_12	neuron_GATA_Islet_1	0.00576858010521547
neuron_GATA_Islet_1_pos_pattern_13	neuron_GATA_Islet_1	0.00908963164390876
neuron_GATA_Islet_1_pos_pattern_14	neuron_GATA_Islet_1	0.00597342738398799
neuron_GATA_Islet_1_pos_pattern_15	neuron_GATA_Islet_1	0.00836085434183697
neuron_GATA_Islet_1_pos_pattern_16	neuron_GATA_Islet_1	0.00776342460309255
neuron_GATA_Islet_1_pos_pattern_17	neuron_GATA_Islet_1	0.0067998282929771
neuron_GATA_Islet_1_pos_pattern_18	neuron_GATA_Islet_1	0.00812946337659212
neuron_GATA_Islet_1_pos_pattern_19	neuron_GATA_Islet_1	0.0105957283693201
neuron_GATA_Islet_1_pos_pattern_2	neuron_GATA_Islet_1	0.0125697992770608
neuron_GATA_Islet_1_pos_pattern_20	neuron_GATA_Islet_1	0.00856102583651057
neuron_GATA_Islet_1_pos_pattern_21	neuron_GATA_Islet_1	0.00429854275267801
neuron_GATA_Islet_1_pos_pattern_22	neuron_GATA_Islet_1	0.0107811805897189
neuron_GATA_Islet_1_pos_pattern_23	neuron_GATA_Islet_1	0.00594358891248703
neuron_GATA_Islet_1_pos_pattern_24	neuron_GATA_Islet_1	0.00837042200283741
neuron_GATA_Islet_1_pos_pattern_25	neuron_GATA_Islet_1	0.00921728552841559
neuron_GATA_Islet_1_pos_pattern_26	neuron_GATA_Islet_1	0.0104566664922805
neuron_GATA_Islet_1_pos_pattern_27	neuron_GATA_Islet_1	0.00522193908691406
neuron_GATA_Islet_1_pos_pattern_28	neuron_GATA_Islet_1	0.00377735910536368
neuron_GATA_Islet_1_pos_pattern_29	neuron_GATA_Islet_1	0.00704302469889323
neuron_GATA_Islet_1_pos_pattern_3	neuron_GATA_Islet_1	0.00703308940511528
neuron_GATA_Islet_1_pos_pattern_30	neuron_GATA_Islet_1	0.00526836940220424
neuron_GATA_Islet_1_pos_pattern_31	neuron_GATA_Islet_1	0.00555068859155627
neuron_GATA_Islet_1_pos_pattern_32	neuron_GATA_Islet_1	0.00814736684163412
neuron_GATA_Islet_1_pos_pattern_33	neuron_GATA_Islet_1	0.00522126822636045
neuron_GATA_Islet_1_pos_pattern_34	neuron_GATA_Islet_1	0.00801544189453125
neuron_GATA_Islet_1_pos_pattern_35	neuron_GATA_Islet_1	-0.000963122379489061
neuron_GATA_Islet_1_pos_pattern_36	neuron_GATA_Islet_1	0.00682397322221236
neuron_GATA_Islet_1_pos_pattern_37	neuron_GATA_Islet_1	0.009947996873122
neuron_GATA_Islet_1_pos_pattern_38	neuron_GATA_Islet_1	0.00371236067551833
neuron_GATA_Islet_1_pos_pattern_39	neuron_GATA_Islet_1	0.00822357177734375
neuron_GATA_Islet_1_pos_pattern_4	neuron_GATA_Islet_1	0.0116043054668898
neuron_GATA_Islet_1_pos_pattern_40	neuron_GATA_Islet_1	0.00180155580694025
neuron_GATA_Islet_1_pos_pattern_41	neuron_GATA_Islet_1	0.000456343997608532
neuron_GATA_Islet_1_pos_pattern_5	neuron_GATA_Islet_1	0.00837461939442889
neuron_GATA_Islet_1_pos_pattern_6	neuron_GATA_Islet_1	0.0143857836388783
neuron_GATA_Islet_1_pos_pattern_7	neuron_GATA_Islet_1	0.0100359729923821
neuron_GATA_Islet_1_pos_pattern_8	neuron_GATA_Islet_1	0.0122825441599672
neuron_GATA_Islet_1_pos_pattern_9	neuron_GATA_Islet_1	0.0114334277218209
neuron_GATA_Islet_1_neg_pattern_0	neuron_GATA_Islet_1	-0.00719265361408611
neuron_GATA_Islet_1_neg_pattern_1	neuron_GATA_Islet_1	-0.00770228842030401
neuron_GATA_Islet_1_neg_pattern_10	neuron_GATA_Islet_1	-0.00657049814860026
neuron_GATA_Islet_1_neg_pattern_11	neuron_GATA_Islet_1	-0.00629205703735352
neuron_GATA_Islet_1_neg_pattern_2	neuron_GATA_Islet_1	-0.00847947597503662
neuron_GATA_Islet_1_neg_pattern_3	neuron_GATA_Islet_1	-0.00817654496532376
neuron_GATA_Islet_1_neg_pattern_4	neuron_GATA_Islet_1	-0.00526179823764535
neuron_GATA_Islet_1_neg_pattern_5	neuron_GATA_Islet_1	-0.00627171120992521
neuron_GATA_Islet_1_neg_pattern_6	neuron_GATA_Islet_1	-0.00527921404157366
neuron_GATA_Islet_1_neg_pattern_7	neuron_GATA_Islet_1	-0.00587037893442007
neuron_GATA_Islet_1_neg_pattern_8	neuron_GATA_Islet_1	-0.00825393676757813
neuron_GATA_Islet_1_neg_pattern_9	neuron_GATA_Islet_1	-0.00669944763183594
neuron_Pou4_FoxL2_2_pos_pattern_0	neuron_Pou4_FoxL2_2	0.0121335778181897
neuron_Pou4_FoxL2_2_pos_pattern_1	neuron_Pou4_FoxL2_2	0.0133247684930414
neuron_Pou4_FoxL2_2_pos_pattern_10	neuron_Pou4_FoxL2_2	0.00756216897533239
neuron_Pou4_FoxL2_2_pos_pattern_11	neuron_Pou4_FoxL2_2	0.0125736015222085
neuron_Pou4_FoxL2_2_pos_pattern_12	neuron_Pou4_FoxL2_2	0.00847768269991618
neuron_Pou4_FoxL2_2_pos_pattern_13	neuron_Pou4_FoxL2_2	0.00610032180259968
neuron_Pou4_FoxL2_2_pos_pattern_14	neuron_Pou4_FoxL2_2	0.00596513447008635
neuron_Pou4_FoxL2_2_pos_pattern_15	neuron_Pou4_FoxL2_2	0.00657872066778295
neuron_Pou4_FoxL2_2_pos_pattern_16	neuron_Pou4_FoxL2_2	0.00604072257653991
neuron_Pou4_FoxL2_2_pos_pattern_17	neuron_Pou4_FoxL2_2	0.00904468823504704
neuron_Pou4_FoxL2_2_pos_pattern_18	neuron_Pou4_FoxL2_2	0.0058077436504942
neuron_Pou4_FoxL2_2_pos_pattern_19	neuron_Pou4_FoxL2_2	0.00949577812675957
neuron_Pou4_FoxL2_2_pos_pattern_2	neuron_Pou4_FoxL2_2	0.0107508725948162
neuron_Pou4_FoxL2_2_pos_pattern_20	neuron_Pou4_FoxL2_2	0.0114173169405955
neuron_Pou4_FoxL2_2_pos_pattern_21	neuron_Pou4_FoxL2_2	-0.00157079384440467
neuron_Pou4_FoxL2_2_pos_pattern_22	neuron_Pou4_FoxL2_2	-0.00313007047301845
neuron_Pou4_FoxL2_2_pos_pattern_3	neuron_Pou4_FoxL2_2	0.0108845131165621
neuron_Pou4_FoxL2_2_pos_pattern_4	neuron_Pou4_FoxL2_2	0.0116250107724784
neuron_Pou4_FoxL2_2_pos_pattern_5	neuron_Pou4_FoxL2_2	0.0129208757504428
neuron_Pou4_FoxL2_2_pos_pattern_6	neuron_Pou4_FoxL2_2	0.0110907284979546
neuron_Pou4_FoxL2_2_pos_pattern_7	neuron_Pou4_FoxL2_2	0.00884071863659724
neuron_Pou4_FoxL2_2_pos_pattern_8	neuron_Pou4_FoxL2_2	0.00676127463253631
neuron_Pou4_FoxL2_2_pos_pattern_9	neuron_Pou4_FoxL2_2	0.00978096532549867
neuron_Pou4_FoxL2_2_neg_pattern_0	neuron_Pou4_FoxL2_2	-0.00726972176478459
neuron_Pou4_FoxL2_2_neg_pattern_1	neuron_Pou4_FoxL2_2	-0.00954295567103795
neuron_Pou4_FoxL2_2_neg_pattern_10	neuron_Pou4_FoxL2_2	-0.00762491226196289
neuron_Pou4_FoxL2_2_neg_pattern_2	neuron_Pou4_FoxL2_2	-0.00759314235888029
neuron_Pou4_FoxL2_2_neg_pattern_3	neuron_Pou4_FoxL2_2	-0.0067853154362859
neuron_Pou4_FoxL2_2_neg_pattern_4	neuron_Pou4_FoxL2_2	-0.00774203406439887
neuron_Pou4_FoxL2_2_neg_pattern_5	neuron_Pou4_FoxL2_2	-0.00678144182477679
neuron_Pou4_FoxL2_2_neg_pattern_6	neuron_Pou4_FoxL2_2	-0.00724881490071615
neuron_Pou4_FoxL2_2_neg_pattern_7	neuron_Pou4_FoxL2_2	-0.00702140808105469
neuron_Pou4_FoxL2_2_neg_pattern_8	neuron_Pou4_FoxL2_2	-0.00514976183573405
neuron_Pou4_FoxL2_2_neg_pattern_9	neuron_Pou4_FoxL2_2	-0.00774628775460379
gland_pos_pattern_0	gland	0.0134443653256592
gland_pos_pattern_1	gland	0.00912013154110666
gland_pos_pattern_10	gland	0.00465457699794075
gland_pos_pattern_11	gland	0.0081300932307576
gland_pos_pattern_12	gland	0.00684925632290421
gland_pos_pattern_13	gland	0.00741088941852393
gland_pos_pattern_14	gland	0.00438876311415041
gland_pos_pattern_15	gland	0.00660811479275043
gland_pos_pattern_16	gland	0.00706368487028149
gland_pos_pattern_17	gland	0.00815123904605127
gland_pos_pattern_18	gland	0.00458675512150761
gland_pos_pattern_19	gland	0.00610102699921194
gland_pos_pattern_2	gland	0.00785001051214512
gland_pos_pattern_20	gland	0.00759442952963022
gland_pos_pattern_21	gland	0.00895029125791607
gland_pos_pattern_22	gland	0.00602283950679558
gland_pos_pattern_23	gland	0.00706874529520671
gland_pos_pattern_24	gland	0.00947637881262828
gland_pos_pattern_25	gland	0.00580892458066836
gland_pos_pattern_26	gland	0.00777105443617877
gland_pos_pattern_27	gland	0.00929415225982666
gland_pos_pattern_28	gland	0.00311850649969918
gland_pos_pattern_29	gland	0.00100340522252596
gland_pos_pattern_3	gland	0.00856342563062287
gland_pos_pattern_30	gland	0.0104483032226563
gland_pos_pattern_31	gland	0.00628845059141821
gland_pos_pattern_32	gland	0.00703665550718916
gland_pos_pattern_33	gland	0.00682445005937056
gland_pos_pattern_34	gland	-0.00160167813301086
gland_pos_pattern_35	gland	0.0100581520482113
gland_pos_pattern_36	gland	0.00893989769188134
gland_pos_pattern_37	gland	0.00628579325146145
gland_pos_pattern_38	gland	9.9336399751551e-05
gland_pos_pattern_39	gland	0.00782304651596967
gland_pos_pattern_4	gland	0.00906334650551997
gland_pos_pattern_40	gland	0.00637294400122858
gland_pos_pattern_41	gland	0.00534248352050781
gland_pos_pattern_42	gland	0.0100119272867839
gland_pos_pattern_43	gland	0.00143105613774267
gland_pos_pattern_44	gland	0.00432109832763672
gland_pos_pattern_45	gland	0.00572981657805266
gland_pos_pattern_46	gland	0.00658702850341797
gland_pos_pattern_47	gland	0.0168646032159979
gland_pos_pattern_5	gland	0.00755569098071214
gland_pos_pattern_6	gland	0.00541238092809994
gland_pos_pattern_7	gland	0.00879079400335088
gland_pos_pattern_8	gland	0.00967992032365049
gland_pos_pattern_9	gland	0.00787674060778298
gland_neg_pattern_0	gland	-0.0052688547543117
gland_neg_pattern_1	gland	-0.0055565215249098
gland_neg_pattern_10	gland	-0.0053032094782049
gland_neg_pattern_11	gland	-0.00586806403266059
gland_neg_pattern_12	gland	-0.00404491424560547
gland_neg_pattern_13	gland	-0.00415218577665441
gland_neg_pattern_14	gland	-0.0089427806712963
gland_neg_pattern_2	gland	-0.00564011238716744
gland_neg_pattern_3	gland	-0.00585825371019768
gland_neg_pattern_4	gland	-0.00522532776324418
gland_neg_pattern_5	gland	-0.00564246290312039
gland_neg_pattern_6	gland	-0.00572690275526538
gland_neg_pattern_7	gland	-0.00462534051192434
gland_neg_pattern_8	gland	-0.00391405056684445
gland_neg_pattern_9	gland	-0.00677131538960471
ectoderm_pos_pattern_0	ectoderm	0.0142923216002819
ectoderm_pos_pattern_1	ectoderm	0.0168709226048199
ectoderm_pos_pattern_10	ectoderm	0.0106969127584763
ectoderm_pos_pattern_11	ectoderm	0.00887306337107503
ectoderm_pos_pattern_12	ectoderm	0.00889625602803813
ectoderm_pos_pattern_13	ectoderm	0.0104499662742109
ectoderm_pos_pattern_14	ectoderm	0.0117178488585909
ectoderm_pos_pattern_15	ectoderm	0.00684134508318086
ectoderm_pos_pattern_16	ectoderm	0.00904270251494726
ectoderm_pos_pattern_17	ectoderm	0.00622338972364863
ectoderm_pos_pattern_18	ectoderm	0.00615894776429423
ectoderm_pos_pattern_19	ectoderm	0.0105552308878322
ectoderm_pos_pattern_2	ectoderm	0.0127778751557247
ectoderm_pos_pattern_20	ectoderm	0.00892454205137311
ectoderm_pos_pattern_21	ectoderm	0.0049552107092195
ectoderm_pos_pattern_22	ectoderm	0.0115409794768724
ectoderm_pos_pattern_23	ectoderm	0.00777028246623714
ectoderm_pos_pattern_24	ectoderm	0.00974832544672674
ectoderm_pos_pattern_25	ectoderm	0.00760021348939325
ectoderm_pos_pattern_26	ectoderm	0.0143062785520392
ectoderm_pos_pattern_27	ectoderm	0.0119064544962945
ectoderm_pos_pattern_28	ectoderm	0.00533754580488829
ectoderm_pos_pattern_29	ectoderm	0.011346403157936
ectoderm_pos_pattern_3	ectoderm	0.0121742964323186
ectoderm_pos_pattern_30	ectoderm	0.013522221491887
ectoderm_pos_pattern_31	ectoderm	0.0131749617747771
ectoderm_pos_pattern_32	ectoderm	0.00781562593248155
ectoderm_pos_pattern_33	ectoderm	0.0101736725353804
ectoderm_pos_pattern_34	ectoderm	0.00403579336697938
ectoderm_pos_pattern_35	ectoderm	0.0108329509866649
ectoderm_pos_pattern_36	ectoderm	0.011526827542287
ectoderm_pos_pattern_37	ectoderm	0.0113142798928653
ectoderm_pos_pattern_38	ectoderm	0.0122463226318359
ectoderm_pos_pattern_39	ectoderm	-0.00130664805571238
ectoderm_pos_pattern_4	ectoderm	0.0110011666782143
ectoderm_pos_pattern_40	ectoderm	0.0171184539794922
ectoderm_pos_pattern_41	ectoderm	0.0128070831298828
ectoderm_pos_pattern_42	ectoderm	0.0106721878051758
ectoderm_pos_pattern_5	ectoderm	0.00923553268496524
ectoderm_pos_pattern_6	ectoderm	0.0135014330847024
ectoderm_pos_pattern_7	ectoderm	0.0113018248196778
ectoderm_pos_pattern_8	ectoderm	0.012885821869691
ectoderm_pos_pattern_9	ectoderm	0.0130928673143821
ectoderm_neg_pattern_0	ectoderm	-0.0129481560843331
ectoderm_neg_pattern_1	ectoderm	-0.00722986161708832
ectoderm_neg_pattern_10	ectoderm	-0.00761070618262658
ectoderm_neg_pattern_11	ectoderm	-0.0075638344947328
ectoderm_neg_pattern_12	ectoderm	-0.00553191689883961
ectoderm_neg_pattern_13	ectoderm	-0.00726267657702482
ectoderm_neg_pattern_14	ectoderm	-0.00834981600443522
ectoderm_neg_pattern_15	ectoderm	-0.00696657705998075
ectoderm_neg_pattern_16	ectoderm	-0.00411257668147012
ectoderm_neg_pattern_17	ectoderm	-0.00865130954318576
ectoderm_neg_pattern_18	ectoderm	-0.00818280306729403
ectoderm_neg_pattern_19	ectoderm	-0.00754140218098958
ectoderm_neg_pattern_2	ectoderm	-0.00625327325636341
ectoderm_neg_pattern_3	ectoderm	-0.00913582823147027
ectoderm_neg_pattern_4	ectoderm	-0.00681241766198889
ectoderm_neg_pattern_5	ectoderm	-0.00813998567297104
ectoderm_neg_pattern_6	ectoderm	-0.00883368607405778
ectoderm_neg_pattern_7	ectoderm	-0.00735390323331986
ectoderm_neg_pattern_8	ectoderm	-0.0102693851177509
ectoderm_neg_pattern_9	ectoderm	-0.00631100726577471
EMS_pos_pattern_0	EMS	0.00917384850914124
EMS_pos_pattern_1	EMS	0.0171758952908762
EMS_pos_pattern_10	EMS	0.0052239966643484
EMS_pos_pattern_11	EMS	0.00917211068863802
EMS_pos_pattern_12	EMS	0.00477234649178166
EMS_pos_pattern_13	EMS	0.00924110598017161
EMS_pos_pattern_14	EMS	0.00683095219137937
EMS_pos_pattern_15	EMS	0.00631805758468701
EMS_pos_pattern_16	EMS	0.00409246458966508
EMS_pos_pattern_17	EMS	0.00951336570408033
EMS_pos_pattern_18	EMS	0.00660314052803082
EMS_pos_pattern_19	EMS	0.0101686466239884
EMS_pos_pattern_2	EMS	0.0111453977178641
EMS_pos_pattern_20	EMS	0.000611237990550506
EMS_pos_pattern_21	EMS	0.00697531790103553
EMS_pos_pattern_22	EMS	0.0082400826846852
EMS_pos_pattern_23	EMS	0.0095622004294882
EMS_pos_pattern_24	EMS	0.0107253392537435
EMS_pos_pattern_25	EMS	-0.00177978454752171
EMS_pos_pattern_26	EMS	0.00177740014117697
EMS_pos_pattern_27	EMS	0.00298068636939639
EMS_pos_pattern_28	EMS	0.000872650207617344
EMS_pos_pattern_29	EMS	0.00929961333403716
EMS_pos_pattern_3	EMS	0.0104399893490075
EMS_pos_pattern_30	EMS	0.00754449026925223
EMS_pos_pattern_31	EMS	0.0124066296745749
EMS_pos_pattern_32	EMS	0.00629401929450758
EMS_pos_pattern_33	EMS	0.0114163160324097
EMS_pos_pattern_34	EMS	0.00881874561309815
EMS_pos_pattern_35	EMS	0.0114119299526872
EMS_pos_pattern_36	EMS	0.0011379827152599
EMS_pos_pattern_4	EMS	0.0114493417010576
EMS_pos_pattern_5	EMS	0.0125327909434283
EMS_pos_pattern_6	EMS	0.00993468372919933
EMS_pos_pattern_7	EMS	0.011540807810576
EMS_pos_pattern_8	EMS	0.0120477636150181
EMS_pos_pattern_9	EMS	0.00657894320416921
EMS_neg_pattern_0	EMS	-0.00901497993760436
EMS_neg_pattern_1	EMS	-0.00925314923127492
EMS_neg_pattern_10	EMS	0.0129712852271828
EMS_neg_pattern_11	EMS	-0.0063309736654792
EMS_neg_pattern_12	EMS	-0.00742774785951126
EMS_neg_pattern_13	EMS	-0.00895896324744591
EMS_neg_pattern_14	EMS	-0.00774058173684513
EMS_neg_pattern_15	EMS	0.020878371070413
EMS_neg_pattern_16	EMS	-0.00402930687213766
EMS_neg_pattern_17	EMS	-0.0077208739060622
EMS_neg_pattern_2	EMS	-0.00580861800142964
EMS_neg_pattern_3	EMS	-0.00643715569981477
EMS_neg_pattern_4	EMS	-0.00734119415283203
EMS_neg_pattern_5	EMS	-0.00777785267148699
EMS_neg_pattern_6	EMS	-0.00491654382993097
EMS_neg_pattern_7	EMS	-0.00709955153926726
EMS_neg_pattern_8	EMS	-0.00750473058112314
EMS_neg_pattern_9	EMS	-0.005583922068278
ecto_aboral_pos_pattern_0	ecto_aboral	0.0169010912505149
ecto_aboral_pos_pattern_1	ecto_aboral	0.0115380325791615
ecto_aboral_pos_pattern_10	ecto_aboral	0.0127410970043404
ecto_aboral_pos_pattern_11	ecto_aboral	0.00711692749185765
ecto_aboral_pos_pattern_12	ecto_aboral	0.00677138966079863
ecto_aboral_pos_pattern_13	ecto_aboral	0.00892658388321298
ecto_aboral_pos_pattern_14	ecto_aboral	0.0101906295134642
ecto_aboral_pos_pattern_15	ecto_aboral	0.0108981257333805
ecto_aboral_pos_pattern_16	ecto_aboral	0.00975300092250109
ecto_aboral_pos_pattern_17	ecto_aboral	0.00826188350158233
ecto_aboral_pos_pattern_18	ecto_aboral	0.011973249378489
ecto_aboral_pos_pattern_19	ecto_aboral	0.00655354556874332
ecto_aboral_pos_pattern_2	ecto_aboral	0.0115517565586399
ecto_aboral_pos_pattern_20	ecto_aboral	0.00917532521968454
ecto_aboral_pos_pattern_21	ecto_aboral	0.00498673565670758
ecto_aboral_pos_pattern_22	ecto_aboral	0.0097251308466537
ecto_aboral_pos_pattern_23	ecto_aboral	0.00674603162985085
ecto_aboral_pos_pattern_24	ecto_aboral	0.00793219759701863
ecto_aboral_pos_pattern_25	ecto_aboral	0.00463118019603914
ecto_aboral_pos_pattern_26	ecto_aboral	0.0120956886542235
ecto_aboral_pos_pattern_27	ecto_aboral	0.00974383612571679
ecto_aboral_pos_pattern_28	ecto_aboral	0.012623793159435
ecto_aboral_pos_pattern_29	ecto_aboral	0.00679729830834173
ecto_aboral_pos_pattern_3	ecto_aboral	0.0111823622795076
ecto_aboral_pos_pattern_30	ecto_aboral	0.000407536824544271
ecto_aboral_pos_pattern_31	ecto_aboral	0.00814178533721388
ecto_aboral_pos_pattern_32	ecto_aboral	0.010671854019165
ecto_aboral_pos_pattern_33	ecto_aboral	0.00850058056059338
ecto_aboral_pos_pattern_34	ecto_aboral	0.000190028638550729
ecto_aboral_pos_pattern_35	ecto_aboral	0.00842341598199338
ecto_aboral_pos_pattern_36	ecto_aboral	0.00688231786092122
ecto_aboral_pos_pattern_37	ecto_aboral	0.0117077345258734
ecto_aboral_pos_pattern_38	ecto_aboral	0.00304720822502585
ecto_aboral_pos_pattern_39	ecto_aboral	0.0137561280050395
ecto_aboral_pos_pattern_4	ecto_aboral	0.0122256390694365
ecto_aboral_pos_pattern_40	ecto_aboral	0.00959101809731013
ecto_aboral_pos_pattern_41	ecto_aboral	0.00771612998766777
ecto_aboral_pos_pattern_42	ecto_aboral	0.00714455789594508
ecto_aboral_pos_pattern_43	ecto_aboral	0.000690338658351524
ecto_aboral_pos_pattern_44	ecto_aboral	0.00276267411662083
ecto_aboral_pos_pattern_45	ecto_aboral	-0.00178143501281738
ecto_aboral_pos_pattern_46	ecto_aboral	0.00579329331715902
ecto_aboral_pos_pattern_47	ecto_aboral	0.0106386457170759
ecto_aboral_pos_pattern_48	ecto_aboral	0.00853633880615234
ecto_aboral_pos_pattern_49	ecto_aboral	0.00859936800870029
ecto_aboral_pos_pattern_5	ecto_aboral	0.0131168945698002
ecto_aboral_pos_pattern_50	ecto_aboral	0.0116462707519531
ecto_aboral_pos_pattern_51	ecto_aboral	0.00569782938276018
ecto_aboral_pos_pattern_52	ecto_aboral	0.0095044595223886
ecto_aboral_pos_pattern_53	ecto_aboral	0.00841244061787923
ecto_aboral_pos_pattern_54	ecto_aboral	0.00699951535179501
ecto_aboral_pos_pattern_55	ecto_aboral	0.000920945405960083
ecto_aboral_pos_pattern_56	ecto_aboral	0.000612783432006836
ecto_aboral_pos_pattern_6	ecto_aboral	0.0092021628319284
ecto_aboral_pos_pattern_7	ecto_aboral	0.011294773744524
ecto_aboral_pos_pattern_8	ecto_aboral	0.0129022120743347
ecto_aboral_pos_pattern_9	ecto_aboral	0.0181670539071581
ecto_aboral_neg_pattern_0	ecto_aboral	-0.00993183072052854
ecto_aboral_neg_pattern_1	ecto_aboral	-0.00612828956460053
ecto_aboral_neg_pattern_10	ecto_aboral	-0.00764697986644703
ecto_aboral_neg_pattern_11	ecto_aboral	-0.00728694502129612
ecto_aboral_neg_pattern_12	ecto_aboral	-0.00755358934402466
ecto_aboral_neg_pattern_13	ecto_aboral	-0.00716011612503617
ecto_aboral_neg_pattern_14	ecto_aboral	-0.00895572158525575
ecto_aboral_neg_pattern_15	ecto_aboral	-0.00659764331320058
ecto_aboral_neg_pattern_16	ecto_aboral	0.0104675837925502
ecto_aboral_neg_pattern_17	ecto_aboral	-0.00721109830416166
ecto_aboral_neg_pattern_18	ecto_aboral	-0.00498082421042702
ecto_aboral_neg_pattern_2	ecto_aboral	-0.0073106468068382
ecto_aboral_neg_pattern_3	ecto_aboral	-0.00577234920067123
ecto_aboral_neg_pattern_4	ecto_aboral	-0.00740963105232485
ecto_aboral_neg_pattern_5	ecto_aboral	-0.00705183664957682
ecto_aboral_neg_pattern_6	ecto_aboral	-0.00676408495221819
ecto_aboral_neg_pattern_7	ecto_aboral	-0.00627956693134611
ecto_aboral_neg_pattern_8	ecto_aboral	-0.00622319729528695
ecto_aboral_neg_pattern_9	ecto_aboral	-0.00662049623293297
ecto_pharynx_pos_pattern_0	ecto_pharynx	0.0161178289452118
ecto_pharynx_pos_pattern_1	ecto_pharynx	0.0124969770448774
ecto_pharynx_pos_pattern_10	ecto_pharynx	0.012104105967841
ecto_pharynx_pos_pattern_11	ecto_pharynx	0.0141536470325497
ecto_pharynx_pos_pattern_12	ecto_pharynx	0.0121231847712318
ecto_pharynx_pos_pattern_13	ecto_pharynx	0.0119839049782214
ecto_pharynx_pos_pattern_14	ecto_pharynx	0.00692374199524989
ecto_pharynx_pos_pattern_15	ecto_pharynx	0.0107095623016357
ecto_pharynx_pos_pattern_16	ecto_pharynx	0.00839729736499092
ecto_pharynx_pos_pattern_17	ecto_pharynx	0.0100807809301848
ecto_pharynx_pos_pattern_18	ecto_pharynx	0.0057629397791675
ecto_pharynx_pos_pattern_19	ecto_pharynx	0.0109190213478218
ecto_pharynx_pos_pattern_2	ecto_pharynx	0.00806450069702789
ecto_pharynx_pos_pattern_20	ecto_pharynx	0.0123501783129813
ecto_pharynx_pos_pattern_21	ecto_pharynx	0.0104920190709238
ecto_pharynx_pos_pattern_22	ecto_pharynx	0.0092893377080694
ecto_pharynx_pos_pattern_23	ecto_pharynx	0.0125700392813053
ecto_pharynx_pos_pattern_24	ecto_pharynx	0.0106893913033082
ecto_pharynx_pos_pattern_25	ecto_pharynx	0.00234137758424011
ecto_pharynx_pos_pattern_26	ecto_pharynx	0.0142959000228287
ecto_pharynx_pos_pattern_27	ecto_pharynx	0.000294459192720178
ecto_pharynx_pos_pattern_28	ecto_pharynx	0.0157442227215834
ecto_pharynx_pos_pattern_29	ecto_pharynx	0.0111540647653433
ecto_pharynx_pos_pattern_3	ecto_pharynx	0.0127895028531987
ecto_pharynx_pos_pattern_30	ecto_pharynx	0.00173676013946533
ecto_pharynx_pos_pattern_31	ecto_pharynx	0.0101449966430664
ecto_pharynx_pos_pattern_32	ecto_pharynx	0.0150428771972656
ecto_pharynx_pos_pattern_33	ecto_pharynx	0.00793765420499055
ecto_pharynx_pos_pattern_34	ecto_pharynx	0.0119962692260742
ecto_pharynx_pos_pattern_35	ecto_pharynx	0.0121970403762091
ecto_pharynx_pos_pattern_4	ecto_pharynx	0.0116298272479333
ecto_pharynx_pos_pattern_5	ecto_pharynx	0.0116715632726871
ecto_pharynx_pos_pattern_6	ecto_pharynx	0.0144356494898184
ecto_pharynx_pos_pattern_7	ecto_pharynx	0.007056537915173
ecto_pharynx_pos_pattern_8	ecto_pharynx	0.0134985825905138
ecto_pharynx_pos_pattern_9	ecto_pharynx	0.0133942809093601
ecto_pharynx_neg_pattern_0	ecto_pharynx	-0.0114370720213169
ecto_pharynx_neg_pattern_1	ecto_pharynx	-0.00659945044484172
ecto_pharynx_neg_pattern_10	ecto_pharynx	-0.0101551600864955
ecto_pharynx_neg_pattern_11	ecto_pharynx	-0.0079344235933744
ecto_pharynx_neg_pattern_12	ecto_pharynx	-0.00682631782863451
ecto_pharynx_neg_pattern_13	ecto_pharynx	-0.00461718241373698
ecto_pharynx_neg_pattern_14	ecto_pharynx	-0.00832473400027253
ecto_pharynx_neg_pattern_15	ecto_pharynx	-0.00527989236932052
ecto_pharynx_neg_pattern_16	ecto_pharynx	0.0105086911109186
ecto_pharynx_neg_pattern_17	ecto_pharynx	-0.00729152134486607
ecto_pharynx_neg_pattern_18	ecto_pharynx	-0.00533503577822731
ecto_pharynx_neg_pattern_2	ecto_pharynx	-0.00875040550371666
ecto_pharynx_neg_pattern_3	ecto_pharynx	-0.0104090122166526
ecto_pharynx_neg_pattern_4	ecto_pharynx	-0.00602066576780386
ecto_pharynx_neg_pattern_5	ecto_pharynx	-0.00588854153951009
ecto_pharynx_neg_pattern_6	ecto_pharynx	-0.00779842921665737
ecto_pharynx_neg_pattern_7	ecto_pharynx	-0.00736192836882962
ecto_pharynx_neg_pattern_8	ecto_pharynx	-0.00961350703584975
ecto_pharynx_neg_pattern_9	ecto_pharynx	-0.00838186507834528
EMS_ecto_boundary_pos_pattern_0	EMS_ecto_boundary	0.0138908532613468
EMS_ecto_boundary_pos_pattern_1	EMS_ecto_boundary	0.0148022906816696
EMS_ecto_boundary_pos_pattern_10	EMS_ecto_boundary	0.0103089721114547
EMS_ecto_boundary_pos_pattern_11	EMS_ecto_boundary	0.0117223427018191
EMS_ecto_boundary_pos_pattern_12	EMS_ecto_boundary	0.0121541701766113
EMS_ecto_boundary_pos_pattern_13	EMS_ecto_boundary	0.00606094546094811
EMS_ecto_boundary_pos_pattern_14	EMS_ecto_boundary	0.0105733192468538
EMS_ecto_boundary_pos_pattern_15	EMS_ecto_boundary	0.010667791149833
EMS_ecto_boundary_pos_pattern_16	EMS_ecto_boundary	0.0099147485227001
EMS_ecto_boundary_pos_pattern_17	EMS_ecto_boundary	0.0108512396561472
EMS_ecto_boundary_pos_pattern_18	EMS_ecto_boundary	0.00846789298801247
EMS_ecto_boundary_pos_pattern_19	EMS_ecto_boundary	0.00907163521678177
EMS_ecto_boundary_pos_pattern_2	EMS_ecto_boundary	0.0115536991661918
EMS_ecto_boundary_pos_pattern_20	EMS_ecto_boundary	0.0125472309825185
EMS_ecto_boundary_pos_pattern_21	EMS_ecto_boundary	0.0119607581855347
EMS_ecto_boundary_pos_pattern_22	EMS_ecto_boundary	0.00941363597076211
EMS_ecto_boundary_pos_pattern_23	EMS_ecto_boundary	0.0108017761435285
EMS_ecto_boundary_pos_pattern_24	EMS_ecto_boundary	0.00845943485294376
EMS_ecto_boundary_pos_pattern_25	EMS_ecto_boundary	0.00948627020723076
EMS_ecto_boundary_pos_pattern_26	EMS_ecto_boundary	0.00605083093410585
EMS_ecto_boundary_pos_pattern_27	EMS_ecto_boundary	0.0090771738688151
EMS_ecto_boundary_pos_pattern_28	EMS_ecto_boundary	0.00489374001820882
EMS_ecto_boundary_pos_pattern_29	EMS_ecto_boundary	0.00885951265375665
EMS_ecto_boundary_pos_pattern_3	EMS_ecto_boundary	0.00778805006051116
EMS_ecto_boundary_pos_pattern_30	EMS_ecto_boundary	0.00954404084578804
EMS_ecto_boundary_pos_pattern_31	EMS_ecto_boundary	0.0117259459062056
EMS_ecto_boundary_pos_pattern_32	EMS_ecto_boundary	0.00226364302080731
EMS_ecto_boundary_pos_pattern_33	EMS_ecto_boundary	0.00146566949239591
EMS_ecto_boundary_pos_pattern_34	EMS_ecto_boundary	0.0118261483999399
EMS_ecto_boundary_pos_pattern_35	EMS_ecto_boundary	0.0066938707905431
EMS_ecto_boundary_pos_pattern_36	EMS_ecto_boundary	0.0160598119099935
EMS_ecto_boundary_pos_pattern_37	EMS_ecto_boundary	0.0126934051513672
EMS_ecto_boundary_pos_pattern_38	EMS_ecto_boundary	0.0106683731079102
EMS_ecto_boundary_pos_pattern_39	EMS_ecto_boundary	0.00956821441650391
EMS_ecto_boundary_pos_pattern_4	EMS_ecto_boundary	0.0118368277580115
EMS_ecto_boundary_pos_pattern_40	EMS_ecto_boundary	0.00599797566731771
EMS_ecto_boundary_pos_pattern_41	EMS_ecto_boundary	0.00821035558527166
EMS_ecto_boundary_pos_pattern_42	EMS_ecto_boundary	0.00274440220424107
EMS_ecto_boundary_pos_pattern_43	EMS_ecto_boundary	0.00181307111467634
EMS_ecto_boundary_pos_pattern_44	EMS_ecto_boundary	0.00762194678896949
EMS_ecto_boundary_pos_pattern_45	EMS_ecto_boundary	0.0103333473205566
EMS_ecto_boundary_pos_pattern_5	EMS_ecto_boundary	0.0134242804874006
EMS_ecto_boundary_pos_pattern_6	EMS_ecto_boundary	0.00775478461438471
EMS_ecto_boundary_pos_pattern_7	EMS_ecto_boundary	0.011495887427198
EMS_ecto_boundary_pos_pattern_8	EMS_ecto_boundary	0.0112056817878713
EMS_ecto_boundary_pos_pattern_9	EMS_ecto_boundary	0.0121724374515096
EMS_ecto_boundary_neg_pattern_0	EMS_ecto_boundary	-0.00759200800478069
EMS_ecto_boundary_neg_pattern_1	EMS_ecto_boundary	-0.00634738262192609
EMS_ecto_boundary_neg_pattern_10	EMS_ecto_boundary	-0.00569176508320703
EMS_ecto_boundary_neg_pattern_11	EMS_ecto_boundary	-0.00868895559599906
EMS_ecto_boundary_neg_pattern_12	EMS_ecto_boundary	-0.00335409623065978
EMS_ecto_boundary_neg_pattern_13	EMS_ecto_boundary	-0.00810679073991447
EMS_ecto_boundary_neg_pattern_14	EMS_ecto_boundary	-0.00360011079094627
EMS_ecto_boundary_neg_pattern_15	EMS_ecto_boundary	-0.00659695450140505
EMS_ecto_boundary_neg_pattern_16	EMS_ecto_boundary	-0.00474483489990234
EMS_ecto_boundary_neg_pattern_17	EMS_ecto_boundary	0.00796816084120009
EMS_ecto_boundary_neg_pattern_18	EMS_ecto_boundary	0.00188725122383663
EMS_ecto_boundary_neg_pattern_19	EMS_ecto_boundary	-0.0045602662222726
EMS_ecto_boundary_neg_pattern_2	EMS_ecto_boundary	-0.00953608696613837
EMS_ecto_boundary_neg_pattern_3	EMS_ecto_boundary	-0.009201475717489
EMS_ecto_boundary_neg_pattern_4	EMS_ecto_boundary	-0.0111153546501608
EMS_ecto_boundary_neg_pattern_5	EMS_ecto_boundary	-0.0095307155208693
EMS_ecto_boundary_neg_pattern_6	EMS_ecto_boundary	-0.00876117020510556
EMS_ecto_boundary_neg_pattern_7	EMS_ecto_boundary	0.00332955519358317
EMS_ecto_boundary_neg_pattern_8	EMS_ecto_boundary	-0.0030503950001281
EMS_ecto_boundary_neg_pattern_9	EMS_ecto_boundary	-0.00577891031901042
cnidocyte_gastrula_pos_pattern_0	cnidocyte_gastrula	0.0204523542652959
cnidocyte_gastrula_pos_pattern_1	cnidocyte_gastrula	0.0138429872066178
cnidocyte_gastrula_pos_pattern_10	cnidocyte_gastrula	0.0126888989007961
cnidocyte_gastrula_pos_pattern_11	cnidocyte_gastrula	0.00596750236376636
cnidocyte_gastrula_pos_pattern_12	cnidocyte_gastrula	0.00691867635866395
cnidocyte_gastrula_pos_pattern_13	cnidocyte_gastrula	0.0113015592678532
cnidocyte_gastrula_pos_pattern_14	cnidocyte_gastrula	0.00531836831645601
cnidocyte_gastrula_pos_pattern_15	cnidocyte_gastrula	0.00748421582308683
cnidocyte_gastrula_pos_pattern_16	cnidocyte_gastrula	0.00795088423059342
cnidocyte_gastrula_pos_pattern_17	cnidocyte_gastrula	0.011076807975769
cnidocyte_gastrula_pos_pattern_18	cnidocyte_gastrula	0.00905728506875205
cnidocyte_gastrula_pos_pattern_19	cnidocyte_gastrula	0.000434336208161854
cnidocyte_gastrula_pos_pattern_2	cnidocyte_gastrula	0.0118597194252616
cnidocyte_gastrula_pos_pattern_20	cnidocyte_gastrula	0.00072755579088555
cnidocyte_gastrula_pos_pattern_21	cnidocyte_gastrula	0.00655987885621217
cnidocyte_gastrula_pos_pattern_22	cnidocyte_gastrula	0.00370324387842295
cnidocyte_gastrula_pos_pattern_23	cnidocyte_gastrula	0.0117667187219379
cnidocyte_gastrula_pos_pattern_24	cnidocyte_gastrula	0.00416721616472517
cnidocyte_gastrula_pos_pattern_25	cnidocyte_gastrula	0.0146662307112184
cnidocyte_gastrula_pos_pattern_26	cnidocyte_gastrula	0.010838130163768
cnidocyte_gastrula_pos_pattern_27	cnidocyte_gastrula	0.0105657269877772
cnidocyte_gastrula_pos_pattern_28	cnidocyte_gastrula	-0.00105487108230591
cnidocyte_gastrula_pos_pattern_29	cnidocyte_gastrula	0.000656427056701095
cnidocyte_gastrula_pos_pattern_3	cnidocyte_gastrula	0.0116498143936491
cnidocyte_gastrula_pos_pattern_30	cnidocyte_gastrula	0.0141086154513889
cnidocyte_gastrula_pos_pattern_31	cnidocyte_gastrula	0.0116512019459794
cnidocyte_gastrula_pos_pattern_32	cnidocyte_gastrula	0.000357780701074845
cnidocyte_gastrula_pos_pattern_33	cnidocyte_gastrula	0.000669784405652215
cnidocyte_gastrula_pos_pattern_34	cnidocyte_gastrula	0.0105886106137876
cnidocyte_gastrula_pos_pattern_35	cnidocyte_gastrula	0.00894691467285156
cnidocyte_gastrula_pos_pattern_36	cnidocyte_gastrula	-0.000696192617001741
cnidocyte_gastrula_pos_pattern_4	cnidocyte_gastrula	0.0136091385716214
cnidocyte_gastrula_pos_pattern_5	cnidocyte_gastrula	0.0149403955762119
cnidocyte_gastrula_pos_pattern_6	cnidocyte_gastrula	0.0130299129625307
cnidocyte_gastrula_pos_pattern_7	cnidocyte_gastrula	0.0122259766967208
cnidocyte_gastrula_pos_pattern_8	cnidocyte_gastrula	0.0111128091812134
cnidocyte_gastrula_pos_pattern_9	cnidocyte_gastrula	0.0163817723592122
cnidocyte_gastrula_neg_pattern_0	cnidocyte_gastrula	-0.00922306039558934
cnidocyte_gastrula_neg_pattern_1	cnidocyte_gastrula	-0.00793328250411653
cnidocyte_gastrula_neg_pattern_10	cnidocyte_gastrula	-0.00716983147387235
cnidocyte_gastrula_neg_pattern_11	cnidocyte_gastrula	-0.00837929304255996
cnidocyte_gastrula_neg_pattern_12	cnidocyte_gastrula	-0.0103017230366552
cnidocyte_gastrula_neg_pattern_13	cnidocyte_gastrula	-0.0080102773813101
cnidocyte_gastrula_neg_pattern_2	cnidocyte_gastrula	-0.0085877327691941
cnidocyte_gastrula_neg_pattern_3	cnidocyte_gastrula	-0.00858933178346549
cnidocyte_gastrula_neg_pattern_4	cnidocyte_gastrula	-0.0078702268347276
cnidocyte_gastrula_neg_pattern_5	cnidocyte_gastrula	-0.00832716623942057
cnidocyte_gastrula_neg_pattern_6	cnidocyte_gastrula	-0.00831289852366728
cnidocyte_gastrula_neg_pattern_7	cnidocyte_gastrula	-0.00429759575770452
cnidocyte_gastrula_neg_pattern_8	cnidocyte_gastrula	-0.00829963684082031
cnidocyte_gastrula_neg_pattern_9	cnidocyte_gastrula	-0.00738629987162928
gland_mucin_pos_pattern_0	gland_mucin	0.00910395131360371
gland_mucin_pos_pattern_1	gland_mucin	0.0082694087072228
gland_mucin_pos_pattern_10	gland_mucin	0.00404349676604405
gland_mucin_pos_pattern_11	gland_mucin	0.00800512020849935
gland_mucin_pos_pattern_12	gland_mucin	0.00775467562645785
gland_mucin_pos_pattern_13	gland_mucin	0.00743541595015355
gland_mucin_pos_pattern_14	gland_mucin	0.00377727475454799
gland_mucin_pos_pattern_15	gland_mucin	0.00582097789671305
gland_mucin_pos_pattern_16	gland_mucin	0.00601783672146818
gland_mucin_pos_pattern_17	gland_mucin	0.00447471053512008
gland_mucin_pos_pattern_18	gland_mucin	0.00345090505751697
gland_mucin_pos_pattern_19	gland_mucin	0.00719691883433949
gland_mucin_pos_pattern_2	gland_mucin	0.0117020263734224
gland_mucin_pos_pattern_20	gland_mucin	0.00375377598093517
gland_mucin_pos_pattern_21	gland_mucin	0.00812277877539919
gland_mucin_pos_pattern_22	gland_mucin	0.00467359874306656
gland_mucin_pos_pattern_23	gland_mucin	0.0048069673426011
gland_mucin_pos_pattern_24	gland_mucin	0.00744874136788504
gland_mucin_pos_pattern_25	gland_mucin	0.00846836302015517
gland_mucin_pos_pattern_26	gland_mucin	0.00346277190036461
gland_mucin_pos_pattern_27	gland_mucin	0.00453094199851707
gland_mucin_pos_pattern_28	gland_mucin	0.00710254669189453
gland_mucin_pos_pattern_29	gland_mucin	0.0130784949477838
gland_mucin_pos_pattern_3	gland_mucin	0.00964335143533122
gland_mucin_pos_pattern_30	gland_mucin	0.00832686216934867
gland_mucin_pos_pattern_31	gland_mucin	0.00341883371042651
gland_mucin_pos_pattern_32	gland_mucin	0.00147673653231727
gland_mucin_pos_pattern_33	gland_mucin	0.00585598415798611
gland_mucin_pos_pattern_34	gland_mucin	0.00522937196673769
gland_mucin_pos_pattern_35	gland_mucin	0.0017012899572199
gland_mucin_pos_pattern_36	gland_mucin	0.000817131996154785
gland_mucin_pos_pattern_37	gland_mucin	0.00318411418369838
gland_mucin_pos_pattern_38	gland_mucin	0.0043636957804362
gland_mucin_pos_pattern_4	gland_mucin	0.0116160768451113
gland_mucin_pos_pattern_5	gland_mucin	0.00984808295993497
gland_mucin_pos_pattern_6	gland_mucin	0.0156039762803268
gland_mucin_pos_pattern_7	gland_mucin	0.00500840767422605
gland_mucin_pos_pattern_8	gland_mucin	0.00681768374731413
gland_mucin_pos_pattern_9	gland_mucin	0.00645812086563195
gland_mucin_neg_pattern_0	gland_mucin	-0.00543448476508112
gland_mucin_neg_pattern_1	gland_mucin	-0.00730873383197588
gland_mucin_neg_pattern_10	gland_mucin	-0.00459818201740896
gland_mucin_neg_pattern_11	gland_mucin	-0.00487430552218823
gland_mucin_neg_pattern_12	gland_mucin	-0.00432131840632512
gland_mucin_neg_pattern_13	gland_mucin	-0.00499361069476018
gland_mucin_neg_pattern_14	gland_mucin	-0.00429939428965251
gland_mucin_neg_pattern_15	gland_mucin	-0.00507980126600999
gland_mucin_neg_pattern_16	gland_mucin	-0.00356388559528426
gland_mucin_neg_pattern_17	gland_mucin	-0.00598450899124146
gland_mucin_neg_pattern_18	gland_mucin	0.00938611281545539
gland_mucin_neg_pattern_19	gland_mucin	0.0109302379466869
gland_mucin_neg_pattern_2	gland_mucin	-0.0035507506930951
gland_mucin_neg_pattern_20	gland_mucin	-0.00376123648423415
gland_mucin_neg_pattern_21	gland_mucin	0.00859102995499321
gland_mucin_neg_pattern_3	gland_mucin	-0.00430678761466432
gland_mucin_neg_pattern_4	gland_mucin	-0.00400093455373505
gland_mucin_neg_pattern_5	gland_mucin	-0.00605015754699707
gland_mucin_neg_pattern_6	gland_mucin	-0.00675451600706423
gland_mucin_neg_pattern_7	gland_mucin	-0.00393506411848397
gland_mucin_neg_pattern_8	gland_mucin	-0.00698398021941489
gland_mucin_neg_pattern_9	gland_mucin	-0.00257583736449249
neuronal_pos_pattern_0	neuronal	0.00821064786238531
neuronal_pos_pattern_1	neuronal	0.0125369421867181
neuronal_pos_pattern_10	neuronal	0.00369391011040959
neuronal_pos_pattern_11	neuronal	0.00324971423522377
neuronal_pos_pattern_12	neuronal	0.00479305599609651
neuronal_pos_pattern_13	neuronal	0.00444220578484013
neuronal_pos_pattern_14	neuronal	0.00415511635749106
neuronal_pos_pattern_15	neuronal	0.0042705774307251
neuronal_pos_pattern_16	neuronal	0.00460550675332297
neuronal_pos_pattern_17	neuronal	0.00703983661557032
neuronal_pos_pattern_18	neuronal	0.00451995984389899
neuronal_pos_pattern_19	neuronal	0.00526855520145622
neuronal_pos_pattern_2	neuronal	0.00917552006215142
neuronal_pos_pattern_20	neuronal	0.00587764316134983
neuronal_pos_pattern_21	neuronal	0.00514183725629534
neuronal_pos_pattern_22	neuronal	0.00238650709718138
neuronal_pos_pattern_23	neuronal	0.00330129265785217
neuronal_pos_pattern_24	neuronal	0.00513434410095215
neuronal_pos_pattern_25	neuronal	0.00595852180763527
neuronal_pos_pattern_26	neuronal	-0.000547963519429052
neuronal_pos_pattern_27	neuronal	0.00537474950154622
neuronal_pos_pattern_28	neuronal	0.00785516809534144
neuronal_pos_pattern_29	neuronal	0.0113732020060221
neuronal_pos_pattern_3	neuronal	0.00657716640279996
neuronal_pos_pattern_4	neuronal	0.00951080568922147
neuronal_pos_pattern_5	neuronal	0.0101605040311157
neuronal_pos_pattern_6	neuronal	0.00607076631685786
neuronal_pos_pattern_7	neuronal	0.00368988374926954
neuronal_pos_pattern_8	neuronal	0.0038920907407954
neuronal_pos_pattern_9	neuronal	0.00362857058953961
neuronal_neg_pattern_0	neuronal	-0.00539684939159234
neuronal_neg_pattern_1	neuronal	-0.00570090634979471
neuronal_neg_pattern_10	neuronal	-0.00368739818704539
neuronal_neg_pattern_11	neuronal	-0.00706215908652858
neuronal_neg_pattern_12	neuronal	-0.00473430238921067
neuronal_neg_pattern_13	neuronal	-0.00532601096413352
neuronal_neg_pattern_14	neuronal	0.0135210037231445
neuronal_neg_pattern_2	neuronal	-0.0054863906488186
neuronal_neg_pattern_3	neuronal	-0.00370631941029283
neuronal_neg_pattern_4	neuronal	-0.00567722320556641
neuronal_neg_pattern_5	neuronal	-0.00532540646228162
neuronal_neg_pattern_6	neuronal	-0.00481585014698117
neuronal_neg_pattern_7	neuronal	-0.00500130653381348
neuronal_neg_pattern_8	neuronal	-0.00377746775180479
neuronal_neg_pattern_9	neuronal	-0.0050190764588195
NPC_pos_pattern_0	NPC	0.0110750414445984
NPC_pos_pattern_1	NPC	0.01458630369959
NPC_pos_pattern_10	NPC	0.009186868428963
NPC_pos_pattern_11	NPC	0.00765004849985856
NPC_pos_pattern_12	NPC	0.00850934994008513
NPC_pos_pattern_13	NPC	0.00668084109487709
NPC_pos_pattern_14	NPC	0.00833873098546808
NPC_pos_pattern_15	NPC	0.00494178913873258
NPC_pos_pattern_16	NPC	0.00512132353062252
NPC_pos_pattern_17	NPC	0.00744432098073516
NPC_pos_pattern_18	NPC	0.0100623975869175
NPC_pos_pattern_19	NPC	0.00155952470837437
NPC_pos_pattern_2	NPC	0.0149072304622498
NPC_pos_pattern_20	NPC	0.00808038711547852
NPC_pos_pattern_21	NPC	0.0064919345519122
NPC_pos_pattern_22	NPC	0.00987704207257527
NPC_pos_pattern_23	NPC	0.00344350700284921
NPC_pos_pattern_24	NPC	0.0050251054763794
NPC_pos_pattern_25	NPC	0.00652706623077393
NPC_pos_pattern_26	NPC	0.0107365793256617
NPC_pos_pattern_27	NPC	0.000492779271943229
NPC_pos_pattern_28	NPC	0.00676190411603009
NPC_pos_pattern_29	NPC	0.00297783102308001
NPC_pos_pattern_3	NPC	0.00882736103019523
NPC_pos_pattern_30	NPC	0.00825670932201629
NPC_pos_pattern_31	NPC	0.00728332705614043
NPC_pos_pattern_32	NPC	0.00671954032702324
NPC_pos_pattern_33	NPC	0.00840819222586496
NPC_pos_pattern_34	NPC	0.00752432206097771
NPC_pos_pattern_35	NPC	0.00839525110581342
NPC_pos_pattern_36	NPC	0.00908883412679037
NPC_pos_pattern_37	NPC	0.0130711259513066
NPC_pos_pattern_4	NPC	0.00713052134535628
NPC_pos_pattern_5	NPC	0.0130011448374022
NPC_pos_pattern_6	NPC	0.010903802188328
NPC_pos_pattern_7	NPC	0.00630841271565763
NPC_pos_pattern_8	NPC	0.0117865461551263
NPC_pos_pattern_9	NPC	0.00929768523643303
NPC_neg_pattern_0	NPC	-0.0100715358043483
NPC_neg_pattern_1	NPC	-0.00631547275025762
NPC_neg_pattern_10	NPC	-0.00496183000169359
NPC_neg_pattern_11	NPC	-0.00507845736966275
NPC_neg_pattern_12	NPC	-0.00676017932677537
NPC_neg_pattern_13	NPC	-0.00555274065803079
NPC_neg_pattern_14	NPC	-0.00576667087834056
NPC_neg_pattern_15	NPC	-0.00548453891978544
NPC_neg_pattern_16	NPC	-0.00310573123750233
NPC_neg_pattern_17	NPC	-0.00555294036865234
NPC_neg_pattern_18	NPC	-0.00243731432182844
NPC_neg_pattern_19	NPC	-0.00569849014282227
NPC_neg_pattern_2	NPC	-0.00671448261279778
NPC_neg_pattern_20	NPC	0.0144699944390191
NPC_neg_pattern_21	NPC	-0.00739383697509766
NPC_neg_pattern_3	NPC	-0.00787059362832602
NPC_neg_pattern_4	NPC	-0.00648087129464599
NPC_neg_pattern_5	NPC	-0.00588550065693102
NPC_neg_pattern_6	NPC	-0.00613765988573932
NPC_neg_pattern_7	NPC	-0.00616036879049765
NPC_neg_pattern_8	NPC	-0.00822033601648667
NPC_neg_pattern_9	NPC	-0.00525483168088473
